Date,Price,Open,High,Low,Vol.,Change %
8/10/2026,139.83,140.5,140.5,139.2,296.72K,-0.48%
8/9/2026,140.5,140.51,140.99,139.86,586.90K,0.26%
8/6/2026,140.13,139.33,141,139.2,4.89M,0.70%
8/5/2026,139.15,140.5,141,139.05,3.66M,-0.77%
8/4/2026,140.23,141,141,139.3,3.61M,-0.48%
8/3/2026,140.9,142,142.1,139.8,4.12M,-0.42%
8/2/2026,141.5,142.49,142.49,140.86,893.18K,0.35%
7/30/2026,141,139.75,141,138.4,2.00M,0.50%
7/29/2026,140.3,141.94,142.88,140.3,2.70M,-0.67%
7/28/2026,141.25,140.01,142.55,139.71,4.61M,0.89%
7/27/2026,140,139,141.4,138.5,2.70M,0.94%
7/26/2026,138.7,139,140.3,138.5,613.57K,-0.93%
7/22/2026,140,139.9,140.3,138.7,3.97M,0.02%
7/21/2026,139.97,137,140.4,136.7,7.84M,2.47%
7/20/2026,136.6,134.17,136.95,133.81,5.39M,1.94%
7/19/2026,134,135.01,135.5,132.81,1.42M,-1.33%
7/16/2026,135.8,135.04,135.85,134.8,1.68M,0.73%
7/15/2026,134.81,135.7,136.44,134.55,1.84M,-0.12%
7/14/2026,134.97,135.04,137.2,134.01,2.82M,-1.41%
7/13/2026,136.9,134.55,136.98,134.5,2.43M,1.77%
7/12/2026,134.52,134.52,135.7,134,954.22K,0.01%
7/9/2026,134.5,133,135,133,1.88M,1.13%
7/8/2026,133,136.9,136.9,133,3.47M,-3.05%
7/7/2026,137.18,134.7,137.98,133.52,4.06M,1.99%
7/6/2026,134.5,130,134.5,129.72,5.28M,3.69%
7/5/2026,129.71,129.51,130,128.41,1.24M,1.89%
7/1/2026,127.3,128.02,128.45,127.25,2.46M,-0.16%
6/30/2026,127.5,127.01,129.94,126.89,4.16M,0.48%
6/29/2026,126.89,130.11,130.3,126.21,5.23M,-2.26%
6/28/2026,129.82,132.5,133,129.8,1.93M,-2.02%
6/25/2026,132.5,132.2,133,131.95,2.28M,0.30%
6/24/2026,132.1,133.6,133.6,132,3.04M,-1.05%
6/23/2026,133.5,136,136.2,133.5,3.70M,-1.69%
6/22/2026,135.8,136.98,136.99,135.75,3.87M,-0.66%
6/21/2026,136.7,136.9,137.07,136.02,956.67K,-0.22%
6/17/2026,137,134,137,133.54,9.83M,2.70%
6/16/2026,133.4,134,134.2,133.03,3.58M,-1.00%
6/15/2026,134.75,135,136.1,134.6,6.19M,-0.01%
6/14/2026,134.76,134.5,135.7,134.5,4.25M,2.33%
6/11/2026,131.69,130.5,132.16,130,3.64M,0.49%
6/10/2026,131.05,132.95,133.5,131,4.18M,-1.44%
6/9/2026,132.97,130.7,132.98,130.7,3.60M,2.21%
6/8/2026,130.1,131.8,132.2,129.8,5.54M,-1.73%
6/7/2026,132.39,131.9,132.45,131.3,1.37M,-0.08%
6/4/2026,132.5,132.05,132.6,131.3,2.74M,0.49%
6/3/2026,131.85,133.01,133.69,131.8,2.55M,-0.53%
6/2/2026,132.55,132.05,133.8,132.05,5.26M,0.61%
6/1/2026,131.75,135,135.5,131.67,9.83M,-0.94%
5/25/2026,133,136.25,136.8,133,15.55M,-2.21%
5/24/2026,136,132.5,136.49,132.5,3.58M,3.42%
5/21/2026,131.5,132.23,132.96,131.5,1.73M,-0.17%
5/20/2026,131.72,133.6,134,131.54,4.26M,-1.34%
5/19/2026,133.51,132,133.69,132,3.76M,1.52%
5/18/2026,131.51,133.05,133.6,131.51,3.09M,-1.12%
5/17/2026,133,134.19,134.4,133,2.26M,-1.12%
5/14/2026,134.51,136.27,136.4,134.35,4.85M,-1.43%
5/13/2026,136.46,139.99,139.99,135.35,7.48M,-2.54%
5/12/2026,140.01,143.32,144,139.25,9.33M,-2.09%
5/11/2026,143,143.55,144.93,142.7,5.22M,-0.36%
5/10/2026,143.51,142,143.51,141.75,1.47M,1.35%
5/6/2026,141.6,139.1,143,139.05,6.70M,2.46%
5/5/2026,138.2,135.11,138.3,133.6,3.88M,2.29%
5/4/2026,135.11,137,137.74,135.1,1.31M,-0.65%
5/3/2026,136,135.26,136.9,134.9,1.42M,0.74%
4/30/2026,135,138,138,135,3.21M,-2.17%
4/29/2026,138,137.45,138,136.7,2.05M,0.65%
4/28/2026,137.11,140,140,137.11,3.27M,-1.36%
4/27/2026,139,137.7,140.7,137.7,3.22M,1.02%
4/26/2026,137.6,138.1,138.25,137.1,733.37K,-0.29%
4/23/2026,138,136.34,139.1,136,2.95M,1.26%
4/22/2026,136.28,139.1,139.5,136.28,2.74M,-1.96%
4/21/2026,139,139.75,139.98,138.43,2.61M,-0.50%
4/20/2026,139.7,141.28,141.28,137.5,4.31M,-1.62%
4/19/2026,142,142.05,144,142,2.20M,1.43%
4/16/2026,140,138,140,138,12.29M,1.82%
4/15/2026,137.5,134.5,137.5,134.2,8.96M,2.62%
4/14/2026,133.99,130.12,134,130.12,4.80M,3.55%
4/12/2026,129.4,127.75,129.4,129.4,5.91M,0.00%
4/9/2026,129.4,127.45,130.98,126.4,5.91M,1.29%
4/8/2026,127.75,126.01,128.17,125.43,6.67M,4.71%
4/7/2026,122,122.5,123.5,122,4.58M,-4.51%
4/6/2026,127.76,127,128.5,126.4,3.13M,0.68%
4/5/2026,126.9,124.94,127,124.35,1.78M,2.34%
4/2/2026,124,123.46,125,122.1,2.44M,-0.63%
4/1/2026,124.79,125,126.3,123.21,7.53M,3.13%
3/31/2026,121,119.8,123.55,119.7,6.24M,1.01%
3/30/2026,119.79,123.8,124.7,119.5,5.40M,-3.08%
3/29/2026,123.6,124.21,124.68,123.15,1.42M,-1.12%
3/26/2026,125,126.29,126.4,125,3.35M,-0.79%
3/25/2026,126,124.5,127.58,124.3,6.41M,1.53%
3/24/2026,124.1,127.5,127.99,124.1,9.11M,-4.32%
3/18/2026,129.7,121.5,129.7,121.3,10.02M,8.53%
3/17/2026,119.51,117.7,121,117.7,3.92M,1.97%
3/16/2026,117.2,120.7,121.28,116.5,5.37M,-1.35%
3/15/2026,118.8,122.02,122.85,118.3,2.27M,-2.62%
3/12/2026,122,125.98,126.5,122,3.47M,-2.63%
3/11/2026,125.3,129.55,129.99,124.98,5.66M,-3.24%
3/10/2026,129.5,125,129.5,123.6,3.24M,5.28%
3/9/2026,123,122,123.2,118.04,3.50M,0.89%
3/8/2026,121.91,124.99,125.2,121.5,2.13M,-3.25%
3/5/2026,126,123.5,127.02,122.5,6.55M,3.70%
3/4/2026,121.5,123.9,124,111,6.59M,-1.94%
3/3/2026,123.9,127.9,127.98,123.56,9.89M,-3.39%
3/2/2026,128.25,130.01,131,127.95,4.63M,-1.35%
3/1/2026,130,127.1,130.59,127.05,4.04M,-2.62%
2/26/2026,133.5,132.06,133.5,130.01,8.84M,1.10%
2/25/2026,132.05,137.66,138.36,130.02,4.57M,-4.00%
2/24/2026,137.55,139.4,140.78,137.55,3.97M,-1.32%
2/23/2026,139.39,135.02,139.39,134.85,3.79M,3.25%
2/22/2026,135,138.13,139.89,134.5,1.82M,-2.17%
2/19/2026,138,140.75,141.94,137.11,2.95M,-1.95%
2/18/2026,140.74,141.69,141.99,139.49,3.32M,-0.67%
2/17/2026,141.69,141.06,143,140.7,2.23M,0.81%
2/16/2026,140.55,143.2,145.01,140.25,3.05M,-1.71%
2/15/2026,142.99,137.88,143.95,137.12,2.72M,3.71%
2/12/2026,137.87,134.39,137.87,134,4.76M,2.89%
2/11/2026,134,137.31,137.87,134,4.15M,-1.90%
2/10/2026,136.6,137.75,140.2,136.6,6.74M,0.44%
2/9/2026,136,137.1,137.99,134.95,9.38M,0.00%
2/8/2026,136,138.5,138.97,136,1.03M,-0.91%
2/5/2026,137.25,137,138.99,136.6,10.15M,0.55%
2/4/2026,136.5,133.49,136.92,133.1,7.91M,2.63%
2/3/2026,133,129.3,134,129.03,13.40M,2.86%
2/2/2026,129.3,132,132.3,127.11,4.42M,-1.67%
2/1/2026,131.5,133,134.05,130.51,3.10M,-1.87%
1/28/2026,134,133.05,135,132.9,5.65M,0.87%
1/27/2026,132.85,131.3,133.74,131.3,4.37M,1.43%
1/26/2026,130.98,129,132.69,128.92,3.60M,1.61%
1/25/2026,128.9,128.02,129.8,127.8,1.29M,0.91%
1/22/2026,127.74,127.51,129.3,127,4.64M,0.58%
1/21/2026,127,126.7,127.5,125,3.06M,0.24%
1/20/2026,126.7,125.03,127,124.8,3.93M,1.44%
1/19/2026,124.9,124,125.4,123.4,2.14M,1.50%
1/18/2026,123.05,123,124.99,122.22,1.53M,1.10%
1/15/2026,121.71,118,125.8,117.8,9.09M,3.36%
1/14/2026,117.75,120,120.5,115.1,3.45M,-2.14%
1/13/2026,120.33,118,122.8,117.8,7.08M,4.54%
1/12/2026,115.1,109.45,115.1,108,5.89M,6.11%
1/11/2026,108.47,108,110.25,107.65,4.40M,4.00%
1/8/2026,104.3,103.41,105.58,103.4,3.73M,1.25%
1/6/2026,103.01,101.02,103.01,100.31,2.41M,1.99%
1/5/2026,101,101.45,101.89,98.3,2.96M,0.48%
1/4/2026,100.52,103.98,103.98,100.52,915.46K,-2.41%
12/31/2025,103,103,104.1,103,1.15M,0.00%
12/30/2025,103,103.91,104,102.7,975.94K,-0.89%
12/29/2025,103.92,103.75,103.99,102.5,1.36M,0.41%
12/28/2025,103.5,103.8,104.3,103.01,371.57K,0.49%
12/25/2025,103,104.88,104.9,102.31,900.61K,-1.79%
12/24/2025,104.88,103.94,104.98,103.01,1.45M,0.89%
12/23/2025,103.95,102.01,103.95,101.27,2.04M,2.11%
12/22/2025,101.8,104.27,105.49,101.8,3.11M,-2.35%
12/21/2025,104.25,101.94,104.25,101.7,13.46M,3.19%
12/18/2025,101.03,103.8,104.98,101.03,7.34M,-2.67%
12/17/2025,103.8,107.91,109,103.8,4.04M,-2.83%
12/16/2025,106.82,109,109,106.36,2.68M,-0.51%
12/15/2025,107.36,106.36,109.09,106,12.17M,1.37%
12/14/2025,105.91,106.35,106.58,105.45,1.12M,-0.25%
12/11/2025,106.17,106.18,106.64,104.64,2.31M,0.15%
12/10/2025,106.02,106.68,107.09,105.84,1.41M,-0.64%
12/9/2025,106.7,107.27,107.71,106.2,1.99M,-0.37%
12/8/2025,107.09,105.65,107.14,105.65,2.51M,1.38%
12/7/2025,105.64,106.59,107.18,105.36,970.69K,-0.51%
12/4/2025,106.18,104.57,107.48,104.57,3.53M,1.57%
12/3/2025,104.54,99.64,105.91,99.27,5.28M,4.77%
12/2/2025,99.77,98.18,99.97,98.18,2.56M,1.82%
12/1/2025,97.99,97.97,98.18,97.27,1.87M,0.08%
11/30/2025,97.91,97.81,98.17,97.27,1.36M,0.17%
11/27/2025,97.75,96.36,97.95,96.25,1.33M,1.63%
11/26/2025,96.18,98.1,98.18,95.45,1.51M,-1.89%
11/25/2025,98.04,95.46,98.18,95.45,2.94M,3.19%
11/24/2025,95.01,96.87,97.64,95.01,8.58M,-1.91%
11/23/2025,96.86,96.45,97.95,96.39,1.53M,0.50%
11/20/2025,96.38,97.26,97.26,96.38,2.58M,-0.45%
11/19/2025,96.82,97.35,98.05,96.75,2.59M,-0.47%
11/18/2025,97.27,98.64,99.55,97.03,2.28M,-1.34%
11/17/2025,98.59,100,100,97.82,4.10M,-1.39%
11/16/2025,99.98,98.79,100,98.79,1.17M,1.36%
11/13/2025,98.64,100.45,100.45,98.64,1.76M,-1.71%
11/12/2025,100.35,100.18,101.18,99.84,3.48M,0.17%
11/11/2025,100.18,100.1,101.45,99.64,4.42M,0.08%
11/10/2025,100.1,101.37,101.55,99.32,3.60M,-1.25%
11/9/2025,101.36,100,101.55,99.37,1.62M,2.28%
11/6/2025,99.1,97.14,100,96.82,6.03M,1.97%
11/5/2025,97.18,97.27,97.73,95.91,1.71M,-0.09%
11/4/2025,97.27,97.28,98.45,96.36,5.51M,0.95%
11/3/2025,96.35,94.65,96.35,94.15,2.22M,1.91%
11/2/2025,94.55,95.45,96.08,94.55,1.14M,-1.41%
10/30/2025,95.9,95.45,95.9,94.55,1.81M,0.89%
10/29/2025,95.05,95.95,96.36,94.55,1.47M,-0.80%
10/28/2025,95.82,95.3,96.18,95.01,1.87M,0.61%
10/27/2025,95.24,95.45,96.55,94.59,2.33M,-0.23%
10/26/2025,95.45,94.55,95.6,94.41,1.41M,1.09%
10/23/2025,94.43,95.45,95.45,93.64,1.23M,-0.28%
10/22/2025,94.69,94.77,95.47,94.64,2.16M,0.09%
10/21/2025,94.61,96.36,96.53,94.55,1.72M,-1.18%
10/20/2025,95.74,95.7,97.41,95.52,10.61M,0.25%
10/19/2025,95.5,95.75,96.36,95.05,374.57K,-0.19%
10/16/2025,95.68,96.32,96.82,95.68,2.91M,-0.71%
10/15/2025,96.36,95.45,96.36,95.06,1.15M,1.39%
10/14/2025,95.05,94.73,95.82,94.73,952.96K,0.42%
10/13/2025,94.65,94.77,96.09,94.65,4.35M,0.06%
10/12/2025,94.59,96.27,96.27,94.59,1.55M,-1.75%
10/8/2025,96.27,95,96.27,94.55,870.16K,0.86%
10/7/2025,95.45,95.05,95.91,94.55,737.71K,0.43%
10/6/2025,95.05,95.5,96,94.36,2.48M,-0.48%
10/5/2025,95.5,93.9,96.27,93.65,1.77M,1.70%
10/2/2025,93.9,92.87,94,92.73,1.30M,1.25%
10/1/2025,92.74,91.77,93.82,91.18,2.53M,1.00%
9/30/2025,91.82,90.19,91.82,90.05,4.49M,1.25%
9/29/2025,90.68,90.45,90.82,89.64,2.85M,0.35%
9/28/2025,90.36,89.04,90.91,88.64,1.90M,1.95%
9/25/2025,88.64,89.55,90,88.64,1.48M,-1.27%
9/24/2025,89.77,87.26,90,87.01,2.00M,3.18%
9/23/2025,87.01,87.72,87.77,86.7,1.31M,-0.30%
9/22/2025,87.27,88.27,88.77,86.35,4.38M,-1.03%
9/21/2025,88.18,90,90,88.18,717.15K,-2.00%
9/18/2025,89.98,89.36,90.09,88.91,3.82M,0.59%
9/17/2025,89.45,88.81,89.73,88.19,2.43M,1.43%
9/16/2025,88.19,89.09,89.73,88.19,3.53M,-0.95%
9/15/2025,89.04,87.74,89.08,87.73,2.62M,1.49%
9/14/2025,87.73,87.25,88.18,87.25,1.26M,0.53%
9/11/2025,87.26,86.36,87.27,85.51,1.30M,1.17%
9/10/2025,86.25,85.45,86.55,84.64,1.00M,0.94%
9/9/2025,85.45,87.18,87.45,84.82,2.99M,-1.96%
9/8/2025,87.16,86,87.25,85.6,5.12M,1.89%
9/7/2025,85.55,87.27,87.49,85.55,441.94K,-1.98%
9/3/2025,87.27,87.27,87.27,86.64,1.85M,0.00%
9/2/2025,87.27,86.82,87.27,86,1.62M,1.04%
9/1/2025,86.37,87.77,88.18,85.73,7.14M,-1.55%
8/31/2025,87.74,88.32,88.75,87.26,753.63K,-0.64%
8/28/2025,88.3,89.08,89.98,88.18,1.57M,-0.88%
8/27/2025,89.08,88.38,89.18,87.82,1.48M,1.02%
8/26/2025,88.18,90.08,90.91,88.18,14.11M,-2.04%
8/25/2025,90.02,89.56,90.36,89.56,763.98K,0.52%
8/24/2025,89.55,90,90.45,89.3,709.29K,-0.49%
8/21/2025,90,90.45,91.09,90,1.98M,-0.51%
8/20/2025,90.46,91.8,91.92,90.09,2.00M,-1.46%
8/19/2025,91.8,90.92,91.83,90.74,5.46M,1.39%
8/18/2025,90.55,90.9,92.27,90.55,5.62M,-0.40%
8/17/2025,90.91,89.43,90.91,89.27,458.21K,1.73%
8/14/2025,89.36,90.75,90.75,89.36,1.32M,-1.55%
8/13/2025,90.77,90.45,90.82,89.82,1.71M,0.35%
8/12/2025,90.45,90.73,90.73,89.19,1.55M,0.51%
8/11/2025,90,90.98,91.72,89.83,5.01M,-1.01%
8/10/2025,90.92,90.91,92.73,90.5,1.21M,-0.09%
8/7/2025,91,90.45,91.73,90.3,2.74M,0.60%
8/6/2025,90.45,89,90.73,89,2.34M,1.63%
8/5/2025,89,86.92,89,86.92,6.89M,2.41%
8/4/2025,86.91,85,87.18,84.95,2.13M,2.25%
8/3/2025,85,85.45,85.64,84.33,552.05K,-0.64%
7/31/2025,85.55,85.45,86.55,85.45,2.03M,-0.21%
7/30/2025,85.73,85.17,86.35,85.17,3.19M,0.64%
7/29/2025,85.18,86.27,86.64,85.18,5.31M,-1.26%
7/28/2025,86.27,86.35,86.36,85.86,5.89M,-0.09%
7/27/2025,86.35,83.64,86.35,83.18,2.72M,3.25%
7/23/2025,83.64,82.36,83.64,81.36,1.31M,1.55%
7/22/2025,82.36,83.16,83.18,82.28,1.95M,-0.98%
7/21/2025,83.18,81.82,83.18,81.82,4.06M,1.67%
7/20/2025,81.82,81.36,82.58,80.91,1.26M,0.02%
7/17/2025,81.8,79.96,81.82,79.59,3.02M,2.27%
7/16/2025,79.98,80.8,81.8,79.64,2.04M,-1.15%
7/15/2025,80.91,79.07,80.91,78.31,3.33M,2.30%
7/14/2025,79.09,76.46,79.14,76.18,4.87M,3.42%
7/13/2025,76.47,77.18,77.21,76.37,525.77K,-0.97%
7/10/2025,77.22,76.36,77.22,76,2.23M,1.12%
7/9/2025,76.36,75.95,77,75.95,1.96M,0.57%
7/7/2025,75.93,75.75,76.36,75.55,1.21M,0.26%
7/6/2025,75.73,76.72,76.72,75.73,976.20K,-1.35%
7/2/2025,76.76,77.24,77.27,75.91,2.03M,-0.61%
7/1/2025,77.24,76.68,77.24,76.44,986.77K,0.78%
6/30/2025,76.64,77.09,77.68,76.36,5.54M,-0.75%
6/29/2025,77.22,76.37,77.55,76.37,3.02M,1.24%
6/25/2025,76.27,75,76.27,74.55,2.45M,1.33%
6/24/2025,75.27,73.18,75.27,73.18,4.40M,4.65%
6/23/2025,71.93,72.55,72.8,71.85,1.30M,-0.85%
6/22/2025,72.55,70.91,72.64,70.29,1.77M,1.50%
6/19/2025,71.47,72.73,72.73,71.47,9.23M,-1.74%
6/18/2025,72.74,72,72.86,71.26,1.51M,0.26%
6/17/2025,72.55,71.91,72.64,71.36,3.09M,0.88%
6/16/2025,71.91,70.91,72.73,70.91,4.27M,1.41%
6/15/2025,70.91,71.15,71.36,70.03,3.58M,-4.29%
6/12/2025,74.09,74.91,75,73.86,1.98M,-1.27%
6/11/2025,75.05,73.64,75.05,73.64,3.36M,2.04%
6/10/2025,73.55,73.65,74.35,73.55,13.38M,-1.21%
6/4/2025,74.45,73.55,74.45,73.19,2.47M,1.10%
6/3/2025,73.64,73.05,73.75,73.05,2.03M,0.80%
6/2/2025,73.05,73.27,73.43,72.92,2.97M,-0.36%
6/1/2025,73.32,74.27,74.45,73.18,3.88M,-2.66%
5/29/2025,75.32,74,75.32,73.73,8.60M,1.78%
5/28/2025,74,73.85,74.18,73.5,1.32M,0.18%
5/27/2025,73.86,72.64,73.86,72.57,826.62K,1.69%
5/26/2025,72.64,72.74,73.07,72.64,1.51M,0.00%
5/25/2025,72.64,72.64,73,72.64,1.87M,0.00%
5/22/2025,72.64,72.83,73.18,72.57,1.18M,-0.26%
5/21/2025,72.83,73.54,73.54,72.46,2.14M,0.43%
5/20/2025,72.52,72.09,73.17,72.09,4.52M,0.59%
5/19/2025,72.09,73.35,73.64,72.01,2.99M,-1.71%
5/18/2025,73.35,73.82,74.08,72.91,1.14M,-0.64%
5/15/2025,73.82,73.99,74.1,73.41,3.40M,-0.23%
5/14/2025,73.99,72.74,73.99,72.73,2.50M,1.74%
5/13/2025,72.73,72.29,73.27,72.29,2.63M,0.69%
5/12/2025,72.23,72,73.64,72,5.30M,1.08%
5/11/2025,71.45,72.74,73.18,71.45,1.94M,-1.57%
5/8/2025,72.59,72.75,73.64,72.55,892.63K,-0.19%
5/7/2025,72.73,74.36,74.73,72.73,1.90M,-2.31%
5/6/2025,74.45,73.49,74.76,73,2.55M,1.26%
5/5/2025,73.52,73.41,74.08,73.27,2.71M,0.21%
5/4/2025,73.36,73.61,73.86,73.18,861.47K,-0.33%
4/30/2025,73.61,72.73,73.61,72.55,2.09M,1.26%
4/29/2025,72.69,72.78,73.46,72.69,865.51K,-0.67%
4/28/2025,73.18,72.65,73.27,72.41,5.35M,0.73%
4/27/2025,72.65,72.23,72.9,72.18,1.78M,0.54%
4/23/2025,72.26,70.24,72.26,70.06,2.84M,2.89%
4/22/2025,70.24,70.81,70.86,69.83,1.24M,-0.57%
4/17/2025,70.64,70.18,70.84,70,2.29M,0.91%
4/16/2025,70,69.78,70.25,69.31,1.23M,0.26%
4/15/2025,69.82,70.27,70.62,69.82,2.04M,-0.52%
4/14/2025,70.18,71.37,71.82,70.18,1.01M,-1.66%
4/13/2025,71.36,71.63,71.64,70.64,785.93K,-0.62%
4/10/2025,71.81,69.94,71.81,69.11,2.01M,3.93%
4/9/2025,69.09,69.64,69.95,68.45,1.24M,-0.55%
4/8/2025,69.47,69.84,70.51,69.45,2.29M,-2.21%
4/7/2025,71.05,71.18,72.27,70.32,2.76M,-0.57%
4/6/2025,71.45,70.73,72.45,70.27,1.28M,-1.38%
4/3/2025,72.45,74.55,74.89,72.45,1.99M,-3.34%
3/27/2025,74.95,74.55,74.95,74.12,1.99M,0.67%
3/26/2025,74.45,74.28,74.82,73.45,2.15M,0.23%
3/25/2025,74.28,74.27,75,74.1,1.58M,-0.23%
3/24/2025,74.45,74.36,75.14,74.09,1.96M,0.13%
3/23/2025,74.35,72.35,74.55,71.91,2.38M,3.66%
3/20/2025,71.73,71,72.73,70.91,6.10M,1.02%
3/19/2025,71,70.91,71,70.6,969.92K,0.13%
3/18/2025,70.91,70.77,70.91,70.46,1.38M,0.09%
3/17/2025,70.85,69.77,70.99,69.47,1.98M,1.59%
3/16/2025,69.74,70.18,70.36,69.55,1.02M,-0.44%
3/13/2025,70.05,70.02,70.36,69.93,3.41M,0.06%
3/12/2025,70,70.19,70.22,69.9,2.26M,-0.25%
3/11/2025,70.17,70.45,70.82,69.84,654.51K,-0.91%
3/10/2025,70.82,70.74,70.96,70.46,3.30M,0.12%
3/9/2025,70.74,70.45,70.91,70.27,1.69M,0.40%
3/6/2025,70.45,70.45,70.7,70.01,1.01M,0.00%
3/5/2025,70.45,69.41,70.64,69.37,2.10M,1.64%
3/4/2025,69.32,70.14,70.5,69.32,1.47M,-1.12%
3/3/2025,70.1,69.64,70.64,69.45,3.55M,0.80%
3/2/2025,69.55,68.89,69.63,68.89,1.15M,1.06%
2/27/2025,68.82,70,70.17,68.82,5.77M,-1.06%
2/26/2025,69.55,70.55,71.05,69.55,3.00M,-1.40%
2/25/2025,70.55,72.4,72.4,70.48,2.74M,-2.56%
2/24/2025,72.4,72.55,72.55,71.7,2.09M,-0.13%
2/23/2025,72.49,72,72.54,71.64,785.94K,0.94%
2/20/2025,71.82,72.73,72.86,71.45,2.08M,-1.21%
2/19/2025,72.7,72.72,73.09,72.38,2.60M,0.91%
2/18/2025,72.05,72.46,72.73,71.82,1.77M,-0.56%
2/17/2025,72.45,71.65,72.73,71.42,2.92M,1.52%
2/16/2025,71.37,70.89,72,70.45,743.18K,0.67%
2/13/2025,70.9,70.45,70.91,70.02,1.27M,0.50%
2/12/2025,70.55,70,70.63,69.36,3.71M,0.51%
2/11/2025,70.19,70.05,70.68,69.95,1.89M,0.21%
2/10/2025,70.05,70.36,71.45,70.02,1.01M,-0.50%
2/9/2025,70.4,70.91,71,69.73,328.05K,-0.72%
2/6/2025,70.91,70.45,70.91,70,934.07K,0.65%
2/5/2025,70.45,69.64,70.45,69.36,2.05M,1.23%
2/4/2025,69.6,69.72,70.45,69.55,1.44M,-0.17%
2/3/2025,69.72,69.41,69.96,69.41,2.05M,0.45%
2/2/2025,69.41,69.89,70.17,69.37,621.82K,0.20%
1/30/2025,69.27,69.46,70.45,69.22,2.20M,0.12%
1/29/2025,69.19,69.41,70,69.09,1.64M,-0.31%
1/28/2025,69.41,69.77,70.06,69,2.37M,-0.20%
1/27/2025,69.55,70.38,70.59,69.41,1.19M,-0.80%
1/26/2025,70.11,69.91,70.91,69.54,1.38M,0.82%
1/23/2025,69.54,69.28,70.12,69.01,1.22M,0.45%
1/22/2025,69.23,69.55,70.45,69.23,1.91M,-0.33%
1/21/2025,69.45,69,69.72,69,758.13K,0.78%
1/20/2025,68.92,69.56,70,68.87,2.02M,-0.88%
1/19/2025,69.53,69.82,69.98,69.09,515.54K,0.24%
1/16/2025,69.36,68.73,69.91,68.64,2.35M,1.06%
1/15/2025,68.64,68.22,69.17,67.73,2.35M,0.67%
1/14/2025,68.18,66.36,69.03,66.36,2.39M,1.76%
1/13/2025,67,69.55,70.25,67,5.78M,-3.36%
1/12/2025,69.33,70.45,70.63,69.12,2.07M,-1.60%
1/9/2025,70.45,72.01,72.5,70.45,633.27K,-2.02%
1/8/2025,71.91,71.72,72.54,71.27,2.98M,0.32%
1/6/2025,71.68,71.82,72.18,71.42,1.09M,-0.23%
1/5/2025,71.85,71.95,72.27,71.82,856.27K,-0.10%
1/2/2025,71.92,71.55,72.26,71.46,923.46K,0.78%
12/31/2024,71.36,71.75,72.35,71.28,2.84M,-0.14%
12/30/2024,71.46,72.18,72.73,71.36,2.93M,-0.56%
12/29/2024,71.86,73.54,74.08,71.86,1.26M,-2.27%
12/26/2024,73.54,74.22,74.55,73.51,1.66M,-0.87%
12/25/2024,74.18,74.1,74.64,73.83,531.92K,0.18%
12/24/2024,74.05,75.13,75.64,73.82,3.46M,-1.39%
12/23/2024,75.09,76.07,76.07,75.09,3.56M,-1.11%
12/22/2024,75.94,76.27,76.36,75.5,1.36M,-0.55%
12/19/2024,76.35,75.55,76.35,74.56,9.74M,1.07%
12/18/2024,75.55,74.82,76.36,74.82,2.83M,1.30%
12/17/2024,74.57,76.09,76.09,74.57,1.38M,-2.00%
12/16/2024,76.09,75.91,76.19,75.73,4.35M,0.25%
12/15/2024,75.9,75.45,76.09,75.09,1.38M,0.60%
12/12/2024,75.45,74.55,75.65,74.45,4.17M,1.22%
12/11/2024,74.54,73.64,74.97,73.64,2.26M,1.47%
12/10/2024,73.45,74.58,74.99,73.45,1.05M,-1.46%
12/9/2024,74.55,75,75.09,74.55,2.52M,-0.24%
12/8/2024,74.73,74.55,75.36,74.55,783.73K,0.24%
12/5/2024,74.55,74.97,75.4,74.55,3.87M,-0.36%
12/4/2024,74.82,74.85,75.09,74.55,1.83M,-0.06%
12/3/2024,74.86,74.09,75,73.65,7.78M,1.06%
12/2/2024,74.08,73.85,74.55,73.45,4.83M,0.31%
12/1/2024,73.85,73.63,73.98,73.1,1.75M,-0.20%
11/28/2024,74,71.45,74,71.25,2.60M,3.56%
11/27/2024,71.45,72.73,72.73,71.45,2.42M,-1.75%
11/26/2024,72.73,72.23,72.73,72.08,1.35M,0.95%
11/25/2024,72.05,72.63,73.18,72.05,7.64M,-0.75%
11/24/2024,72.59,72.64,72.95,72.55,1.85M,0.05%
11/21/2024,72.55,72.82,73.18,72.55,2.40M,-0.24%
11/20/2024,72.73,73.17,73.17,72.28,3.03M,-0.25%
11/19/2024,72.91,73.91,74.09,72.91,1.06M,-1.01%
11/18/2024,73.65,74.33,74.65,73.65,1.19M,-0.86%
11/17/2024,74.29,75.15,75.4,74.28,759.56K,-1.09%
11/14/2024,75.11,75.04,75.73,75,2.89M,0.15%
11/13/2024,75,74.63,75.44,74.63,2.83M,0.55%
11/12/2024,74.59,75,75.25,74.51,1.90M,-0.50%
11/11/2024,74.96,74.68,75.45,74.55,4.65M,0.43%
11/10/2024,74.65,73.68,74.77,73.68,2.03M,1.36%
11/7/2024,73.65,73.73,74.1,73.5,4.15M,0.01%
11/6/2024,73.64,73.55,74.18,73.37,1.65M,0.37%
11/5/2024,73.36,73.53,73.73,73.09,3.19M,0.62%
11/4/2024,72.91,74.54,74.55,72.82,6.09M,-1.00%
11/3/2024,73.65,73.03,73.95,73.03,1.43M,1.26%
10/31/2024,72.73,72.49,73.73,72.49,5.82M,0.33%
10/30/2024,72.49,72.73,73.32,72.27,3.85M,-0.30%
10/29/2024,72.71,73.64,73.82,72.45,3.00M,-1.12%
10/28/2024,73.54,73.55,74.27,72.73,11.47M,-0.01%
10/27/2024,73.55,71.76,73.82,71.76,2.48M,2.53%
10/24/2024,71.73,71.51,72.27,71.27,2.36M,0.31%
10/23/2024,71.51,72.27,72.72,71.45,1.84M,-0.81%
10/22/2024,72.09,72.23,72.73,71.36,3.91M,-0.25%
10/21/2024,72.27,69.75,72.27,69.09,2.55M,3.91%
10/20/2024,69.55,72.05,72.06,69.55,1.50M,-3.15%
10/17/2024,71.82,72.45,72.86,71.82,1.83M,-0.77%
10/16/2024,72.37,72.74,73.64,72.32,4.07M,-0.43%
10/15/2024,72.68,73.65,73.73,72.11,5.79M,-1.03%
10/14/2024,73.44,73.09,73.55,72.06,2.33M,0.98%
10/13/2024,72.73,73.75,74.53,71.83,2.98M,-1.25%
10/10/2024,73.65,75.05,75.41,73.65,5.19M,-1.81%
10/9/2024,75,76,76.36,74.19,3.05M,-1.20%
10/8/2024,75.91,77.09,77.54,74.8,5.68M,-1.76%
10/7/2024,77.27,77.3,78.07,76.95,4.29M,0.00%
10/3/2024,77.27,77.82,78.11,77.27,1.94M,-0.69%
10/2/2024,77.81,78.15,78.41,77.2,2.27M,-0.88%
10/1/2024,78.5,77.27,78.58,70.29,9.99M,2.19%
9/30/2024,76.82,77.57,78.18,76.82,5.41M,-0.59%
9/29/2024,77.27,77.67,77.86,77.27,1.42M,-0.47%
9/26/2024,77.64,77.73,78.14,77.33,2.59M,0.05%
9/25/2024,77.6,77.36,77.61,76.82,4.09M,0.42%
9/24/2024,77.27,77.86,78.18,77.27,2.78M,-0.64%
9/23/2024,77.77,77.99,78.64,77.73,3.90M,0.11%
9/22/2024,77.69,78.82,79.15,77.43,4.01M,-1.54%
9/19/2024,78.91,77.64,78.91,77.28,5.65M,1.82%
9/18/2024,77.5,77.71,77.91,77.27,2.34M,0.29%
9/17/2024,77.27,77.64,78.09,77.27,3.79M,-0.54%
9/16/2024,77.69,78.32,79.15,77.59,2.10M,-0.97%
9/12/2024,78.45,77.68,78.64,77.1,3.55M,1.05%
9/11/2024,77.64,77.73,78.09,77,2.20M,-0.12%
9/10/2024,77.73,77.73,78.13,77.27,2.98M,0.00%
9/9/2024,77.73,77.68,78.06,77.09,4.28M,0.46%
9/8/2024,77.37,79.45,79.55,77.27,2.49M,-2.62%
9/5/2024,79.45,79.09,79.55,78.82,2.67M,0.46%
9/4/2024,79.09,79.05,79.52,78.18,2.42M,0.08%
9/3/2024,79.03,78.87,79.03,77.64,3.71M,0.92%
9/2/2024,78.31,78.82,79.72,78.22,2.86M,-0.46%
9/1/2024,78.67,79.2,79.95,78.38,1.30M,-0.62%
8/29/2024,79.16,80.1,80.8,79.16,8.91M,-1.60%
8/28/2024,80.45,80.14,80.9,80.09,2.03M,0.40%
8/27/2024,80.14,79.73,81.55,79.45,4.70M,0.18%
8/26/2024,79.99,79.84,80.34,79.18,3.65M,0.19%
8/25/2024,79.84,80.72,80.72,79.73,1.07M,-1.09%
8/22/2024,80.72,79.09,80.72,78.2,5.72M,2.06%
8/21/2024,79.09,78.54,79.09,78.28,3.29M,0.71%
8/20/2024,78.54,76.36,78.63,76.28,3.80M,2.82%
8/19/2024,76.38,76.82,77,76.38,2.48M,-0.92%
8/18/2024,77.09,77.27,77.27,76.4,532.71K,-0.24%
8/15/2024,77.27,76.36,77.27,76.36,4.58M,1.19%
8/14/2024,76.36,75.45,76.45,75.45,5.08M,1.17%
8/13/2024,75.48,76.73,76.73,75.19,4.65M,-1.66%
8/12/2024,76.75,75.68,77.09,75.55,4.09M,1.65%
8/11/2024,75.51,74.82,75.73,74.55,692.99K,0.92%
8/8/2024,74.82,75,75.73,74.55,1.47M,-0.11%
8/7/2024,74.9,75,75.18,74.45,4.35M,0.21%
8/6/2024,74.75,74.53,75.18,74.09,2.95M,0.27%
8/5/2024,74.55,74.55,75.45,72.89,5.61M,-1.20%
8/4/2024,75.45,74.55,75.45,73.94,2.06M,-0.60%
8/1/2024,75.91,75.75,76.45,75.75,6.69M,0.25%
7/31/2024,75.72,74.73,75.88,74.64,5.46M,1.31%
7/30/2024,74.74,74.55,74.99,74.22,4.76M,0.26%
7/29/2024,74.55,74.55,75.27,74.18,3.00M,0.00%
7/28/2024,74.55,74.06,74.55,73.64,1.51M,0.80%
7/24/2024,73.95,73.82,74.82,73.82,3.93M,0.18%
7/23/2024,73.82,73.18,74.31,72.82,6.29M,0.74%
7/22/2024,73.27,71.84,73.64,71.84,4.48M,2.68%
7/21/2024,71.36,70.71,72.05,70.57,2.08M,1.00%
7/18/2024,70.65,71.45,71.45,70.64,2.98M,-0.37%
7/17/2024,70.92,70.55,71.55,70.5,3.12M,0.52%
7/16/2024,70.55,71.36,71.55,70.53,4.04M,-1.13%
7/15/2024,71.36,71.61,71.81,70.82,2.51M,-0.36%
7/14/2024,71.62,71.82,72.27,71.13,705.47K,-0.28%
7/10/2024,71.82,71.64,72.73,71.36,3.52M,0.38%
7/9/2024,71.55,72.64,73,71.36,3.48M,-1.50%
7/8/2024,72.64,73.63,74.44,72.27,3.09M,-1.35%
7/7/2024,73.63,72.73,74.35,72.27,2.20M,1.24%
7/4/2024,72.73,70.45,72.73,70.23,5.57M,2.89%
7/3/2024,70.68,70.12,70.91,70.12,4.44M,0.80%
7/2/2024,70.12,71,71.64,70.02,3.39M,-1.14%
7/1/2024,70.93,70.35,71.68,70,4.12M,0.80%
6/27/2024,70.36,69.09,70.45,68.87,6.49M,1.91%
6/26/2024,69.05,68.18,69.09,67.91,4.66M,1.61%
6/25/2024,67.95,67.75,68.71,67.64,4.73M,0.31%
6/24/2024,67.75,67.88,68.76,67.57,3.58M,-0.20%
6/23/2024,67.88,68.18,68.45,67.55,1.99M,0.91%
6/13/2024,67.27,67.27,68.55,67.27,5.87M,0.00%
6/12/2024,67.27,66.91,68.63,66.91,2.12M,0.67%
6/11/2024,66.83,67.63,68.08,66.65,2.68M,-0.26%
6/10/2024,67,66.37,67.72,66.36,2.85M,0.93%
6/9/2024,66.38,68.3,68.6,66.38,2.43M,-2.81%
6/6/2024,68.3,68.09,69.09,67.75,3.47M,-0.70%
6/5/2024,68.78,69.2,70.22,68.66,2.85M,-0.58%
6/4/2024,69.18,69.99,70.91,69.14,5.02M,-0.55%
6/3/2024,69.56,70.91,70.91,69.09,3.61M,-1.48%
6/2/2024,70.61,70.91,71.09,70.2,2.51M,-0.68%
5/30/2024,71.09,69.6,71.09,66.37,18.98M,2.16%
5/29/2024,69.59,69.82,70.44,69.37,1.92M,-0.21%
5/28/2024,69.74,69.55,71.09,68.27,3.68M,0.27%
5/27/2024,69.55,70,70.45,69.41,312.82K,-0.65%
5/26/2024,70,69.1,70.45,69.1,469.08K,1.32%
5/23/2024,69.09,69.59,70.23,69.09,3.84M,-0.64%
5/22/2024,69.54,69.46,69.95,68.23,3.40M,0.10%
5/21/2024,69.46,69.73,70.27,69.27,2.40M,0.17%
5/20/2024,69.35,69.1,70.54,69.06,3.63M,0.41%
5/19/2024,69.06,68.45,69.45,68,2.59M,1.14%
5/16/2024,68.28,68.13,69.32,67.73,4.27M,0.82%
5/15/2024,67.73,68.18,68.61,66.73,2.68M,-0.67%
5/14/2024,68.18,67.73,68.77,67.54,2.47M,1.04%
5/13/2024,67.48,66.55,68.18,66.55,4.59M,1.96%
5/12/2024,66.18,67.23,67.64,66.09,1.41M,-0.71%
5/9/2024,66.65,66.36,68.01,66.35,3.19M,0.29%
5/8/2024,66.46,70,70,66.14,6.00M,-5.01%
5/7/2024,69.97,66.6,69.97,66.18,3.16M,5.12%
5/2/2024,66.56,66.65,68.18,66.31,2.80M,0.29%
5/1/2024,66.37,65.36,67.73,65.09,3.62M,1.54%
4/30/2024,65.36,68.18,68.91,65,5.20M,-4.13%
4/29/2024,68.18,64.55,68.18,64.36,4.69M,6.13%
4/28/2024,64.25,67.5,68.64,64.09,2.30M,-4.76%
4/24/2024,67.45,70.48,71.27,67.18,3.70M,-4.30%
4/23/2024,70.48,73.77,74.09,70.36,6.92M,-4.46%
4/22/2024,73.77,73.77,75,73.77,8.12M,0.00%
4/21/2024,73.77,72.73,74.64,73.45,1.08M,1.44%
4/18/2024,72.73,74.64,76.55,72.73,5.70M,-2.56%
4/17/2024,74.64,74.55,75.45,74.3,2.16M,0.12%
4/16/2024,74.55,75.02,75.9,74.55,2.55M,-0.63%
4/15/2024,75.02,72.78,76.36,73,7.02M,3.07%
4/8/2024,72.78,72.73,74.18,72.74,2.89M,0.07%
4/7/2024,72.73,73.86,74.82,72.66,1.73M,-1.54%
4/4/2024,73.86,72.9,74.55,72.91,4.91M,1.32%
4/3/2024,72.9,72.73,73.63,72.05,4.50M,0.24%
4/2/2024,72.73,74.55,75,72.73,5.77M,-2.44%
4/1/2024,74.55,69.98,74.55,70.15,2.01M,6.52%
3/31/2024,69.98,72.73,73.4,68.18,2.25M,-3.77%
3/28/2024,72.73,75.02,75.36,72.73,3.19M,-3.05%
3/27/2024,75.02,76.27,76.26,73.59,5.75M,-1.64%
3/26/2024,76.27,77.27,78.26,76.27,3.04M,-1.29%
3/25/2024,77.27,77.09,77.53,76.38,3.10M,0.24%
3/24/2024,77.09,77.09,77.86,77.03,1.30M,0.00%
3/21/2024,77.09,77.45,78.18,77.05,4.37M,-0.46%
3/20/2024,77.45,77.55,78.91,77,3.63M,-0.13%
3/19/2024,77.55,80.45,80.41,77.27,6.16M,-3.62%
3/18/2024,80.45,83.32,83.64,80.3,7.93M,-3.44%
3/17/2024,83.32,81.82,84.73,82.73,2.09M,1.83%
3/14/2024,81.82,79.64,83.45,77.31,9.09M,2.74%
3/13/2024,79.64,85.46,85.45,78.2,7.08M,-6.82%
3/12/2024,85.46,87.73,86.36,82.28,17.30M,-2.58%
3/11/2024,87.73,80.59,88.64,80.68,19.46M,8.86%
3/10/2024,80.59,75.45,81.27,77.27,6.02M,6.81%
3/7/2024,75.45,68.91,75.68,69.27,21.54M,9.50%
3/6/2024,68.91,69.09,75.91,68.36,22.41M,-0.26%
3/5/2024,69.09,67.74,69.09,66.74,20.01M,2.00%
3/4/2024,67.74,64.78,69,64.78,8.43M,4.56%
3/3/2024,64.78,66.45,65.91,63.64,2.90M,-2.52%
2/29/2024,66.45,67.26,68.17,66.14,5.75M,-1.20%
2/28/2024,67.26,67.99,69.09,67.01,5.12M,-1.07%
2/27/2024,67.99,67.73,68.27,66.55,8.67M,0.39%
2/26/2024,67.73,66.36,70,66.01,12.00M,2.05%
2/25/2024,66.36,73.59,69.09,64.55,9.39M,-9.82%
2/22/2024,73.59,73.2,73.9,73,5.16M,0.53%
2/21/2024,73.2,73.64,74.36,72.79,3.77M,-0.59%
2/20/2024,73.64,75,75,73.41,13.25M,-1.82%
2/19/2024,75,73.94,75.82,73.91,8.15M,1.44%
2/18/2024,73.94,73.64,74.43,73.56,1.78M,0.41%
2/15/2024,73.64,74.54,74.77,73.45,4.39M,-1.21%
2/14/2024,74.54,73.69,74.91,73.21,3.64M,1.15%
2/13/2024,73.69,75.56,75.45,72.75,22.50M,-2.48%
2/12/2024,75.56,72.32,76.82,71.59,8.96M,4.49%
2/11/2024,72.32,73.17,73.18,70.93,1.79M,-1.17%
2/8/2024,73.17,70.55,73.86,70.55,5.90M,3.72%
2/7/2024,70.55,67.29,72.72,67.82,12.03M,4.84%
2/6/2024,67.29,70.82,71.35,66.85,16.11M,-4.98%
2/5/2024,70.82,73.76,74.08,70.09,7.69M,-3.99%
2/4/2024,73.76,77.27,77.72,72.73,4.35M,-4.54%
2/1/2024,77.27,80.09,79.95,75,6.44M,-3.52%
1/31/2024,80.09,80.91,86.8,78.18,18.11M,-1.01%
1/30/2024,80.91,76.36,81.36,75.09,14.75M,5.95%
1/29/2024,76.36,70.46,76.36,70.45,18.66M,8.53%
1/28/2024,70.36,69.05,70.36,68.96,5.27M,2.39%
1/24/2024,68.72,70,70.23,68.69,10.68M,-1.83%
1/23/2024,70,70,70.81,69.08,15.72M,0.00%
1/22/2024,70,68.18,70.06,68.18,13.08M,2.80%
1/21/2024,68.09,68.54,68.61,67.82,2.68M,-0.58%
1/18/2024,68.49,68.3,69.08,68.3,5.97M,0.33%
1/17/2024,68.26,69.59,69.73,68.26,9.25M,-1.83%
1/16/2024,69.54,69.09,69.55,68.37,13.93M,1.18%
1/15/2024,68.73,67.77,69.14,67.77,12.92M,1.94%
1/14/2024,67.42,67.27,67.64,66.92,2.82M,0.47%
1/11/2024,67.1,66.83,67.26,66.69,4.74M,0.63%
1/10/2024,66.68,67.91,68,66.68,4.68M,-1.77%
1/9/2024,67.88,67.99,68.35,67.43,7.99M,-0.11%
1/8/2024,67.95,68.18,68.64,67.27,5.01M,-0.33%
1/4/2024,68.18,67.27,68.35,67.09,9.45M,1.49%
1/3/2024,67.18,68.17,68.27,66.93,4.06M,-1.32%
1/2/2024,68.08,66.05,68.09,65.86,8.61M,3.08%
12/31/2023,66.05,66.36,66.36,65.47,2.06M,-0.40%
12/28/2023,66.31,65.41,66.36,65.41,4.72M,1.45%
12/27/2023,65.36,64.9,66.36,64.55,9.76M,0.71%
12/26/2023,64.9,65.89,65.99,64.17,7.20M,-1.52%
12/25/2023,65.9,64.27,66.11,63.64,3.48M,3.56%
12/24/2023,63.64,66.36,66.81,63.48,5.17M,-3.17%
12/21/2023,65.72,67.73,68.18,65.27,7.28M,-2.31%
12/20/2023,67.27,69,69,67.27,5.70M,-1.73%
12/19/2023,68.45,70.18,70.45,68.41,16.53M,-2.46%
12/18/2023,70.18,68.64,70.45,68.41,9.60M,2.46%
12/17/2023,68.5,69.07,69.25,68.27,1.41M,0.07%
12/14/2023,68.45,69.1,70.21,68.45,7.12M,-0.66%
12/13/2023,68.91,69.27,69.36,68.24,10.83M,-0.08%
12/12/2023,68.96,70,70.32,68.23,11.69M,-1.34%
12/11/2023,69.9,68.32,70.18,67.55,9.09M,2.49%
12/10/2023,68.2,70,70,68.2,2.01M,-2.32%
12/7/2023,69.82,69.59,69.86,68.45,6.14M,0.33%
12/6/2023,69.59,70.32,71.55,69.56,12.59M,-1.03%
12/5/2023,70.32,70.91,70.91,68.28,10.82M,-0.46%
12/4/2023,70.65,69.09,71.62,68.37,8.15M,2.76%
12/3/2023,68.75,70.19,70.45,68.55,1.26M,-2.05%
11/30/2023,70.18,71.73,71.73,68.22,9.62M,-1.03%
11/29/2023,70.91,72.73,73.36,69.55,13.07M,-2.50%
11/28/2023,72.73,76.42,76.42,72.73,12.56M,-4.83%
11/27/2023,76.42,70.92,76.42,70.91,8.00M,8.14%
11/26/2023,70.66,72.27,73.18,70.45,1.95M,-1.98%
11/23/2023,72.09,68.64,72.36,68.64,9.42M,5.10%
11/22/2023,68.59,67.73,69.08,67.73,8.35M,1.29%
11/21/2023,67.72,68.19,68.35,66.85,11.71M,-1.14%
11/20/2023,68.5,68.26,70.55,68.12,11.43M,0.79%
11/19/2023,67.96,65.45,68.41,65.45,3.24M,3.83%
11/16/2023,65.45,64.87,65.63,64.57,3.01M,1.12%
11/15/2023,64.73,63.64,64.77,63.09,3.71M,2.45%
11/14/2023,63.18,64.55,64.64,63.18,8.51M,-1.84%
11/13/2023,64.36,65,65.09,63.55,8.09M,-0.51%
11/12/2023,64.69,66.36,66.36,64.55,1.72M,-2.52%
11/9/2023,66.36,63.73,66.55,62.51,5.22M,4.14%
11/8/2023,63.73,59.95,64.55,59.65,7.72M,6.86%
11/7/2023,59.64,57.64,59.71,57.52,11.61M,3.47%
11/6/2023,57.64,57.26,57.87,56.82,19.68M,0.65%
11/5/2023,57.26,56.91,57.45,56.65,2.23M,2.11%
11/2/2023,56.08,55.55,56.36,55.55,3.72M,0.97%
11/1/2023,55.55,54.86,56.09,54.86,8.01M,1.24%
10/31/2023,54.86,55.36,55.64,54.64,5.29M,-0.90%
10/30/2023,55.36,54.55,56,54.52,12.48M,1.91%
10/29/2023,54.33,54.36,54.88,54.09,3.34M,0.61%
10/26/2023,54,52.91,54.73,51.93,10.00M,2.38%
10/25/2023,52.75,52.55,53.48,52.51,4.02M,0.55%
10/24/2023,52.45,52.77,52.91,51.56,7.66M,-0.60%
10/23/2023,52.77,53.97,53.97,52.32,12.56M,-1.61%
10/22/2023,53.64,53.88,54.55,53.62,2.57M,0.00%
10/19/2023,53.64,54.36,55,53.64,3.50M,-1.29%
10/18/2023,54.34,54.51,55,53.73,5.99M,0.12%
10/17/2023,54.27,53.89,54.55,52.97,15.02M,1.17%
10/16/2023,53.65,54.1,55.45,53.65,10.52M,-0.84%
10/15/2023,54.1,54.41,54.55,54.09,2.02M,-0.65%
10/12/2023,54.45,54.23,54.81,54.09,1.21M,0.49%
10/11/2023,54.19,55.09,55.59,54.19,5.24M,-1.68%
10/10/2023,55.12,55.41,55.64,53.73,15.30M,-0.62%
10/9/2023,55.46,54.55,55.82,54.09,3.11M,1.68%
10/8/2023,54.55,55.45,55.45,51.73,2.94M,-2.69%
10/4/2023,56.05,55.47,56.41,55.47,2.35M,0.24%
10/3/2023,55.92,55.45,55.95,55.05,3.99M,0.75%
10/2/2023,55.5,54.91,55.76,54.55,22.66M,0.93%
10/1/2023,54.99,54.55,55.09,54.2,4.84M,0.82%
9/27/2023,54.55,54.91,54.96,54.32,2.10M,-0.66%
9/26/2023,54.91,54.55,55.08,54.09,11.51M,0.67%
9/25/2023,54.55,54.65,56,54.09,9.41M,-0.18%
9/24/2023,54.65,54.41,54.82,53.64,1.62M,0.43%
9/21/2023,54.41,53.64,54.52,53.51,1.72M,1.42%
9/20/2023,53.65,54.36,54.55,53.46,5.00M,-1.04%
9/19/2023,54.21,53.64,54.55,52.91,16.75M,1.03%
9/18/2023,53.65,53.41,53.85,52.27,10.76M,0.55%
9/17/2023,53.36,53.45,53.68,52.73,737.30K,-0.09%
9/14/2023,53.41,52.73,53.86,52.73,5.64M,1.47%
9/13/2023,52.64,52.26,53.17,51.91,4.66M,1.19%
9/12/2023,52.02,52.72,52.72,51.64,3.94M,-1.16%
9/11/2023,52.63,53.45,53.45,52.27,20.07M,-1.55%
9/10/2023,53.45,54.09,54.44,53.28,1.02M,-0.54%
9/7/2023,53.75,53.64,54.45,53,1.89M,0.20%
9/6/2023,53.64,51.88,53.64,51.88,6.95M,3.42%
9/5/2023,51.86,51.09,52.3,51.09,5.05M,1.51%
9/4/2023,51.09,50.91,51.45,50.58,8.93M,-0.09%
9/3/2023,51.14,51.77,51.86,51.14,1.81M,-1.32%
8/31/2023,51.82,50.46,51.82,50.36,5.21M,1.97%
8/30/2023,50.82,49.18,50.91,49.09,6.82M,3.33%
8/29/2023,49.18,50,50.25,49.05,11.86M,-1.19%
8/28/2023,49.77,49.09,50.4,49.09,4.74M,1.39%
8/27/2023,49.09,47.83,49.09,47.73,5.30M,2.86%
8/24/2023,47.73,47.73,48.09,47.65,5.31M,-0.19%
8/23/2023,47.82,47.77,48,47.66,5.55M,0.00%
8/22/2023,47.82,47.34,47.96,47.27,5.21M,1.06%
8/21/2023,47.32,48.19,48.41,47.27,14.42M,-1.90%
8/20/2023,48.24,47.98,48.45,47.73,3.14M,0.49%
8/17/2023,48,48.06,48.55,48,3.77M,-0.13%
8/16/2023,48.06,47.26,48.45,47.05,8.29M,1.69%
8/15/2023,47.26,46.93,47.3,46.91,4.88M,0.76%
8/14/2023,46.91,46.27,47.27,46.27,16.73M,1.32%
8/13/2023,46.3,46.35,46.36,46,1.91M,0.08%
8/10/2023,46.26,46.09,46.3,45.96,1.85M,0.47%
8/9/2023,46.05,46.35,46.36,46.05,2.81M,-0.04%
8/8/2023,46.06,46.05,46.59,46,11.69M,0.06%
8/7/2023,46.04,46.34,46.36,46,7.60M,-0.22%
8/6/2023,46.14,46.45,46.45,46.01,2.12M,-0.29%
8/3/2023,46.27,46.2,46.55,46,2.17M,-0.53%
8/2/2023,46.52,46,46.55,45.91,5.06M,0.73%
8/1/2023,46.18,45.91,46.18,45.91,11.41M,0.59%
7/31/2023,45.91,46.36,46.48,45.89,12.62M,-0.49%
7/30/2023,46.14,46.51,46.64,46.11,1.76M,-0.84%
7/27/2023,46.53,46.26,46.59,46.02,3.80M,0.69%
7/26/2023,46.21,46.36,46.96,46.21,4.69M,-0.82%
7/25/2023,46.59,46.47,47.27,46.09,10.71M,0.49%
7/24/2023,46.36,46,46.72,45.99,5.67M,1.29%
7/19/2023,45.77,45.55,45.8,45.36,6.24M,0.50%
7/18/2023,45.55,45.54,46.08,45.2,4.69M,0.20%
7/17/2023,45.45,45,46.41,44.82,7.77M,1.01%
7/16/2023,45,45.45,45.45,45,499.20K,-0.20%
7/13/2023,45.09,44.73,45.75,44.64,3.33M,0.81%
7/12/2023,44.73,44.45,45.08,43.94,4.78M,0.63%
7/11/2023,44.45,44.14,44.73,43.55,7.32M,1.01%
7/10/2023,44,43.32,44.14,42.96,8.41M,1.57%
7/9/2023,43.32,43.89,44.32,43.27,2.07M,-1.24%
7/6/2023,43.86,45,45,43.65,8.39M,-2.51%
7/5/2023,44.99,45.45,45.73,44.84,4.73M,-1.00%
7/4/2023,45.45,46.36,46.73,45.1,6.39M,-1.98%
6/26/2023,46.36,44.73,46.59,44.73,5.10M,4.08%
6/25/2023,44.55,46.64,46.64,44.48,6.71M,-4.50%
6/22/2023,46.65,46.9,46.94,46.46,2.83M,-0.56%
6/21/2023,46.91,47.09,47.27,46.6,4.00M,-0.69%
6/20/2023,47.24,47.59,47.73,46.82,4.02M,-0.67%
6/19/2023,47.55,48.18,48.38,47.31,8.47M,-1.12%
6/18/2023,48.09,48.18,48.37,47.87,2.30M,-0.19%
6/15/2023,48.18,47.91,48.18,47.47,2.85M,0.55%
6/14/2023,47.92,47.41,48.15,47.37,5.68M,1.15%
6/13/2023,47.37,47.59,47.86,47.27,13.91M,-0.08%
6/12/2023,47.41,48.43,48.63,47.38,2.51M,-2.03%
6/11/2023,48.39,48.09,48.81,48.09,2.66M,0.43%
6/8/2023,48.18,47.27,48.18,47.27,5.92M,0.95%
6/7/2023,47.73,47.68,48.07,47.28,6.11M,0.19%
6/6/2023,47.64,47.37,48.18,47.36,3.54M,0.67%
6/5/2023,47.32,47.82,48.17,47.27,8.31M,-0.36%
6/4/2023,47.49,47.82,48.35,47.46,3.05M,-0.68%
6/1/2023,47.82,47.6,48.08,47.37,2.42M,0.57%
5/31/2023,47.55,47.63,48.18,47.52,6.51M,-0.38%
5/30/2023,47.73,47.05,47.82,47.02,5.11M,1.51%
5/29/2023,47.02,47.53,47.53,46.85,4.28M,-0.60%
5/28/2023,47.3,47.64,48,47.29,1.22M,-0.52%
5/25/2023,47.55,47.73,48.35,47.55,3.67M,-0.38%
5/24/2023,47.73,47.36,47.86,47.28,2.62M,0.86%
5/23/2023,47.32,47.05,47.45,47.05,2.77M,0.10%
5/22/2023,47.27,47.09,47.73,47.02,5.39M,0.58%
5/21/2023,47,47.08,47.21,46.59,2.95M,1.17%
5/18/2023,46.45,47.73,47.94,46.45,10.80M,-2.67%
5/17/2023,47.73,47.27,48.08,47.05,6.32M,0.96%
5/16/2023,47.27,47.36,47.45,46.82,4.74M,0.00%
5/15/2023,47.27,47.64,48.18,47.1,7.77M,-0.29%
5/14/2023,47.41,47.26,47.53,46.09,3.78M,0.66%
5/11/2023,47.1,47.72,47.82,46.55,7.62M,-1.13%
5/10/2023,47.64,47.38,47.97,47.27,4.19M,0.58%
5/9/2023,47.36,48.55,49.14,46.82,8.99M,-2.07%
5/8/2023,48.36,48.18,48.37,48,2.11M,0.36%
5/7/2023,48.19,48.28,48.41,47.96,2.65M,-0.19%
5/3/2023,48.28,48.07,48.41,47.82,4.86M,0.68%
5/2/2023,47.95,48.09,48.32,47.78,4.04M,-0.47%
5/1/2023,48.18,48.82,48.86,47.82,5.18M,-1.51%
4/30/2023,48.92,49.05,50.24,48.32,5.20M,0.77%
4/27/2023,48.55,47.65,49.16,47.64,4.47M,1.91%
4/26/2023,47.64,48.83,49,47.41,9.56M,-2.24%
4/19/2023,48.73,49.64,49.82,48.46,3.51M,-1.83%
4/18/2023,49.64,48.84,50,48.68,5.67M,-6.67%
4/13/2023,53.18,46.91,53.18,46.45,6.20M,14.48%
4/12/2023,46.45,46.73,46.93,45.32,3.60M,-1.14%
4/11/2023,46.99,46.86,47.09,46.36,5.13M,0.37%
4/10/2023,46.82,47.26,47.26,46.59,3.22M,-0.39%
4/9/2023,47,46.86,47.27,46.55,803.85K,0.19%
4/6/2023,46.91,48.18,48.44,46.91,5.66M,-3.17%
4/5/2023,48.45,47.73,48.55,47.55,3.76M,1.50%
4/4/2023,47.73,47.73,48.15,47.37,5.09M,0.00%
4/3/2023,47.73,46.88,48.36,46.88,5.24M,1.94%
4/2/2023,46.82,46.72,47.14,46.27,1.37M,0.96%
3/30/2023,46.37,45.91,47.27,45.65,4.86M,2.22%
3/29/2023,45.36,44.88,45.61,44.64,4.81M,1.84%
3/28/2023,44.55,46.26,46.26,44.55,3.31M,-3.92%
3/27/2023,46.36,46.54,46.74,45.95,2.98M,-0.39%
3/26/2023,46.55,46.36,46.79,45.96,2.94M,0.41%
3/23/2023,46.35,45.25,46.35,44.65,3.29M,2.29%
3/22/2023,45.32,45.65,45.91,44.44,4.23M,0.71%
3/21/2023,45,45.27,46.27,44.78,7.38M,2.06%
3/20/2023,44.09,43.99,45.5,43.45,4.55M,1.04%
3/19/2023,43.64,44.51,44.51,43.02,5.02M,0.00%
3/16/2023,43.64,44.14,46.36,43.64,8.11M,-1.03%
3/15/2023,44.09,45.41,46.58,43.63,10.34M,-1.02%
3/14/2023,44.55,45.5,46,44.55,5.41M,-2.00%
3/13/2023,45.45,47.73,48,45.45,11.04M,-3.94%
3/12/2023,47.32,48.25,48.61,47.2,9.84M,-1.83%
3/9/2023,48.2,48.16,49.23,47.74,9.56M,0.06%
3/8/2023,48.17,47.32,48.41,47.27,6.82M,1.90%
3/7/2023,47.27,48.37,48.77,47.2,8.66M,-2.26%
3/6/2023,48.36,48,49.55,47.91,5.76M,1.03%
3/5/2023,47.87,48.2,48.73,47.29,3.11M,-0.32%
3/2/2023,48.03,49.24,49.72,47.99,11.60M,-2.44%
3/1/2023,49.23,48.82,49.27,48.23,5.33M,1.96%
2/28/2023,48.28,49.55,49.91,48.28,8.75M,-2.35%
2/27/2023,49.45,50.86,50.9,49.44,5.16M,-2.00%
2/26/2023,50.45,49.53,51.13,49.36,2.70M,1.30%
2/23/2023,49.81,48.27,49.81,48.1,4.77M,2.89%
2/22/2023,48.41,49.15,49.52,47.91,3.31M,-1.28%
2/21/2023,49.04,49.02,49.25,47.73,5.74M,1.39%
2/20/2023,48.36,50.18,50.73,47.86,6.85M,-3.59%
2/19/2023,50.16,50.45,50.86,50.01,1.39M,0.22%
2/16/2023,50.05,51.52,51.78,50.05,6.32M,-1.50%
2/15/2023,50.82,51.13,52.09,50.45,7.72M,-0.69%
2/14/2023,51.17,50.92,51.75,50.68,2.73M,0.50%
2/13/2023,50.92,51.72,52.27,50,14.20M,-0.34%
2/12/2023,51.09,50.9,52.54,49.91,5.70M,-4.73%
2/9/2023,53.63,50.68,53.64,50.68,9.39M,6.19%
2/8/2023,50.5,49.57,50.91,48.36,6.13M,1.91%
2/7/2023,49.55,49.09,50.05,48.65,6.98M,3.08%
2/6/2023,48.07,46.74,48.07,46.74,5.02M,3.06%
2/5/2023,46.65,46.05,47.45,44.18,3.81M,1.40%
2/2/2023,46,46.35,46.5,45.45,4.26M,1.00%
2/1/2023,45.55,45.27,46.82,45.23,5.79M,1.19%
1/31/2023,45.01,47.73,48,45.01,5.91M,-5.70%
1/30/2023,47.73,49.32,52.4,46.59,10.14M,-2.78%
1/29/2023,49.09,46.82,49.09,46.82,5.94M,6.09%
1/25/2023,46.27,44.64,46.45,44.64,10.43M,4.52%
1/24/2023,44.27,42.27,44.27,42.27,8.28M,4.89%
1/23/2023,42.21,41.23,42.26,41.15,7.31M,2.38%
1/22/2023,41.23,41.56,41.82,40.86,2.69M,-0.66%
1/19/2023,41.5,40.45,41.82,40.45,8.90M,2.63%
1/18/2023,40.44,39.55,40.44,39.36,17.61M,3.20%
1/17/2023,39.18,38.64,39.39,38.24,16.79M,2.62%
1/16/2023,38.18,38.22,39.27,38.18,14.64M,0.60%
1/15/2023,37.95,38.19,38.55,37.55,6.51M,0.12%
1/12/2023,37.91,39.36,40,37.91,14.75M,-0.71%
1/11/2023,38.18,39.08,41.95,38,33.86M,-3.89%
1/10/2023,39.73,41.93,42.27,39.73,7.26M,-6.22%
1/9/2023,42.36,41.55,42.36,41.5,4.81M,2.19%
1/5/2023,41.45,40.91,41.82,40.55,6.83M,2.45%
1/4/2023,40.46,38.88,41.35,37.65,10.79M,4.12%
1/3/2023,38.86,38.91,39.68,38.82,1.98M,0.00%
1/2/2023,38.86,37.65,38.99,37.5,2.98M,3.06%
12/29/2022,37.71,37.48,38.18,37.34,3.48M,0.68%
12/28/2022,37.45,37.51,37.91,37.41,5.13M,-0.15%
12/27/2022,37.51,38.32,38.41,37.47,2.71M,-1.79%
12/26/2022,38.19,38.41,38.98,38.18,1.56M,-0.71%
12/25/2022,38.46,36.91,38.73,36.84,4.21M,0.74%
12/22/2022,38.18,38.1,39.08,36.33,5.45M,0.48%
12/21/2022,38,37.26,38.18,35.91,7.15M,1.95%
12/20/2022,37.27,38.77,39,37.09,9.84M,-3.76%
12/19/2022,38.73,40.23,40.64,38.64,10.06M,-3.66%
12/18/2022,40.2,41.4,42.14,40.18,3.20M,-2.81%
12/15/2022,41.36,43.05,43.36,41.36,10.05M,-3.50%
12/14/2022,42.86,41.55,42.86,40.95,9.94M,4.43%
12/13/2022,41.05,41.18,41.82,40.73,8.89M,-0.59%
12/12/2022,41.29,40.18,41.82,39.09,11.25M,1.84%
12/11/2022,40.55,41.65,42.23,40.55,2.24M,-2.62%
12/8/2022,41.64,41.81,43.64,40.5,6.28M,-0.20%
12/7/2022,41.72,40.95,42.36,40.92,5.94M,2.18%
12/6/2022,40.83,40.25,41.17,40.25,5.70M,2.07%
12/5/2022,40,38.82,40.58,38.59,10.08M,3.90%
12/4/2022,38.5,37.73,38.91,37.67,2.99M,2.29%
12/1/2022,37.64,36.43,37.68,36.35,25.41M,3.37%
11/30/2022,36.41,36.28,37.05,35.81,32.04M,0.53%
11/29/2022,36.22,34.82,36.25,34.77,5.72M,3.99%
11/28/2022,34.83,35.1,35.26,34.58,7.55M,-0.75%
11/27/2022,35.09,34.37,35.17,34.18,5.60M,1.98%
11/24/2022,34.41,33.79,34.55,33.79,15.55M,1.99%
11/23/2022,33.74,34.59,35.08,33.74,5.32M,-2.47%
11/22/2022,34.59,34.27,34.77,34.27,10.87M,1.47%
11/21/2022,34.09,34,34.34,33.64,8.32M,0.27%
11/20/2022,34,33.95,34.36,33.95,4.15M,0.16%
11/17/2022,33.95,32.73,34.09,32.68,18.77M,3.32%
11/16/2022,32.85,32.59,32.86,32.19,12.62M,0.67%
11/15/2022,32.64,32.64,32.64,32,7.02M,0.00%
11/14/2022,32.64,31.73,32.69,31.73,52.11M,2.34%
11/13/2022,31.89,31.76,31.95,31.59,3.97M,1.62%
11/10/2022,31.38,31.82,32.24,31.04,8.06M,-4.67%
11/9/2022,32.92,29.55,32.92,29.12,10.68M,11.42%
11/8/2022,29.55,30.23,30.73,29.41,9.36M,-2.11%
11/7/2022,30.18,29.09,30.2,28.93,9.28M,3.75%
11/6/2022,29.09,29.45,29.45,28.82,1.70M,-0.31%
11/3/2022,29.18,28.82,29.18,28.56,3.14M,1.20%
11/2/2022,28.84,29.64,29.64,28.65,6.74M,-2.40%
11/1/2022,29.55,29.45,29.73,29.19,6.61M,0.31%
10/31/2022,29.45,29,29.45,28.27,8.59M,1.89%
10/30/2022,28.91,29.08,29.99,28.82,5.80M,-0.62%
10/27/2022,29.09,27.84,29.09,27.5,14.62M,9.22%
10/26/2022,26.64,26.63,27,26.45,10.29M,0.00%
10/25/2022,26.64,25.36,26.64,25.32,7.76M,5.13%
10/24/2022,25.34,24.73,25.57,24.73,7.29M,2.46%
10/23/2022,24.73,24.9,24.97,24.69,1.85M,0.00%
10/20/2022,24.73,24.48,24.79,24.48,3.58M,1.00%
10/19/2022,24.48,24.35,24.55,24.18,8.36M,0.64%
10/18/2022,24.33,24.36,24.5,24.09,5.86M,0.49%
10/17/2022,24.21,24.45,24.6,24.04,11.46M,-1.04%
10/16/2022,24.46,23.64,24.5,23.55,3.45M,3.50%
10/13/2022,23.64,23.27,23.65,23.15,12.94M,0.78%
10/12/2022,23.45,23.35,23.51,23.01,8.53M,0.04%
10/11/2022,23.45,23.62,23.62,23.29,4.28M,-0.04%
10/10/2022,23.45,23.46,23.7,23.36,9.37M,0.00%
10/9/2022,23.45,23.68,23.69,23.41,2.16M,-1.26%
10/5/2022,23.75,23.31,23.84,23.14,7.22M,2.47%
10/4/2022,23.18,22.55,23.18,22.55,8.87M,3.57%
10/3/2022,22.38,22.6,22.79,22.32,4.88M,-1.12%
10/2/2022,22.64,22.97,22.97,22.5,1.41M,-0.92%
9/29/2022,22.85,22.58,23.04,22.45,9.35M,2.15%
9/28/2022,22.36,22.52,22.64,22.32,3.92M,-0.49%
9/27/2022,22.47,22.98,23.06,22.47,4.19M,-1.59%
9/26/2022,22.84,23.41,23.41,22.84,3.37M,-2.03%
9/25/2022,23.31,23.45,23.49,22.8,4.12M,-2.14%
9/22/2022,23.82,24.05,24.05,23.27,4.80M,-0.21%
9/21/2022,23.87,23.69,24.14,23.6,6.05M,1.23%
9/20/2022,23.58,23.19,23.77,23.07,3.59M,2.20%
9/19/2022,23.07,22.84,23.08,22.33,2.82M,1.81%
9/18/2022,22.66,23.39,23.39,22.51,3.13M,-3.35%
9/15/2022,23.45,23.75,23.75,23.07,7.95M,-0.79%
9/14/2022,23.63,23.71,23.79,23.33,10.72M,-1.16%
9/13/2022,23.91,23.87,23.99,23.78,7.55M,-0.10%
9/12/2022,23.94,23.78,24.08,23.72,7.70M,0.99%
9/11/2022,23.7,23.51,23.75,23.39,2.91M,1.53%
9/8/2022,23.34,23.51,23.54,23.23,3.40M,0.47%
9/7/2022,23.23,23.39,23.51,23.23,4.89M,-0.54%
9/6/2022,23.36,23.57,23.79,23.33,10.33M,0.94%
9/5/2022,23.14,22.97,23.3,22.96,6.23M,0.79%
9/4/2022,22.96,23.2,23.2,22.9,3.25M,-0.39%
9/1/2022,23.05,23.14,23.32,22.84,6.11M,0.00%
8/31/2022,23.05,23.78,23.98,23.05,14.02M,-3.05%
8/30/2022,23.78,23.92,23.97,23.63,13.86M,-0.76%
8/29/2022,23.96,24.16,24.23,23.96,3.03M,-0.33%
8/28/2022,24.04,24.47,24.47,23.99,1.55M,-1.29%
8/25/2022,24.35,24.33,24.53,24.27,9.00M,0.98%
8/24/2022,24.12,24.17,24.38,24.02,9.06M,0.43%
8/23/2022,24.01,24.17,24.47,23.97,10.85M,-0.40%
8/22/2022,24.11,24.78,24.78,24.11,6.46M,-2.13%
8/21/2022,24.64,23.45,24.76,23.45,3.75M,5.05%
8/18/2022,23.45,23.45,23.56,23.27,5.34M,0.28%
8/17/2022,23.39,22.65,23.48,22.51,8.67M,3.23%
8/16/2022,22.65,22.94,23.02,22.42,5.83M,-1.32%
8/15/2022,22.96,23.26,23.26,22.51,4.00M,-0.31%
8/14/2022,23.03,23.33,23.5,23.03,2.10M,-1.27%
8/11/2022,23.33,23.51,23.55,23.25,3.04M,-0.77%
8/10/2022,23.51,23.26,23.62,23.26,2.60M,1.33%
8/9/2022,23.2,23.51,23.63,23.14,12.52M,-1.31%
8/8/2022,23.51,23.51,23.81,23.42,9.09M,-0.05%
8/7/2022,23.52,23.08,23.57,23.08,12.12M,2.42%
8/4/2022,22.96,22.84,23.08,22.71,12.70M,0.80%
8/3/2022,22.78,22.75,22.78,22.54,2.35M,1.32%
8/2/2022,22.49,22.93,22.96,22.49,18.29M,-2.05%
8/1/2022,22.96,23.2,23.39,22.67,6.12M,-0.99%
7/31/2022,23.19,23.36,23.57,23.03,2.77M,1.24%
7/28/2022,22.9,22.75,22.93,22.42,9.41M,1.26%
7/27/2022,22.62,22.7,23.02,22.6,7.02M,-0.05%
7/26/2022,22.63,22.14,22.96,22.14,4.96M,1.49%
7/25/2022,22.3,22.39,22.6,22.3,11.90M,-0.27%
7/24/2022,22.36,22.78,22.78,22.36,2.31M,-1.86%
7/21/2022,22.78,22.37,22.78,22.37,3.52M,1.89%
7/20/2022,22.36,22.39,22.92,22.3,6.33M,0.27%
7/19/2022,22.3,21.75,22.58,21.72,17.44M,2.50%
7/18/2022,21.75,21.76,22.24,21.65,13.13M,0.00%
7/17/2022,21.75,21.7,22.28,21.52,2.93M,1.12%
7/7/2022,21.51,21.33,21.6,21.07,3.36M,2.30%
7/6/2022,21.03,20.85,21.42,20.67,3.02M,0.61%
7/5/2022,20.9,21.15,21.21,20.44,14.29M,-0.46%
7/4/2022,21,22.03,22.05,20.62,6.35M,-4.66%
7/3/2022,22.03,22.48,22.48,21.25,5.74M,-2.23%
6/29/2022,22.53,22.66,22.66,22.38,5.01M,-0.27%
6/28/2022,22.59,22.35,23.57,21.75,9.92M,-0.03%
6/27/2022,22.59,22.9,22.9,22.36,10.88M,-0.82%
6/26/2022,22.78,22.87,22.87,22.55,2.15M,1.18%
6/23/2022,22.52,23.2,23.2,22.52,2.37M,-2.97%
6/22/2022,23.2,23.55,23.55,23.2,2.09M,-1.16%
6/21/2022,23.48,23.31,23.55,23.15,5.55M,0.91%
6/20/2022,23.26,23.2,23.39,23.18,1.78M,0.00%
6/19/2022,23.26,23.57,23.57,23.21,2.55M,-1.28%
6/16/2022,23.57,23.81,23.87,23.57,17.82M,-1.76%
6/15/2022,23.99,24.04,24.04,23.75,2.20M,-0.25%
6/14/2022,24.05,23.87,24.05,23.57,3.96M,0.00%
6/13/2022,24.05,23.99,24.05,23.78,5.02M,0.00%
6/12/2022,24.05,24.29,24.35,23.89,1.60M,-2.19%
6/9/2022,24.59,24.76,24.76,24.3,2.54M,0.00%
6/8/2022,24.59,24.17,24.78,24.17,2.81M,1.85%
6/7/2022,24.14,23.99,24.17,23.83,2.01M,0.63%
6/6/2022,23.99,24,24.14,23.61,5.78M,-0.03%
6/5/2022,24,24.35,24.35,23.93,1.06M,-0.73%
6/2/2022,24.17,24.78,24.78,24.17,3.26M,-2.44%
6/1/2022,24.78,25.02,25.02,24.49,4.66M,-0.49%
5/31/2022,24.9,24.78,25.38,24.65,9.30M,0.88%
5/30/2022,24.68,24.78,24.84,24.41,5.19M,0.02%
5/29/2022,24.67,24.84,25.26,24.61,472.83K,-1.90%
5/26/2022,25.15,25.02,25.38,24.78,2.18M,0.53%
5/25/2022,25.02,25.17,25.49,25.02,2.84M,-2.01%
5/24/2022,25.53,25.5,25.68,25.08,2.58M,0.00%
5/23/2022,25.53,25.23,25.77,25.05,3.94M,1.12%
5/22/2022,25.25,25.44,25.6,25.2,740.41K,-0.76%
5/19/2022,25.44,24.52,25.44,24.41,2.24M,2.91%
5/18/2022,24.72,24.52,24.78,24.41,3.64M,1.51%
5/17/2022,24.35,24.93,24.93,24.29,3.00M,-1.47%
5/16/2022,24.72,25.08,25.08,24.24,6.41M,-1.45%
5/15/2022,25.08,25.71,25.71,25.08,1.39M,-1.43%
5/12/2022,25.44,25.81,25.84,25.38,3.60M,-1.54%
5/11/2022,25.84,26.08,26.27,25.84,3.65M,-1.04%
5/10/2022,26.11,26.29,26.41,25.99,3.22M,0.21%
5/9/2022,26.06,27.18,27.37,26.06,5.68M,-4.18%
5/8/2022,27.19,26.59,27.34,26.59,3.30M,0.45%
4/28/2022,27.07,26.23,27.07,26.03,6.60M,4.14%
4/27/2022,26,26.12,26.45,25.99,5.06M,0.05%
4/26/2022,25.98,25.38,25.98,25.25,4.70M,2.38%
4/21/2022,25.38,25.56,25.6,25.38,4.55M,0.33%
4/20/2022,25.3,25.26,25.8,25.15,5.60M,-3.99%
4/19/2022,26.35,27.07,27.19,26.09,10.36M,-2.72%
4/18/2022,27.08,26.97,27.25,26.29,4.41M,0.43%
4/17/2022,26.97,26.47,27.8,26.2,5.09M,1.89%
4/14/2022,26.47,26.29,26.63,25.74,4.78M,0.67%
4/13/2022,26.29,26.59,26.65,26.29,5.71M,-1.11%
4/12/2022,26.59,26.04,26.89,25.98,8.29M,1.95%
4/11/2022,26.08,26.58,26.59,25.98,6.93M,-2.38%
4/10/2022,26.72,27.19,27.19,26.59,3.43M,-2.08%
4/7/2022,27.28,27.98,28.01,27.19,8.41M,-2.48%
4/6/2022,27.98,28.11,28.26,27.81,3.35M,-0.47%
4/5/2022,28.11,28.75,28.75,28.11,6.24M,-2.96%
4/4/2022,28.97,29.01,29.12,28.56,9.30M,-0.29%
4/3/2022,29.05,28.1,29.28,27.8,1.86M,4.09%
3/31/2022,27.91,27.92,28.32,27.43,6.46M,-0.02%
3/30/2022,27.92,28.7,28.79,27.92,3.23M,-2.53%
3/29/2022,28.64,28.4,28.75,27.65,5.27M,0.47%
3/28/2022,28.51,29.01,29.49,28.47,3.72M,-1.71%
3/27/2022,29.01,29.71,29.73,28.41,4.60M,-2.18%
3/24/2022,29.65,30.03,30.03,29.64,5.23M,-0.87%
3/23/2022,29.91,29.73,30.03,29.31,3.76M,0.00%
3/22/2022,29.91,29.62,30.82,29.62,10.18M,3.12%
3/21/2022,29.01,27.25,29.01,27.25,8.37M,6.90%
3/20/2022,27.13,26.14,27.13,26.14,2.43M,3.94%
3/17/2022,26.11,25.95,26.2,25.87,11.60M,1.53%
3/16/2022,25.71,24.97,25.98,24.97,16.76M,2.28%
3/15/2022,25.14,25.19,25.19,24.84,6.25M,-0.24%
3/14/2022,25.2,25.37,25.37,24.73,12.58M,-0.71%
3/13/2022,25.38,24.78,25.38,24.77,2.56M,2.44%
3/10/2022,24.78,24.29,24.78,23.8,9.00M,0.00%
3/9/2022,24.78,24.72,25.08,24.3,9.91M,0.74%
3/8/2022,24.59,25.32,25.32,24.23,19.71M,-4.91%
3/7/2022,25.86,27.86,27.86,25.86,18.77M,-7.16%
3/6/2022,27.86,27.8,28.08,27.71,3.65M,-2.95%
3/3/2022,28.7,28.55,28.7,28.31,5.24M,1.06%
3/2/2022,28.4,28.95,28.95,28.4,6.19M,-1.47%
3/1/2022,28.82,29.01,29.19,28.82,5.31M,-0.23%
2/28/2022,28.89,29.25,29.55,28.72,5.46M,-1.22%
2/27/2022,29.25,29.01,29.37,29.01,2.30M,2.98%
2/24/2022,28.4,29.75,29.94,28.01,6.12M,-5.45%
2/23/2022,30.04,30.21,30.34,29.97,2.89M,-0.58%
2/22/2022,30.21,31.09,31.09,30.21,3.99M,-2.78%
2/21/2022,31.08,30.82,31.21,30.37,1.75M,1.64%
2/20/2022,30.58,30.52,30.92,30.52,646.43K,-0.78%
2/17/2022,30.82,31.12,31.12,30.64,2.01M,-0.97%
2/16/2022,31.12,30.82,31.33,30.82,4.83M,0.00%
2/15/2022,31.12,30.37,31.12,30.37,1.12M,2.41%
2/14/2022,30.39,30.52,30.52,29.92,3.37M,-0.63%
2/13/2022,30.58,30.82,30.82,30.4,940.00K,-0.71%
2/10/2022,30.8,30.82,30.82,30.62,2.44M,0.14%
2/9/2022,30.76,30.7,31.06,30.69,3.51M,0.20%
2/8/2022,30.7,31.12,31.12,30.61,2.96M,-0.39%
2/7/2022,30.82,31.42,31.6,30.52,4.30M,-1.83%
2/6/2022,31.39,31.16,31.42,31.16,536.70K,0.68%
2/3/2022,31.18,31.18,31.34,31.04,1.66M,-0.52%
2/2/2022,31.34,31.42,31.48,31.24,3.07M,-0.06%
2/1/2022,31.36,31.12,31.36,31.12,2.86M,1.09%
1/31/2022,31.02,31.31,31.31,31.02,2.33M,-1.02%
1/30/2022,31.34,31.42,31.42,31.18,1.35M,0.04%
1/26/2022,31.33,31.36,31.54,31.13,1.03M,-0.29%
1/25/2022,31.42,31.6,31.72,31.12,1.85M,-1.33%
1/24/2022,31.85,31.25,31.97,31.25,11.33M,-0.38%
1/23/2022,31.97,31.72,31.97,31.19,407.50K,0.76%
1/20/2022,31.72,31.42,31.72,30.88,1.74M,0.96%
1/19/2022,31.42,32.03,32.03,31.42,3.09M,-1.89%
1/18/2022,32.03,32.03,32.03,31.79,2.43M,-0.38%
1/17/2022,32.15,32.06,32.2,32.03,4.31M,0.38%
1/16/2022,32.03,32.33,32.51,32.03,1.21M,-1.30%
1/13/2022,32.45,32.45,32.63,32.27,4.98M,0.13%
1/12/2022,32.41,31.94,32.41,31.94,5.02M,1.48%
1/11/2022,31.94,31.92,32,31.82,3.70M,0.09%
1/10/2022,31.91,31.82,31.98,31.82,2.67M,0.27%
1/9/2022,31.82,31.94,31.94,31.72,1.00M,-0.36%
1/5/2022,31.94,31.91,31.97,31.76,1.73M,0.09%
1/4/2022,31.91,32.03,32.03,31.76,1.82M,-0.28%
1/3/2022,32,32.03,32.32,31.85,2.02M,-0.64%
1/2/2022,32.2,32.33,32.33,32.03,600.24K,0.57%
12/30/2021,32.02,31.81,32.03,31.66,4.15M,0.26%
12/29/2021,31.94,32.01,32.03,31.91,3.17M,-0.09%
12/28/2021,31.97,31.77,32.03,31.72,3.48M,0.28%
12/27/2021,31.88,31.57,32.03,31.57,256.55K,0.48%
12/26/2021,31.72,31.29,32.21,31.29,3.12M,1.74%
12/23/2021,31.18,30.82,31.25,30.73,2.19M,1.47%
12/22/2021,30.73,30.53,30.96,30.53,2.62M,0.69%
12/21/2021,30.52,30.67,31.11,30.52,13.58M,0.00%
12/20/2021,30.52,30.7,30.7,30.49,7.47M,-0.67%
12/19/2021,30.72,31.18,31.18,30.52,1.75M,-0.70%
12/16/2021,30.94,31.42,31.48,30.94,7.19M,-1.54%
12/15/2021,31.42,31.72,31.91,31.36,4.53M,-0.95%
12/14/2021,31.72,31.91,32.03,31.49,3.36M,-0.57%
12/13/2021,31.91,31.85,32.08,31.85,4.21M,-0.19%
12/12/2021,31.97,31.2,31.97,31.07,1.68M,2.74%
12/9/2021,31.11,31.36,31.39,31.07,3.14M,-0.79%
12/8/2021,31.36,31.24,31.58,30.97,3.99M,-0.19%
12/7/2021,31.42,30.96,31.42,30.88,6.48M,1.42%
12/6/2021,30.98,30.83,31.24,30.82,2.06M,0.14%
12/5/2021,30.94,31.04,31.04,30.7,1.68M,0.51%
12/2/2021,30.78,31.06,31.12,30.58,5.09M,-1.11%
12/1/2021,31.13,31.23,31.3,30.66,3.81M,0.21%
11/30/2021,31.06,30.82,31.06,30.34,16.91M,0.98%
11/29/2021,30.76,30.88,31.11,30.58,3.44M,-0.43%
11/28/2021,30.89,30.82,31,30.73,1.14M,-0.76%
11/25/2021,31.13,31.42,31.42,30.87,2.88M,-0.69%
11/24/2021,31.34,31.54,31.54,31.12,2.48M,-0.63%
11/23/2021,31.54,31.73,31.98,31.42,4.93M,-0.63%
11/22/2021,31.74,31.13,31.97,31.12,2.51M,1.00%
11/21/2021,31.43,31.47,31.66,31.14,704.05K,0.06%
11/18/2021,31.41,32.15,32.26,31.11,6.27M,-1.92%
11/17/2021,32.03,32.03,32.33,31.85,2.15M,0.00%
11/16/2021,32.03,31.89,32.18,31.82,5.57M,0.49%
11/15/2021,31.87,32.33,32.33,31.72,3.32M,-1.38%
11/14/2021,32.32,32.03,32.44,31.54,2.57M,1.13%
11/11/2021,31.95,32.01,32.32,31.88,2.08M,-0.23%
11/10/2021,32.03,32.45,32.56,31.72,3.79M,-1.40%
11/9/2021,32.48,31.44,32.61,31.44,5.65M,2.67%
11/8/2021,31.63,31.88,31.88,31.32,2.01M,-0.83%
11/7/2021,31.9,32.32,32.32,31.55,455.21K,-1.33%
11/4/2021,32.33,32.63,32.63,31.73,14.97M,-0.93%
11/3/2021,32.63,32.31,32.72,32.03,8.69M,1.22%
11/2/2021,32.24,31.6,32.31,31.42,4.66M,1.83%
11/1/2021,31.66,31.12,31.73,30.82,6.01M,2.22%
10/31/2021,30.97,30.75,31.12,30.23,2.34M,0.47%
10/28/2021,30.82,30.27,31.12,30.21,5.07M,2.02%
10/27/2021,30.21,29.61,30.82,29.31,7.60M,3.05%
10/26/2021,29.32,29.31,30.15,29.31,5.34M,0.25%
10/25/2021,29.25,28.4,29.49,28.4,5.93M,2.05%
10/24/2021,28.66,28.55,28.79,28.4,1.19M,0.38%
10/20/2021,28.55,28.99,28.99,28.49,6.62M,-0.53%
10/19/2021,28.7,29,29.24,28.46,3.05M,-1.04%
10/18/2021,29.01,28.4,29.22,28.4,8.25M,1.87%
10/17/2021,28.47,27.8,28.55,27.8,7.95M,2.43%
10/14/2021,27.8,27.37,28.04,26.76,2.58M,1.55%
10/13/2021,27.37,27.19,27.37,26.74,4.46M,1.12%
10/12/2021,27.07,26.92,27.31,26.69,2.80M,0.67%
10/11/2021,26.89,26.58,26.95,26.58,8.25M,1.57%
10/10/2021,26.47,25.98,26.49,25.98,5.76M,1.88%
10/6/2021,25.98,25.68,26.11,25.39,7.82M,2.38%
10/5/2021,25.38,25.62,25.89,25.14,1.75M,-0.94%
10/4/2021,25.62,25.2,25.69,25.2,4.12M,1.44%
10/3/2021,25.26,25.8,26.17,25.14,1.31M,-2.02%
9/30/2021,25.78,24.78,25.98,24.78,2.78M,0.99%
9/29/2021,25.52,25.96,25.96,25.38,1.82M,-1.26%
9/28/2021,25.85,26.17,26.17,25.77,3.04M,-0.53%
9/27/2021,25.99,26.01,26.04,25.68,4.67M,-0.07%
9/26/2021,26.01,26.59,26.59,25.98,1.41M,-0.81%
9/23/2021,26.22,26.29,26.59,26,2.03M,0.09%
9/22/2021,26.2,25.92,26.41,25.92,1.84M,-0.12%
9/21/2021,26.23,26.47,26.58,25.98,1.60M,-1.34%
9/20/2021,26.58,26.45,26.76,26.45,1.33M,-0.70%
9/19/2021,26.77,26.89,27.4,26.41,365.16K,0.00%
9/16/2021,26.77,27.56,27.78,26.77,5.01M,-2.12%
9/15/2021,27.35,27.86,27.91,27.24,1.57M,-1.18%
9/14/2021,27.68,27.8,27.86,27.66,6.71M,-0.37%
9/13/2021,27.78,27.95,27.95,27.49,2.96M,0.37%
9/12/2021,27.68,27.8,27.8,27.56,150.49K,-0.39%
9/9/2021,27.78,28.34,28.34,27.78,1.13M,-1.65%
9/8/2021,28.25,28.34,28.4,28.1,1.28M,-0.06%
9/7/2021,28.27,28.52,28.52,27.86,1.21M,-0.04%
9/6/2021,28.28,28.4,28.52,28.2,1.32M,-0.26%
9/5/2021,28.35,28.67,28.67,28.11,278.53K,-1.18%
9/2/2021,28.69,28.41,28.79,28.41,2.25M,0.02%
9/1/2021,28.69,28.12,28.79,28.12,2.25M,1.43%
8/31/2021,28.28,28.69,28.69,27.79,5.63M,-0.89%
8/30/2021,28.53,28.22,28.66,28.22,783.59K,0.77%
8/29/2021,28.32,28.4,28.49,28.16,895.51K,-0.68%
8/26/2021,28.51,28.67,28.67,28.4,1.23M,-0.04%
8/25/2021,28.52,28.41,28.7,28.38,3.04M,0.96%
8/24/2021,28.25,28.34,28.4,27.82,2.14M,0.75%
8/23/2021,28.04,27.42,28.34,27.42,2.85M,3.36%
8/22/2021,27.13,27.34,27.34,26.89,441.86K,-1.10%
8/19/2021,27.43,27.79,27.79,26.92,1.38M,-0.92%
8/18/2021,27.68,27.49,27.98,27.19,1.07M,0.70%
8/17/2021,27.49,28.01,28.01,27.33,1.46M,-2.57%
8/16/2021,28.21,28.88,28.88,27.19,3.19M,0.54%
8/15/2021,28.06,27.65,28.19,27.65,4.20M,2.98%
8/11/2021,27.25,27.09,27.64,27.06,2.84M,0.70%
8/10/2021,27.06,26.74,27.19,26.74,3.41M,1.67%
8/9/2021,26.62,26.29,26.74,26.22,2.72M,1.43%
8/8/2021,26.24,26.29,26.29,26.11,776.50K,0.17%
8/5/2021,26.2,26.13,26.29,26.13,2.02M,0.19%
8/4/2021,26.15,26.2,26.23,26.06,942.48K,-0.09%
8/3/2021,26.17,26.36,26.36,25.97,2.96M,-0.12%
8/2/2021,26.2,26.41,26.41,26.06,3.28M,-0.55%
8/1/2021,26.35,26.06,26.51,26.06,2.21M,1.80%
7/29/2021,25.88,25.84,26.06,25.62,2.45M,0.48%
7/28/2021,25.76,25.83,26.03,25.52,1.58M,-0.54%
7/27/2021,25.9,25.83,26.2,25.65,4.39M,-0.23%
7/26/2021,25.96,26.2,26.24,25.7,2.65M,-0.68%
7/25/2021,26.13,26.06,26.29,25.89,1.73M,0.38%
7/18/2021,26.03,25.74,26.2,25.61,2.31M,1.65%
7/15/2021,25.61,25.47,25.74,25.27,2.09M,-0.05%
7/14/2021,25.62,25.43,25.74,25.38,10.80M,1.56%
7/13/2021,25.23,24.57,25.43,24.57,3.89M,2.47%
7/12/2021,24.62,24.65,24.75,24.47,10.11M,0.57%
7/11/2021,24.48,24.6,24.69,24.35,855.03K,-0.30%
7/8/2021,24.56,24.48,24.75,24.43,3.77M,0.30%
7/7/2021,24.48,24.24,24.92,23.89,3.64M,2.45%
7/6/2021,23.9,24.11,24.25,23.57,4.03M,-0.73%
7/5/2021,24.07,24.01,24.23,23.7,5.06M,1.16%
7/4/2021,23.8,23.79,24.02,23.64,506.31K,0.65%
6/30/2021,23.64,22.89,23.79,22.89,5.40M,2.66%
6/29/2021,23.03,23.34,23.45,22.71,2.72M,-1.80%
6/28/2021,23.45,23.58,23.79,23.12,1.29M,-0.73%
6/27/2021,23.63,23.48,23.79,23.48,1.42M,0.62%
6/24/2021,23.48,23.2,23.68,23.2,3.29M,0.27%
6/23/2021,23.42,23.42,23.56,23.11,6.05M,0.80%
6/22/2021,23.23,23.2,23.43,23.11,4.27M,1.04%
6/21/2021,22.99,22.21,23.23,22.21,5.76M,3.49%
6/20/2021,22.22,22.21,22.38,22.12,371.97K,-0.39%
6/17/2021,22.3,22.56,22.56,22.07,8.73M,-0.71%
6/16/2021,22.46,22.57,22.66,22.22,2.07M,-0.72%
6/15/2021,22.62,22.84,22.84,22.48,2.20M,-0.36%
6/14/2021,22.71,22.43,22.96,22.34,5.71M,1.46%
6/13/2021,22.38,22.57,22.65,22.32,1.56M,-0.64%
6/10/2021,22.52,23.07,23.07,22.41,4.98M,-1.55%
6/9/2021,22.88,23.01,23.11,22.71,5.80M,0.56%
6/8/2021,22.75,23.3,23.3,22.62,6.56M,-2.37%
6/7/2021,23.3,23.58,23.58,23.01,5.38M,-1.80%
6/6/2021,23.73,23.97,24.02,23.57,1.20M,0.17%
6/3/2021,23.69,23.84,24.02,23.56,4.36M,-1.00%
6/2/2021,23.93,24.25,24.25,23.44,6.98M,-1.68%
6/1/2021,24.34,24.46,24.56,24.02,4.29M,-0.20%
5/31/2021,24.39,24.88,24.88,24.19,3.52M,-0.72%
5/30/2021,24.56,24.22,24.77,24.04,4.40M,1.48%
5/27/2021,24.21,25.15,25.15,23.97,53.07M,-3.49%
5/26/2021,25.08,26.03,26.03,24.81,9.82M,-3.23%
5/25/2021,25.92,26.29,26.29,25.82,1.63M,-1.74%
5/24/2021,26.38,26.65,26.65,25.83,3.30M,0.31%
5/23/2021,26.3,26.06,26.69,25.96,879.14K,1.83%
5/20/2021,25.82,25.83,25.97,25.61,6.96M,-0.21%
5/19/2021,25.88,26.24,26.24,25.47,5.93M,-0.51%
5/18/2021,26.01,26.15,26.29,25.83,3.95M,-0.54%
5/17/2021,26.15,26.7,26.74,25.88,5.48M,-3.90%
5/11/2021,27.21,26.97,27.41,26.97,1.96M,-0.23%
5/10/2021,27.27,27.19,27.42,27.06,1.74M,0.47%
5/9/2021,27.15,27.08,27.19,26.74,901.87K,0.81%
5/6/2021,26.93,26.74,27.1,26.74,1.17M,0.73%
5/5/2021,26.74,26.56,26.99,26.06,803.84K,1.20%
5/4/2021,26.42,26.44,26.76,25.84,1.68M,0.05%
4/28/2021,26.4,26.78,26.92,25.83,4.03M,-1.99%
4/27/2021,26.94,26.74,27.19,26.43,5.36M,1.42%
4/26/2021,26.56,26.66,26.81,26.29,2.28M,0.17%
4/25/2021,26.52,26.29,26.64,26.29,232.26K,0.09%
4/22/2021,26.49,26.5,26.83,26.3,632.65K,-1.20%
4/21/2021,26.82,26.64,26.94,26.51,1.99M,0.94%
4/20/2021,26.57,26.06,27.08,25.86,4.79M,2.75%
4/19/2021,25.86,25.39,26.06,25.03,2.47M,1.55%
4/18/2021,25.46,24.93,25.65,24.93,1.82M,3.37%
4/15/2021,24.63,24.47,24.93,24.08,4.38M,1.66%
4/14/2021,24.23,24.88,24.88,23.88,2.55M,-1.02%
4/13/2021,24.48,24.92,24.92,24.36,12.67M,-2.19%
4/12/2021,25.03,25.15,25.28,24.79,7.22M,0.33%
4/11/2021,24.94,24.97,25.15,24.88,567.54K,-0.07%
4/8/2021,24.96,25.02,25.08,24.75,1.51M,0.29%
4/7/2021,24.89,24.81,24.97,24.59,3.03M,0.49%
4/6/2021,24.77,24.93,24.97,24.59,4.64M,0.16%
4/5/2021,24.73,25.47,25.47,24.47,2.92M,-3.13%
4/4/2021,25.52,26.29,26.29,24.94,709.49K,-1.50%
4/1/2021,25.91,26.29,26.29,25.77,6.72M,-1.04%
3/31/2021,26.19,26.74,26.74,26.09,12.11M,-2.02%
3/30/2021,26.73,26.78,26.9,26.58,2.29M,-0.12%
3/29/2021,26.76,27.44,27.44,26.54,3.90M,-2.48%
3/28/2021,27.44,27.51,27.65,27.19,1.43M,-0.59%
3/25/2021,27.6,27.51,27.65,27.42,2.85M,1.72%
3/24/2021,27.13,26.74,27.39,26.74,2.71M,1.80%
3/23/2021,26.65,26.79,26.85,26.34,2.53M,-0.52%
3/22/2021,26.79,27.19,27.19,26.56,3.21M,-1.78%
3/21/2021,27.28,27.47,27.65,26.97,224.36K,-0.69%
3/18/2021,27.47,27.19,27.65,27.19,3.12M,0.10%
3/17/2021,27.44,28.05,28.05,27.12,3.86M,-1.34%
3/16/2021,27.81,27.65,28.05,27.56,4.54M,0.16%
3/15/2021,27.77,27.6,27.98,27.51,3.79M,0.67%
3/14/2021,27.58,27.65,28.05,27.25,213.88K,-0.23%
3/11/2021,27.65,27.65,27.78,27.56,3.35M,-0.11%
3/10/2021,27.68,27.56,28.05,27.33,1.38M,-1.39%
3/9/2021,28.07,28.21,28.33,27.64,2.79M,-0.50%
3/8/2021,28.21,28.33,28.55,28.01,2.23M,-0.58%
3/7/2021,28.37,28.55,28.55,28.19,1.04M,2.74%
3/4/2021,27.61,27.8,27.87,27.31,1.94M,-1.47%
3/3/2021,28.03,27.76,28.27,27.76,3.33M,0.45%
3/2/2021,27.9,28.24,28.24,27.74,1.64M,-0.50%
3/1/2021,28.04,28,28.33,27.87,1.85M,0.75%
2/28/2021,27.83,28.28,28.28,27.66,537.55K,-1.52%
2/25/2021,28.26,27.83,28.42,27.83,3.58M,1.65%
2/24/2021,27.8,27.56,27.87,27.24,3.17M,0.92%
2/23/2021,27.55,27.99,27.99,27.16,5.20M,-1.03%
2/22/2021,27.84,27.51,27.92,27.51,1.17M,1.62%
2/21/2021,27.39,27.57,27.65,27.2,371.32K,0.65%
2/18/2021,27.22,27.22,27.42,27.13,1.73M,-0.60%
2/17/2021,27.38,27.59,27.59,27.24,2.36M,-1.23%
2/16/2021,27.72,27.47,28.01,27.47,1.04M,0.36%
2/15/2021,27.62,27.43,27.69,27.43,699.39K,0.00%
2/14/2021,27.61,27.65,27.83,27.42,1.72M,0.12%
2/11/2021,27.58,27.65,27.85,27.51,865.13K,-0.29%
2/10/2021,27.66,27.6,27.87,27.52,3.87M,0.15%
2/9/2021,27.62,28.03,28.03,27.47,1.99M,-1.44%
2/8/2021,28.03,28.55,28.55,27.65,1.71M,-1.43%
2/7/2021,28.43,28.55,28.56,28.39,533.86K,-0.76%
2/4/2021,28.65,28.6,28.73,28.44,1.91M,-0.16%
2/3/2021,28.7,28.73,28.77,28.55,3.23M,0.32%
2/2/2021,28.61,28.1,28.73,28.1,2.48M,0.83%
2/1/2021,28.37,28.62,28.73,27.7,3.58M,-1.17%
1/31/2021,28.71,28.55,28.78,28.55,1.71M,0.57%
1/27/2021,28.54,28.6,28.62,28.47,1.95M,0.16%
1/26/2021,28.5,28.39,28.6,28.33,1.83M,0.08%
1/25/2021,28.48,28.55,28.61,28.33,1.17M,-0.41%
1/24/2021,28.59,29.01,29.19,28.55,694.49K,-1.85%
1/21/2021,29.13,28.86,29.32,28.6,2.88M,0.67%
1/20/2021,28.94,28.91,29.01,28.69,1.71M,0.85%
1/19/2021,28.69,28.55,29,28.55,1.72M,0.40%
1/18/2021,28.58,28.45,28.71,28.45,921.54K,0.13%
1/17/2021,28.54,28.55,28.73,28.43,346.52K,-0.87%
1/14/2021,28.79,28.66,28.91,28.46,4.03M,0.63%
1/13/2021,28.61,28.55,28.73,28.19,5.77M,0.14%
1/12/2021,28.57,28.27,28.78,28.1,7.80M,1.79%
1/11/2021,28.07,27.87,28.28,27.74,6.70M,1.09%
1/10/2021,27.76,27.17,27.98,27.17,2.95M,3.46%
1/6/2021,26.83,26.53,27.08,26.53,2.75M,0.71%
1/5/2021,26.64,26.74,26.8,26.51,3.40M,-0.08%
1/4/2021,26.67,26.95,26.96,26.55,3.35M,-0.49%
1/3/2021,26.8,26.92,26.97,26.54,287.98K,-0.10%
12/31/2020,26.83,26.97,26.97,26.74,2.53M,0.07%
12/30/2020,26.81,26.78,26.95,26.74,1.55M,0.24%
12/29/2020,26.74,26.74,26.97,26.53,2.55M,-0.17%
12/28/2020,26.79,26.74,26.98,26.74,1.06M,0.12%
12/27/2020,26.76,27.13,27.13,26.74,379.45K,-1.37%
12/24/2020,27.13,27.02,27.42,26.88,1.86M,-0.03%
12/23/2020,27.14,27.19,27.37,26.99,1.35M,0.00%
12/22/2020,27.14,27.24,27.28,26.94,1.72M,-0.38%
12/21/2020,27.24,27.42,27.42,26.78,7.93M,-0.74%
12/20/2020,27.45,27.45,27.65,27.25,4.54M,-0.75%
12/17/2020,27.66,28.14,28.33,27.42,9.05M,-2.15%
12/16/2020,28.26,28.28,28.5,28.11,3.53M,-0.29%
12/15/2020,28.34,28.32,28.39,28.29,3.30M,0.05%
12/14/2020,28.33,28.46,28.46,28.26,3.72M,-0.26%
12/13/2020,28.4,28.33,28.44,28.33,880.21K,0.11%
12/10/2020,28.37,28.5,28.55,28.24,1.64M,0.18%
12/9/2020,28.32,28.29,28.55,28.19,2.02M,-0.19%
12/8/2020,28.38,28.28,28.46,28.28,902.95K,0.05%
12/7/2020,28.36,28.26,28.42,28.22,3.36M,-0.11%
12/6/2020,28.39,28.17,28.52,28.17,828.26K,0.00%
12/3/2020,28.4,28.3,28.53,28.21,4.60M,-0.44%
12/2/2020,28.53,28.55,28.71,28.19,5.68M,-0.33%
12/1/2020,28.62,28.58,28.77,28.44,2.12M,1.49%
11/30/2020,28.2,28.54,28.55,28.1,11.96M,-0.72%
11/29/2020,28.4,28.46,28.55,28.33,884.36K,0.00%
11/26/2020,28.41,28.55,28.73,28.33,3.94M,-1.00%
11/25/2020,28.69,28.55,28.99,28.51,3.16M,1.25%
11/24/2020,28.34,28.2,28.6,28.04,2.49M,0.69%
11/23/2020,28.14,28.37,28.51,28.01,3.12M,-0.38%
11/22/2020,28.25,28.33,28.33,28.11,1.46M,-0.49%
11/19/2020,28.39,28.59,28.59,28.3,2.66M,-1.12%
11/18/2020,28.72,28.69,28.88,28.55,2.65M,-0.41%
11/17/2020,28.83,28.82,28.98,28.73,3.10M,-0.33%
11/16/2020,28.93,29.01,29.18,28.78,1.88M,-0.31%
11/15/2020,29.02,29.44,29.44,28.82,4.57M,-1.19%
11/12/2020,29.37,29.32,29.45,29.03,8.53M,-0.20%
11/11/2020,29.43,29.41,29.46,29.34,2.69M,0.08%
11/10/2020,29.4,29.21,29.87,29.17,9.00M,1.87%
11/9/2020,28.87,28.93,29.01,28.69,3.12M,0.36%
11/8/2020,28.76,28.6,28.96,28.55,1.79M,0.33%
11/5/2020,28.67,28.37,28.82,28.1,5.29M,0.99%
11/4/2020,28.38,28.43,28.51,28.19,1.79M,0.24%
11/3/2020,28.32,28.32,28.54,28.05,2.11M,1.66%
11/2/2020,27.85,27.65,28.33,27.65,6.25M,0.72%
11/1/2020,27.66,27.63,27.76,27.42,4.04M,-0.05%
10/28/2020,27.67,27.54,27.87,27.37,7.11M,0.56%
10/27/2020,27.51,27.46,27.92,27.39,15.88M,0.43%
10/26/2020,27.4,28.09,28.09,27.19,11.53M,-2.23%
10/25/2020,28.02,27.24,28.55,27.17,7.70M,-7.16%
10/21/2020,30.18,30.24,30.35,30.13,1.75M,-0.30%
10/20/2020,30.27,30.08,30.37,30.08,1.98M,0.18%
10/19/2020,30.22,30.17,30.37,30.1,1.17M,-0.55%
10/18/2020,30.39,30.64,30.64,30.17,767.22K,-0.99%
10/15/2020,30.69,30.58,30.77,30.46,3.12M,0.15%
10/14/2020,30.65,30.59,30.73,30.58,4.04M,0.03%
10/13/2020,30.64,30.81,30.82,30.46,1.82M,-0.53%
10/12/2020,30.8,30.82,30.82,30.59,2.10M,-0.03%
10/11/2020,30.81,31,31.05,30.61,1.47M,-0.56%
10/7/2020,30.98,30.62,31.11,30.62,3.27M,1.97%
10/6/2020,30.38,30.14,30.71,30.14,2.52M,0.93%
10/5/2020,30.1,30.37,30.5,29.91,1.01M,-0.18%
10/4/2020,30.16,30.12,30.27,30.09,419.30K,-0.17%
10/1/2020,30.21,30.15,30.37,30.14,853.61K,0.14%
9/30/2020,30.17,30.14,30.3,30.1,3.28M,0.00%
9/29/2020,30.17,30.27,30.27,30.12,5.14M,-0.33%
9/28/2020,30.27,30.23,30.37,30.23,1.81M,-0.15%
9/27/2020,30.32,30.49,30.59,30.16,1.04M,-0.13%
9/24/2020,30.36,30.37,30.42,30.14,1.99M,-0.07%
9/23/2020,30.38,30.6,30.61,30.27,1.88M,-0.16%
9/22/2020,30.43,30.18,30.81,30.03,1.08M,0.54%
9/21/2020,30.27,30.09,30.55,30.08,2.03M,0.39%
9/20/2020,30.15,30.04,30.53,29.91,2.22M,-1.25%
9/17/2020,30.53,30.86,30.86,30.37,6.58M,-1.09%
9/16/2020,30.86,30.62,31.03,30.62,2.72M,0.61%
9/15/2020,30.68,30.59,30.8,30.38,515.93K,0.52%
9/14/2020,30.52,30.64,30.82,30.37,1.93M,-0.87%
9/13/2020,30.79,30.64,30.95,30.37,1.97M,0.44%
9/10/2020,30.65,30.37,30.8,30.37,1.44M,0.96%
9/9/2020,30.36,30.36,30.45,30.07,2.34M,0.48%
9/8/2020,30.22,30.21,30.37,30,1.62M,-0.40%
9/7/2020,30.34,30.21,30.54,30.21,1.40M,0.97%
9/6/2020,30.05,29.92,30.37,29.84,1.59M,-0.53%
9/3/2020,30.21,30.14,30.59,29.97,1.60M,-0.03%
9/2/2020,30.22,30.08,30.32,30.05,1.85M,-0.28%
9/1/2020,30.3,30.37,30.59,30.05,2.70M,-1.05%
8/31/2020,30.62,30.82,30.98,30.37,3.30M,-1.14%
8/30/2020,30.98,31.13,31.13,30.86,258.73K,-0.47%
8/27/2020,31.12,31.14,31.27,30.82,4.35M,0.13%
8/26/2020,31.08,31,31.09,30.84,8.43M,0.00%
8/25/2020,31.09,30.82,31.27,30.81,10.82M,0.93%
8/24/2020,30.8,30.82,30.88,30.61,7.94M,0.28%
8/23/2020,30.71,30.24,30.93,30.22,3.23M,2.11%
8/19/2020,30.08,29.91,30.23,29.69,5.11M,0.58%
8/18/2020,29.91,30.02,30.02,29.69,5.01M,-0.51%
8/17/2020,30.06,29.62,30.27,29.47,6.59M,1.31%
8/16/2020,29.67,29.23,29.91,29.23,5.20M,1.52%
8/13/2020,29.23,29.18,29.4,29.01,4.52M,1.03%
8/12/2020,28.93,29.01,29.18,28.63,2.42M,0.19%
8/11/2020,28.87,29.45,29.45,28.61,1.78M,-1.27%
8/10/2020,29.25,29.55,29.87,28.91,2.99M,-0.97%
8/9/2020,29.53,29.21,29.75,28.94,3.14M,1.73%
8/6/2020,29.03,28.55,29.21,28.42,4.31M,1.83%
8/5/2020,28.51,28.33,28.64,28.33,5.27M,0.88%
8/4/2020,28.26,28.55,28.55,28.1,5.86M,-1.00%
7/29/2020,28.54,28.55,28.78,28.38,4.53M,-0.22%
7/28/2020,28.61,28.78,28.91,28.37,5.68M,-0.44%
7/27/2020,28.73,28.48,28.98,28.42,3.63M,1.31%
7/26/2020,28.36,28.55,28.64,28.1,1.27M,-0.75%
7/22/2020,28.58,29.16,29.16,28.09,4.39M,-1.79%
7/21/2020,29.1,28.55,29.45,28.53,11.91M,2.69%
7/20/2020,28.33,27.85,28.55,27.85,4.09M,1.81%
7/19/2020,27.83,28.38,28.55,27.33,1.89M,-2.45%
7/16/2020,28.53,28.78,28.79,28.12,3.22M,-2.37%
7/15/2020,29.22,29.73,30.14,28.1,4.65M,-1.87%
7/14/2020,29.78,29.74,30,29.44,1.87M,-0.48%
7/13/2020,29.93,30.11,30.37,29.69,2.34M,-0.96%
7/12/2020,30.22,30.13,30.37,29.91,883.53K,0.54%
7/9/2020,30.05,30.19,30.25,29.91,3.36M,-1.15%
7/8/2020,30.4,30.15,30.57,30.15,7.12M,1.01%
7/7/2020,30.1,30.5,30.5,29.91,22.74M,-0.49%
7/6/2020,30.25,30.02,30.59,29.92,12.34M,1.44%
7/5/2020,29.82,29.9,30.12,29.45,2.77M,1.94%
6/30/2020,29.25,29.45,29.46,29.03,6.95M,-0.74%
6/29/2020,29.47,29.82,29.82,29.28,2.95M,-1.41%
6/28/2020,29.89,30.14,30.14,29.69,2.61M,-1.08%
6/25/2020,30.22,30.77,30.77,30.14,2.24M,-1.90%
6/24/2020,30.8,30.59,30.95,30.59,3.18M,1.97%
6/23/2020,30.21,30.37,30.37,29.87,3.61M,-0.12%
6/22/2020,30.24,30.69,30.73,29.97,5.04M,-1.26%
6/21/2020,30.63,30.71,30.82,30.05,537.69K,-0.56%
6/18/2020,30.8,31.02,31.02,30.66,11.61M,-0.69%
6/17/2020,31.01,31.05,31.18,30.81,6.43M,-0.36%
6/16/2020,31.13,30.82,31.49,30.82,2.41M,3.45%
6/15/2020,30.09,30.59,30.82,29.83,21.86M,-1.45%
6/14/2020,30.53,30.41,30.82,30.14,1.90M,-0.18%
6/11/2020,30.59,30.6,30.75,30.5,2.86M,-0.49%
6/10/2020,30.74,31.09,31.09,30.64,7.11M,-1.75%
6/9/2020,31.29,31.29,31.63,31.05,2.44M,-0.95%
6/8/2020,31.58,31.72,31.72,31.05,3.17M,0.00%
6/7/2020,31.58,30.83,31.84,30.83,3.16M,5.61%
6/4/2020,29.9,29.03,30.81,29.03,11.58M,3.16%
6/3/2020,28.99,28.56,29.28,28.55,8.41M,1.22%
6/2/2020,28.64,28.55,28.77,28.51,3.14M,0.86%
6/1/2020,28.39,28.56,28.64,28.24,7.33M,-0.41%
5/31/2020,28.51,28.61,28.78,28.31,5.56M,0.64%
5/21/2020,28.33,29.04,29.04,28.19,11.11M,-2.71%
5/20/2020,29.12,29.46,29.46,29.02,4.11M,-1.08%
5/19/2020,29.44,29.44,29.68,29.3,4.04M,0.92%
5/18/2020,29.17,29.25,29.41,29.01,4.96M,-0.28%
5/17/2020,29.25,29.35,29.46,28.98,1.29M,0.69%
5/14/2020,29.05,29.06,29.19,28.94,3.56M,-0.47%
5/13/2020,29.19,29.8,29.8,28.91,2.86M,-1.66%
5/12/2020,29.68,29.31,30.14,29.16,6.34M,2.68%
5/11/2020,28.91,29.06,29.35,28.54,12.45M,-0.62%
5/10/2020,29.09,28.96,29.46,28.73,2.18M,1.57%
5/7/2020,28.64,28.64,28.78,28.37,8.50M,1.02%
5/6/2020,28.35,28.33,28.55,28.16,12.22M,0.81%
5/5/2020,28.12,28.19,28.31,27.87,4.79M,0.91%
5/4/2020,27.87,28.1,28.32,27.65,2.67M,-0.89%
5/3/2020,28.12,28.78,28.87,27.78,2.95M,-2.99%
4/30/2020,28.98,29.02,29.23,28.78,11.15M,0.53%
4/29/2020,28.83,28.1,29.46,28.06,8.61M,3.20%
4/28/2020,27.94,28.04,28.26,27.76,9.24M,-0.47%
4/27/2020,28.07,28.77,28.77,27.76,7.06M,-0.75%
4/26/2020,28.28,27.92,28.96,27.87,5.41M,2.26%
4/23/2020,27.66,26.98,27.87,26.98,10.78M,3.83%
4/22/2020,26.64,27.15,27.15,26.51,37.15M,-1.18%
4/21/2020,26.95,27.76,27.76,26.74,10.47M,-3.77%
4/16/2020,28.01,29.01,29.01,27.83,12.00M,-3.75%
4/15/2020,29.1,29.68,29.69,28.94,10.04M,-1.44%
4/14/2020,29.53,29.33,29.69,29.33,23.49M,0.00%
4/13/2020,29.53,29.78,29.78,29.23,2.59M,0.52%
4/12/2020,29.37,29.75,29.91,29.12,2.18M,-1.07%
4/9/2020,29.69,29.22,29.91,29.01,6.98M,5.00%
4/8/2020,28.28,27.41,29.21,27.24,6.91M,4.00%
4/7/2020,27.19,25.92,27.86,25.84,9.50M,5.25%
4/6/2020,25.83,25.83,26.06,25.65,10.63M,1.68%
4/5/2020,25.41,25.73,26.06,25.27,3.37M,-2.16%
4/2/2020,25.97,25.92,26.23,25.83,11.62M,-0.73%
4/1/2020,26.16,26.4,26.4,26,4.13M,-1.79%
3/31/2020,26.64,26.82,26.93,26.4,8.46M,-0.61%
3/30/2020,26.8,27.86,27.86,26.65,6.63M,-3.14%
3/29/2020,27.67,28.03,28.03,27.57,2.49M,-2.38%
3/26/2020,28.34,28.34,28.66,27.96,6.59M,-0.11%
3/25/2020,28.38,28.89,29.01,28.05,4.74M,-0.25%
3/24/2020,28.45,29.01,29.01,27.65,7.56M,-3.43%
3/23/2020,29.46,30.82,31.72,28.67,13.16M,0.40%
3/22/2020,29.34,28.64,30.42,28.55,8.33M,6.08%
3/19/2020,27.66,23.2,28.33,23.2,14.39M,7.37%
3/18/2020,25.76,27.64,27.65,24.95,6.86M,-4.39%
3/17/2020,26.94,26.29,27.87,26.06,5.09M,0.93%
3/16/2020,26.69,26.86,28.42,25.77,5.66M,-6.70%
3/15/2020,28.61,31.04,31.04,28.59,19.43M,-9.92%
3/11/2020,31.76,32.5,32.85,31.45,7.32M,-0.19%
3/10/2020,31.82,31.36,32.4,31.34,3.73M,3.14%
3/9/2020,30.85,32.56,32.56,29.98,8.14M,-7.32%
3/8/2020,33.29,34.64,34.64,32.97,1.74M,-4.64%
3/5/2020,34.91,34.9,35.33,34.73,2.76M,1.29%
3/4/2020,34.46,35.8,35.99,33.99,2.30M,-2.99%
3/3/2020,35.52,35.8,35.8,35.35,4.25M,0.20%
3/2/2020,35.45,35.4,36.16,34.33,8.11M,0.05%
3/1/2020,35.43,35.8,35.8,35.13,2.73M,-5.31%
2/27/2020,37.42,37.93,37.93,37.05,5.09M,-1.01%
2/26/2020,37.8,37.62,38.07,37.54,2.68M,-0.71%
2/25/2020,38.07,38.43,38.43,37.63,3.34M,-1.39%
2/24/2020,38.6,38.75,38.93,38.5,2.76M,-0.92%
2/23/2020,38.96,38.66,39.02,38.66,1.59M,-0.06%
2/20/2020,38.99,38.75,39.2,38.75,4.53M,0.06%
2/19/2020,38.96,38.6,39.13,38.6,4.52M,0.75%
2/18/2020,38.67,38.84,38.98,38.52,1.60M,-0.78%
2/17/2020,38.98,38.69,39.02,38.69,5.00M,0.61%
2/16/2020,38.74,38.88,38.93,38.59,477.92K,0.02%
2/13/2020,38.73,38.66,38.9,38.59,1.48M,0.38%
2/12/2020,38.59,38.8,39.18,38.52,1.56M,-1.31%
2/11/2020,39.1,39.11,39.29,38.84,2.80M,0.05%
2/10/2020,39.08,39.03,39.25,38.75,3.71M,-0.61%
2/9/2020,39.32,39.38,39.43,38.98,751.92K,-0.17%
2/6/2020,39.39,39.14,39.42,39.14,2.62M,0.58%
2/5/2020,39.16,38.98,39.2,38.98,2.73M,0.28%
2/4/2020,39.05,38.98,39.38,38.66,2.89M,0.45%
2/3/2020,38.88,38.53,38.98,38.53,3.33M,0.80%
2/2/2020,38.57,38.52,38.64,38.52,774.43K,0.02%
1/30/2020,38.56,38.52,38.66,38.52,2.85M,0.28%
1/29/2020,38.45,38.3,38.65,38.3,2.36M,0.13%
1/28/2020,38.4,38.47,38.53,38.14,1.52M,-0.21%
1/27/2020,38.48,38.8,38.8,38.3,2.16M,-0.14%
1/26/2020,38.54,38.52,38.93,38.37,682.32K,-0.12%
1/23/2020,38.58,38.75,38.91,38.44,1.06M,-0.82%
1/22/2020,38.9,38.75,38.99,38.7,2.08M,1.06%
1/21/2020,38.49,38.52,38.75,38.28,1.46M,-0.89%
1/20/2020,38.84,39.32,39.39,38.44,1.97M,-0.97%
1/19/2020,39.22,38.3,39.47,38.1,2.15M,2.38%
1/16/2020,38.31,38.07,38.52,38.07,5.26M,0.61%
1/15/2020,38.07,37.66,38.38,37.66,2.22M,0.53%
1/14/2020,37.87,37.4,38.05,37.4,4.28M,0.70%
1/13/2020,37.61,38.07,38.07,37.32,9.72M,-1.24%
1/12/2020,38.08,38.05,38.18,37.84,800.17K,0.41%
1/9/2020,37.93,37.62,38.12,37.62,6.17M,0.83%
1/8/2020,37.62,36.66,37.93,36.32,4.56M,2.53%
1/6/2020,36.69,36.48,36.94,36.3,2.05M,0.11%
1/5/2020,36.65,37.16,37.16,36.48,1.85M,-2.70%
1/2/2020,37.66,37.39,37.78,37.39,628.06K,0.10%
12/31/2019,37.63,37.62,37.85,37.48,3.47M,0.22%
12/30/2019,37.54,37.07,37.64,37.07,1.80M,1.01%
12/29/2019,37.17,37.18,37.59,36.97,473.25K,-1.13%
12/26/2019,37.59,36.76,37.66,36.76,3.45M,1.77%
12/25/2019,36.94,37.17,37.45,36.58,783.24K,-0.92%
12/24/2019,37.29,37.65,37.65,37.08,1.67M,-0.64%
12/23/2019,37.53,37.07,37.68,37.07,2.29M,0.85%
12/22/2019,37.21,36.94,37.41,36.71,1.77M,0.60%
12/19/2019,36.99,36.46,37.17,36.31,10.06M,1.50%
12/18/2019,36.44,35.67,36.71,35.67,3.21M,1.66%
12/17/2019,35.84,35.02,36.25,35.02,6.20M,1.48%
12/16/2019,35.32,35.49,35.58,35,2.46M,-0.54%
12/15/2019,35.51,35.12,35.6,35.12,1.42M,0.69%
12/12/2019,35.27,35.35,35.44,35.17,3.05M,-0.19%
12/11/2019,35.34,35.31,35.48,35.08,7.28M,0.05%
12/10/2019,35.32,35.12,35.42,34.99,5.62M,0.67%
12/9/2019,35.08,35.35,35.35,34.97,5.41M,-0.14%
12/8/2019,35.13,35.35,35.35,35.01,886.42K,-1.21%
12/5/2019,35.56,35.58,35.69,35.4,2.24M,-0.04%
12/4/2019,35.58,35.36,35.62,35.36,4.08M,0.53%
12/3/2019,35.39,35.35,35.63,35.04,3.82M,-0.66%
12/2/2019,35.63,35.42,35.96,35.14,2.84M,-0.25%
12/1/2019,35.72,35.44,35.92,35.35,975.88K,0.00%
11/28/2019,35.71,35.35,35.96,35.13,1.78M,1.38%
11/27/2019,35.23,35.21,35.35,34.99,2.36M,0.22%
11/26/2019,35.15,35.57,35.57,34.9,14.90M,-1.07%
11/25/2019,35.53,35.69,35.74,35.34,3.89M,-0.66%
11/24/2019,35.77,35.8,35.92,35.67,1.54M,-0.64%
11/21/2019,36,36.03,36.26,35.74,4.95M,-2.12%
11/20/2019,36.78,36.94,36.94,36.57,1.60M,-1.02%
11/19/2019,37.16,37.28,37.39,37.05,1.56M,-0.32%
11/18/2019,37.28,37.39,37.62,37.16,2.11M,-0.99%
11/17/2019,37.65,37.62,37.8,37.21,1.22M,0.81%
11/14/2019,37.34,37.53,37.61,37.14,2.06M,-0.63%
11/13/2019,37.58,37.75,37.75,37.44,2.01M,-0.66%
11/12/2019,37.83,37.87,38.02,37.63,2.14M,-0.41%
11/11/2019,37.98,38.3,38.3,37.84,4.57M,-0.42%
11/7/2019,38.14,37.85,38.3,37.85,896.94K,0.21%
11/6/2019,38.06,38.22,38.22,37.85,1.64M,-0.13%
11/5/2019,38.11,37.16,38.52,37.16,6.42M,2.72%
11/4/2019,37.1,36.71,37.34,36.71,2.70M,1.14%
11/3/2019,36.68,36.71,36.8,36.46,256.26K,-0.07%
10/31/2019,36.71,36.31,36.81,36.31,3.00M,0.63%
10/30/2019,36.48,36.48,36.71,36.27,2.80M,-0.35%
10/29/2019,36.61,36.03,36.93,36.03,2.48M,1.42%
10/28/2019,36.09,36,36.26,35.89,1.29M,0.58%
10/27/2019,35.89,36.03,36.03,35.58,449.89K,-0.10%
10/24/2019,35.92,36.03,36.25,35.8,690.05K,-0.21%
10/23/2019,36,35.81,36.26,35.8,883.27K,-0.33%
10/22/2019,36.12,35.81,36.26,35.71,1.05M,0.52%
10/21/2019,35.93,36.08,36.21,35.76,1.10M,-0.60%
10/20/2019,36.15,36.01,36.3,35.63,612.77K,1.10%
10/17/2019,35.75,35.99,36.03,35.58,1.76M,-0.80%
10/16/2019,36.04,35.91,36.17,35.91,1.35M,0.81%
10/15/2019,35.75,35.9,36.03,35.58,779.63K,-0.42%
10/14/2019,35.9,35.8,36.03,35.8,1.32M,0.00%
10/13/2019,35.9,36.26,36.26,35.8,208.53K,-0.86%
10/10/2019,36.21,35.8,36.28,35.8,3.20M,1.11%
10/9/2019,35.81,35.7,35.94,35.7,524.97K,-1.03%
10/8/2019,36.18,35.88,36.48,35.8,1.98M,-0.22%
10/7/2019,36.27,36.1,36.46,35.82,1.81M,1.38%
10/3/2019,35.77,35.8,36.26,35.57,2.55M,-1.19%
10/2/2019,36.2,36.36,36.36,36.08,4.40M,0.24%
10/1/2019,36.12,35.35,36.28,35.35,4.89M,2.75%
9/30/2019,35.15,35.79,35.79,34.89,3.81M,-1.54%
9/29/2019,35.7,35.35,36.26,35.12,1.38M,2.54%
9/26/2019,34.82,34.39,35.12,34.22,5.45M,3.34%
9/25/2019,33.69,32.56,34.22,32.18,6.31M,3.45%
9/24/2019,32.57,33.83,33.83,31.95,11.49M,-5.20%
9/23/2019,34.35,35.21,35.35,33.54,8.71M,-2.46%
9/22/2019,35.22,36.48,36.48,34.85,2.11M,-3.35%
9/19/2019,36.44,36.71,36.71,36.31,5.46M,-1.31%
9/18/2019,36.92,36.71,37.1,36.71,2.60M,0.48%
9/17/2019,36.75,36.87,37.11,36.26,2.82M,-0.81%
9/16/2019,37.05,36.94,37.25,36.71,19.15M,-0.21%
9/15/2019,37.12,36.95,37.3,36.95,1.24M,-0.33%
9/12/2019,37.25,37.07,37.44,36.94,3.16M,1.12%
9/11/2019,36.83,36.62,37.16,36.62,2.85M,0.38%
9/10/2019,36.69,36.87,36.87,36.6,3.55M,-0.49%
9/9/2019,36.87,36.94,37.08,36.67,5.42M,-0.09%
9/8/2019,36.91,36.88,37,36.33,1.69M,0.07%
9/5/2019,36.88,36.51,37.17,36.51,3.27M,1.31%
9/4/2019,36.4,36.76,36.94,36.26,2.27M,-1.48%
9/3/2019,36.95,37.58,37.61,36.71,2.00M,-0.90%
9/2/2019,37.29,36.71,37.66,36.28,4.06M,1.54%
9/1/2019,36.72,36.28,36.93,36.26,1.86M,1.05%
8/29/2019,36.34,35.8,36.71,35.8,3.34M,2.57%
8/28/2019,35.43,34.47,35.8,34.47,3.48M,3.37%
8/27/2019,34.27,34.09,34.85,33.95,9.90M,-0.40%
8/26/2019,34.41,34.06,34.53,34.06,2.62M,-0.28%
8/25/2019,34.5,34.44,34.67,34.44,2.42M,1.13%
8/22/2019,34.12,34.21,34.24,33.99,1.30M,-0.23%
8/21/2019,34.19,34.27,34.42,33.99,2.57M,-0.58%
8/20/2019,34.39,34.44,34.44,34.24,2.73M,0.15%
8/19/2019,34.34,34.44,34.47,34.22,2.09M,-0.28%
8/18/2019,34.44,34,34.63,33.99,1.10M,0.69%
8/15/2019,34.2,34.44,34.49,33.92,2.56M,-1.72%
8/14/2019,34.8,33.99,35.17,33.88,7.19M,2.47%
8/8/2019,33.96,33.2,34.21,33.2,3.98M,1.17%
8/7/2019,33.57,33.09,33.65,33.09,804.36K,0.68%
8/6/2019,33.34,33.18,33.56,33.18,2.37M,-0.03%
8/5/2019,33.35,33.09,33.76,33.08,2.56M,-0.53%
8/4/2019,33.53,33.08,33.76,33.08,986.53K,1.30%
8/1/2019,33.1,32.79,33.54,32.79,1.00M,0.94%
7/31/2019,32.79,32.06,33.31,31.95,2.01M,1.59%
7/30/2019,32.28,32.06,32.63,32.06,1.35M,0.21%
7/29/2019,32.21,32.36,32.36,32,1.67M,0.30%
7/28/2019,32.11,32.5,32.58,31.84,543.70K,-1.45%
7/25/2019,32.59,32.63,32.74,32.4,927.94K,-0.55%
7/24/2019,32.77,32.85,33.08,32.36,1.44M,-0.26%
7/22/2019,32.85,32.61,33.03,32.41,672.73K,1.00%
7/21/2019,32.53,32.59,32.63,32.18,334.58K,-0.50%
7/18/2019,32.69,32.54,32.97,32.54,3.92M,0.07%
7/17/2019,32.67,32.86,32.86,32.5,1.25M,-0.62%
7/16/2019,32.87,32.4,33.08,32.4,1.75M,1.33%
7/15/2019,32.44,32.86,32.86,32.02,2.35M,-1.13%
7/14/2019,32.81,33.08,33.54,32.45,545.92K,-0.70%
7/11/2019,33.04,33.56,33.56,32.82,1.50M,-1.62%
7/10/2019,33.59,33.49,33.83,33.32,1.41M,0.14%
7/9/2019,33.54,33.52,33.63,33.32,1.21M,0.73%
7/8/2019,33.3,32.77,33.49,32.77,766.51K,-0.43%
7/7/2019,33.44,33.28,33.54,32.74,779.99K,0.75%
7/4/2019,33.19,33.08,33.49,32.99,570.04K,-0.18%
7/3/2019,33.25,33.31,33.32,33.09,951.12K,-0.05%
7/2/2019,33.27,33.45,33.58,33.08,1.09M,-0.51%
6/27/2019,33.44,33.54,33.59,33.08,1.72M,-0.32%
6/26/2019,33.55,33.54,33.76,33.34,4.60M,0.35%
6/25/2019,33.43,33.54,33.62,33.32,2.46M,0.15%
6/24/2019,33.38,33.57,33.57,33.12,951.05K,-1.23%
6/23/2019,33.8,33.76,33.99,33.65,619.63K,0.32%
6/20/2019,33.69,33.95,34,33.43,3.93M,-0.65%
6/19/2019,33.91,34.07,34.07,33.76,1.40M,-0.47%
6/18/2019,34.07,33.76,34.13,33.76,7.08M,0.52%
6/17/2019,33.9,33.55,34.08,33.55,2.62M,0.55%
6/16/2019,33.71,33.27,33.81,33.27,624.38K,0.53%
6/13/2019,33.53,33.53,33.58,33.45,3.28M,0.00%
6/12/2019,33.53,33.36,33.58,33.31,2.84M,0.28%
6/11/2019,33.43,33.08,33.65,33.08,1.82M,1.93%
6/10/2019,32.8,32.25,33.09,32.25,3.72M,1.05%
6/9/2019,32.46,32.68,32.68,32.19,415.72K,-0.31%
6/3/2019,32.56,32.4,32.59,32.06,1.82M,0.34%
6/2/2019,32.45,32.19,32.61,32.19,625.61K,-0.13%
5/30/2019,32.49,32.18,32.63,32.18,2.48M,0.04%
5/29/2019,32.48,32.02,32.68,32,2.75M,0.55%
5/28/2019,32.3,32.62,32.74,31.97,6.46M,0.28%
5/27/2019,32.21,32.29,32.62,32.09,1.05M,0.44%
5/26/2019,32.07,31.66,32.18,31.66,1.19M,1.32%
5/23/2019,31.65,31.63,31.73,31.5,1.38M,0.23%
5/22/2019,31.58,31.75,32.05,31.39,2.64M,-1.16%
5/21/2019,31.95,31.72,32.2,31.72,2.26M,1.44%
5/20/2019,31.5,31.53,31.72,31.23,1.28M,-1.00%
5/19/2019,31.82,32.62,32.62,31.5,617.95K,-0.54%
5/16/2019,31.99,32.18,32.87,31.72,2.42M,-1.36%
5/15/2019,32.43,32.63,33.08,31.95,1.30M,-0.98%
5/14/2019,32.75,32.63,33.09,32.27,1.70M,1.15%
5/13/2019,32.38,32.91,32.99,31.76,3.28M,-2.67%
5/12/2019,33.27,33.48,33.48,33.08,419.06K,-0.08%
5/9/2019,33.29,33.54,33.54,33.2,812.38K,-1.83%
5/8/2019,33.91,33.76,34.1,33.42,3.87M,-0.90%
5/7/2019,34.22,33.4,34.45,33.27,1.27M,3.25%
5/6/2019,33.14,33.31,33.48,32.66,1.44M,-0.68%
5/5/2019,33.37,33.99,34.04,33.22,1.74M,-2.89%
5/2/2019,34.36,34.85,34.85,34.17,1.41M,-0.72%
4/30/2019,34.61,33.97,34.85,33.97,8.59M,2.44%
4/24/2019,33.79,33.1,34.04,33.1,3.27M,1.37%
4/23/2019,33.33,33.08,33.53,33.08,1.31M,0.07%
4/22/2019,33.31,33.31,33.45,33.08,494.44K,0.41%
4/21/2019,33.17,33.08,33.5,33.08,249.01K,0.38%
4/18/2019,33.04,33.08,33.32,32.86,1.84M,-0.60%
4/17/2019,33.24,33.54,33.54,33.08,618.27K,-0.88%
4/16/2019,33.54,33.36,33.67,33.36,2.49M,-0.12%
4/15/2019,33.58,33.38,33.72,33.31,2.95M,-0.16%
4/14/2019,33.63,33.84,33.9,33.38,599.79K,-0.15%
4/11/2019,33.68,33.49,33.79,33.49,2.78M,0.68%
4/10/2019,33.46,33.52,33.54,33.13,3.21M,0.26%
4/9/2019,33.37,33.08,33.54,32.93,1.70M,0.41%
4/8/2019,33.23,33.08,33.51,33.08,6.38M,0.22%
4/7/2019,33.16,33.76,33.76,32.86,206.90K,-1.16%
4/4/2019,33.55,33.51,33.88,33.27,2.63M,0.07%
4/3/2019,33.53,33.38,33.71,33.18,4.53M,0.94%
4/2/2019,33.22,32.63,33.54,32.62,3.86M,3.37%
4/1/2019,32.13,31.25,33.08,31.25,6.42M,3.72%
3/31/2019,30.98,31.05,31.27,30.76,1.24M,0.31%
3/28/2019,30.89,30.09,31.16,30.09,3.60M,1.25%
3/27/2019,30.51,30.82,30.83,29.98,4.89M,-0.85%
3/26/2019,30.77,30.82,30.84,30.64,3.05M,-0.38%
3/25/2019,30.89,31.01,31.16,30.68,3.37M,-0.41%
3/24/2019,31.01,31.26,31.27,30.93,779.91K,0.25%
3/21/2019,30.94,31.05,31.27,30.5,3.65M,-0.74%
3/20/2019,31.17,31,31.25,30.73,1.51M,1.79%
3/19/2019,30.62,31.38,31.48,30.43,2.25M,-1.76%
3/18/2019,31.17,31.72,31.72,30.82,2.70M,-1.64%
3/17/2019,31.69,31.55,31.84,31.48,654.42K,0.56%
3/14/2019,31.51,32,32.08,31.27,7.68M,-1.78%
3/13/2019,32.08,32.24,32.4,31.95,923.92K,-0.41%
3/12/2019,32.21,32.2,32.27,32.12,2.55M,0.10%
3/11/2019,32.18,32.35,32.35,32.09,8.86M,0.17%
3/10/2019,32.13,32,32.18,31.95,269.85K,0.65%
3/7/2019,31.92,31.41,32.39,31.41,4.11M,2.43%
3/6/2019,31.16,31.5,31.5,30.89,2.48M,-0.84%
3/5/2019,31.43,32.04,32.04,31.26,2.86M,-1.97%
3/4/2019,32.06,32.17,32.63,31.38,2.43M,-0.44%
3/3/2019,32.2,31.92,32.47,31.81,568.52K,1.23%
2/28/2019,31.81,31.38,31.95,31.38,8.50M,0.27%
2/27/2019,31.72,31.72,31.94,31.5,972.76K,-1.17%
2/26/2019,32.1,32.85,32.85,31.5,4.78M,-1.23%
2/25/2019,32.5,32.86,32.86,32.18,5.03M,-1.48%
2/24/2019,32.98,33.46,33.54,32.74,600.82K,-1.83%
2/21/2019,33.6,33.79,33.81,33.27,2.73M,-0.66%
2/20/2019,33.82,33.76,33.95,33.76,6.97M,0.38%
2/19/2019,33.7,33.98,33.98,33.54,993.95K,-0.81%
2/18/2019,33.97,34.44,34.44,33.65,1.88M,0.27%
2/17/2019,33.88,33.56,34.62,33.54,2.04M,1.18%
2/14/2019,33.49,32.86,33.72,32.86,3.63M,1.60%
2/13/2019,32.96,32.88,33.04,32.76,5.86M,0.54%
2/12/2019,32.78,32.61,32.92,32.61,2.41M,1.22%
2/11/2019,32.39,31.99,32.81,31.99,3.87M,0.92%
2/10/2019,32.09,32.39,32.39,31.92,247.78K,-0.44%
2/7/2019,32.24,32.43,32.45,32.13,1.40M,-0.45%
2/6/2019,32.38,32.44,32.6,32.09,3.57M,0.69%
2/5/2019,32.16,31.62,32.52,31.62,2.96M,3.03%
2/4/2019,31.21,30.53,31.54,30.46,2.54M,2.66%
2/3/2019,30.41,30.44,30.55,30.27,474.18K,1.00%
1/31/2019,30.1,30.18,30.38,29.91,3.13M,-0.20%
1/30/2019,30.17,30.46,30.56,29.77,3.07M,-0.60%
1/29/2019,30.35,30.46,30.82,30.09,3.17M,-0.70%
1/28/2019,30.56,30.64,30.89,30.17,3.49M,-0.18%
1/27/2019,30.62,30.18,30.78,30.18,971.70K,2.35%
1/23/2019,29.91,29.55,30.46,28.68,3.66M,2.37%
1/22/2019,29.22,29.37,29.55,28.83,1.84M,-1.02%
1/21/2019,29.52,28.64,30.09,28.64,3.64M,2.12%
1/20/2019,28.91,28.91,29.04,28.65,711.71K,0.18%
1/17/2019,28.86,28.64,29.01,28.64,2.03M,1.38%
1/16/2019,28.47,27.92,28.82,27.92,3.11M,2.45%
1/15/2019,27.78,27.37,28.06,27.37,2.61M,1.71%
1/14/2019,27.32,27.29,27.61,26.94,1.63M,-1.02%
1/13/2019,27.6,27.2,27.74,27.2,1.89M,2.74%
1/10/2019,26.86,27.14,27.28,26.56,3.54M,-0.54%
1/9/2019,27.01,27.46,27.73,26.82,3.21M,-1.42%
1/8/2019,27.4,27.88,27.88,27.12,3.41M,-1.23%
1/6/2019,27.74,27.91,27.97,27.55,1.19M,0.28%
1/3/2019,27.66,27.52,27.85,27.52,1.96M,0.50%
1/2/2019,27.52,27.01,27.81,27.01,1.80M,2.47%
12/31/2018,26.86,26.79,27.19,26.65,1.96M,0.91%
12/30/2018,26.62,26.61,26.83,26.47,385.10K,0.18%
12/27/2018,26.57,26.65,26.83,26.47,1.66M,0.88%
12/26/2018,26.34,26.29,26.47,26.25,570.30K,0.78%
12/25/2018,26.13,26.36,26.36,25.95,568.96K,-1.57%
12/24/2018,26.55,26.65,26.79,26.29,1.08M,-1.81%
12/23/2018,27.04,27.61,27.61,26.54,871.63K,-1.96%
12/20/2018,27.58,26.94,27.83,26.94,5.90M,2.12%
12/19/2018,27.01,26.99,27.21,26.83,3.20M,0.27%
12/18/2018,26.94,26.87,27.01,26.79,2.13M,-0.51%
12/17/2018,27.07,26.47,27.19,26.47,3.54M,3.02%
12/16/2018,26.28,26.54,26.54,25.95,599.44K,-1.11%
12/13/2018,26.57,26.56,26.79,26.47,4.29M,0.04%
12/12/2018,26.56,26.11,26.83,26.11,5.36M,2.33%
12/11/2018,25.96,25.89,26.27,25.74,7.49M,1.83%
12/10/2018,25.49,24.84,25.91,24.66,7.77M,3.22%
12/9/2018,24.69,24.84,25.27,24.29,1.61M,-1.89%
12/6/2018,25.17,25.92,25.92,24.54,3.02M,-2.72%
12/5/2018,25.87,25.56,26.09,25.47,2.77M,1.21%
12/4/2018,25.56,25.74,25.91,25.29,3.95M,-2.73%
12/3/2018,26.28,26.49,26.93,25.38,10.28M,-1.32%
12/2/2018,26.63,27.19,27.19,26.47,702.91K,-1.54%
11/29/2018,27.05,26.87,27.19,26.84,7.50M,0.57%
11/28/2018,26.9,26.98,27.05,26.74,11.24M,0.56%
11/27/2018,26.75,26.82,26.94,26.28,7.29M,1.01%
11/26/2018,26.48,26.57,26.9,26.2,6.56M,-1.72%
11/25/2018,26.95,28.19,28.19,26.29,6.21M,-6.48%
11/22/2018,28.81,29.04,29.32,28.64,1.61M,-1.45%
11/21/2018,29.24,29.73,29.73,28.99,4.02M,-2.36%
11/19/2018,29.94,29.8,30.13,29.68,4.19M,-0.51%
11/18/2018,30.1,29.73,30.27,29.73,1.16M,2.00%
11/15/2018,29.51,29.14,29.59,29.14,2.68M,1.08%
11/14/2018,29.19,29.19,29.26,29.01,3.73M,0.37%
11/13/2018,29.08,29.37,29.37,28.97,2.35M,-1.00%
11/12/2018,29.38,29.02,29.46,29.02,8.41M,0.72%
11/11/2018,29.17,29.55,29.55,29.04,875.81K,-1.85%
11/8/2018,29.72,29.54,29.89,29.37,1.67M,1.73%
11/7/2018,29.21,29.19,29.55,28.98,1.17M,0.14%
11/6/2018,29.17,29.01,29.37,29.01,3.91M,-0.04%
11/5/2018,29.18,28.64,29.33,28.64,1.82M,1.12%
11/4/2018,28.86,29.01,29.19,28.64,475.47K,-0.52%
11/1/2018,29.01,29.17,29.19,28.93,2.17M,-0.34%
10/31/2018,29.11,28.7,29.54,28.7,8.20M,1.40%
10/30/2018,28.71,29,29,28.57,1.38M,0.39%
10/29/2018,28.6,28.64,28.82,28.19,1.22M,0.18%
10/28/2018,28.55,29.01,29.01,28.26,1.06M,-1.59%
10/25/2018,29.01,28.9,29.19,28.9,1.39M,-1.17%
10/24/2018,29.35,29.57,29.73,28.86,2.04M,-2.16%
10/23/2018,30,29.39,30.2,29.39,2.78M,0.83%
10/22/2018,29.75,29.37,30.09,29.37,1.13M,1.96%
10/21/2018,29.18,29.19,29.73,29.01,1.23M,-1.23%
10/18/2018,29.54,29.79,30.09,29.37,2.06M,-1.77%
10/17/2018,30.08,29.74,30.22,29.74,1.67M,0.68%
10/16/2018,29.87,29.38,30.09,29.38,5.68M,1.30%
10/15/2018,29.49,29.01,29.73,29.01,2.39M,1.59%
10/14/2018,29.03,29.19,29.55,28.83,1.04M,0.73%
10/11/2018,28.82,28.97,29.19,28.5,5.23M,-1.67%
10/10/2018,29.31,29.01,29.46,29.01,1.16M,0.79%
10/9/2018,29.08,29.01,29.28,28.84,3.93M,0.21%
10/8/2018,29.02,29.37,29.38,28.83,3.44M,-1.76%
10/4/2018,29.53,29.46,29.73,29.33,1.29M,-0.48%
10/3/2018,29.68,29.83,29.91,29.39,1.13M,-0.72%
10/2/2018,29.89,30.15,30.15,29.68,3.14M,-0.88%
10/1/2018,30.15,30.41,30.46,29.93,4.56M,0.10%
9/30/2018,30.13,30.46,30.46,29.86,782.89K,-0.17%
9/27/2018,30.18,29.91,30.46,29.91,3.00M,0.70%
9/26/2018,29.97,29.55,30.09,29.55,1.40M,1.86%
9/25/2018,29.42,29.01,29.79,29.01,1.71M,1.03%
9/24/2018,29.12,29.37,29.54,28.82,1.84M,-1.10%
9/23/2018,29.44,29.73,29.89,29.08,812.73K,0.26%
9/20/2018,29.36,29.09,29.73,28.82,2.95M,0.60%
9/19/2018,29.19,29.88,29.91,28.73,3.55M,-2.29%
9/18/2018,29.88,29.86,30.1,29.39,2.45M,0.04%
9/17/2018,29.86,29.74,30.09,29.73,1.49M,-0.59%
9/16/2018,30.04,30.46,30.46,29.73,957.67K,-2.07%
9/13/2018,30.68,30.82,30.89,30.49,2.08M,-0.68%
9/12/2018,30.89,31.11,31.28,30.63,4.81M,-0.95%
9/10/2018,31.18,31,31.25,31,1.47M,0.41%
9/9/2018,31.06,31.01,31.18,31,462.95K,-0.28%
9/6/2018,31.14,31,31.25,31,887.62K,0.29%
9/5/2018,31.05,31.21,31.43,30.67,4.86M,-0.99%
9/4/2018,31.37,31.36,31.54,31.23,2.53M,-0.02%
9/3/2018,31.37,31.51,31.54,31.19,1.40M,-0.41%
9/2/2018,31.5,31.91,31.91,31.11,925.11K,-0.89%
8/30/2018,31.79,31.26,32.09,31.19,2.40M,1.85%
8/29/2018,31.21,30.82,31.38,30.82,793.87K,1.39%
8/28/2018,30.78,30.43,31.07,30.09,1.87M,3.87%
8/27/2018,29.64,30.09,30.46,29.05,3.68M,-1.02%
8/26/2018,29.94,30.35,30.35,29.69,1.16M,-1.64%
8/19/2018,30.44,30.5,30.6,30.35,346.98K,-0.56%
8/16/2018,30.61,30.59,30.82,30.53,2.02M,-0.60%
8/15/2018,30.8,30.75,30.95,30.64,829.70K,0.18%
8/14/2018,30.74,30.82,30.82,30.64,1.50M,-0.43%
8/13/2018,30.88,30.91,31,30.82,1.07M,0.02%
8/12/2018,30.87,30.53,31.17,30.53,673.51K,-0.48%
8/9/2018,31.02,30.82,31.16,30.82,1.31M,0.11%
8/8/2018,30.99,30.81,31.19,30.49,983.15K,1.11%
8/7/2018,30.64,30.64,30.82,30.49,1.37M,0.13%
8/6/2018,30.6,30.59,30.82,30.49,1.15M,-0.53%
8/5/2018,30.77,30.58,30.96,30.3,992.42K,-1.20%
8/2/2018,31.14,30.46,31.37,30.46,1.89M,2.24%
8/1/2018,30.46,30.82,30.82,30.28,5.79M,0.04%
7/31/2018,30.45,29.82,30.82,29.82,5.52M,2.14%
7/30/2018,29.81,29.57,29.97,29.55,1.16M,0.74%
7/29/2018,29.59,29.39,29.69,29.39,26.64K,0.74%
7/26/2018,29.38,29.05,29.73,29.05,4.91M,-0.47%
7/25/2018,29.51,29.41,29.77,29.02,323.91K,-1.29%
7/24/2018,29.9,29.02,30.42,29.01,1.39M,2.83%
7/22/2018,29.07,29.19,29.36,29.01,65.23K,-0.24%
7/19/2018,29.14,29.37,29.37,28.93,1.24M,-1.16%
7/18/2018,29.48,29.05,29.55,29.04,1.13M,0.72%
7/17/2018,29.27,29.91,30.43,28.93,3.74M,-3.08%
7/16/2018,30.21,30.28,30.28,29.41,10.04M,-0.66%
7/15/2018,30.41,30.09,30.53,30.09,300.82K,0.42%
7/12/2018,30.28,30.55,30.55,29.92,866.68K,-1.27%
7/11/2018,30.67,30.64,30.78,30.55,342.91K,0.14%
7/10/2018,30.62,30.6,30.82,30.38,1.37M,-0.22%
7/9/2018,30.69,30.1,31.13,30.1,2.80M,0.49%
7/8/2018,30.54,30.98,30.98,30.27,843.62K,-0.67%
7/5/2018,30.75,31,31,30.64,2.06M,-1.25%
7/4/2018,31.14,31.18,31.19,30.91,311.81K,-0.15%
7/3/2018,31.18,30.82,31.36,30.73,359.61K,0.63%
7/2/2018,30.99,30.82,31.1,30.82,1.97M,0.22%
6/28/2018,30.92,30.91,31.18,30.64,1.93M,0.32%
6/27/2018,30.82,30.91,31.18,30.6,3.56M,-0.86%
6/26/2018,31.09,31.18,31.36,30.87,1.42M,-0.80%
6/25/2018,31.34,31.18,31.53,31.18,3.35M,0.52%
6/24/2018,31.18,31.29,31.29,30.72,1.36M,0.30%
6/21/2018,31.08,31.11,31.18,30.84,1.74M,1.66%
6/20/2018,30.58,30.64,30.82,30.46,1.84M,-0.17%
6/19/2018,30.63,31.18,31.18,30.45,3.16M,-2.81%
6/14/2018,31.51,31.18,31.85,31.18,3.77M,1.20%
6/13/2018,31.14,30.64,31.19,30.64,1.40M,1.20%
6/12/2018,30.77,30.31,31.14,30.31,1.26M,0.92%
6/11/2018,30.49,31.14,31.14,30.46,11.55M,-1.67%
6/10/2018,31.01,31.18,31.18,30.82,199.10K,-0.09%
6/7/2018,31.04,30.64,31.18,30.46,1.63M,1.18%
6/6/2018,30.67,30.66,31.17,30.18,2.02M,1.21%
6/5/2018,30.31,30.82,31.22,29.01,2.73M,-2.59%
6/4/2018,31.11,31.34,31.65,30.82,6.20M,-0.73%
6/3/2018,31.34,31.36,31.69,31.18,1.41M,2.61%
5/31/2018,30.54,31.36,31.36,29.01,14.25M,-2.95%
5/30/2018,31.47,31.54,31.72,31.18,4.05M,-0.85%
5/29/2018,31.74,31.25,32.09,31.25,2.52M,2.45%
5/28/2018,30.98,30.64,31.37,30.47,1.19M,0.95%
5/27/2018,30.69,30.96,30.96,30.49,1.11M,-0.63%
5/24/2018,30.89,30.82,31.11,30.69,1.35M,0.88%
5/23/2018,30.62,30.84,30.84,30.46,1.26M,0.07%
5/22/2018,30.6,30.66,30.93,30.45,1.36M,-0.35%
5/21/2018,30.71,30.93,31,30.46,2.90M,-0.61%
5/20/2018,30.89,31.91,31.91,30.46,1.62M,-2.15%
5/17/2018,31.57,31.91,31.91,31.51,2.02M,-1.31%
5/16/2018,31.99,31.62,32.45,31.54,1.21M,1.18%
5/15/2018,31.62,31.63,31.91,31.38,2.12M,-0.85%
5/14/2018,31.89,32.09,32.13,31.61,563.37K,-0.32%
5/13/2018,31.99,32.12,32.45,31.58,957.10K,0.52%
5/10/2018,31.83,32.31,32.54,31.36,3.21M,-2.79%
5/9/2018,32.74,33.45,33.54,31.91,1.19M,-1.43%
5/8/2018,33.22,32.45,33.68,32.45,1.77M,2.05%
5/7/2018,32.55,32.99,33.14,32.2,1.30M,-1.08%
5/6/2018,32.9,33.37,34.4,32.6,972.56K,-2.50%
5/3/2018,33.75,34.26,34.44,33.54,3.19M,-1.66%
5/2/2018,34.32,33.8,34.63,33.8,3.60M,0.85%
4/30/2018,34.03,34.08,34.17,33.84,772.11K,0.05%
4/29/2018,34.01,34.44,34.53,33.74,423.87K,-1.25%
4/26/2018,34.44,33.36,34.99,33.36,3.37M,2.81%
4/24/2018,33.5,32.81,33.9,32.64,3.58M,1.99%
4/23/2018,32.85,32.31,33.18,32.27,1.60M,1.01%
4/22/2018,32.52,32.27,32.67,32.18,533.38K,0.36%
4/19/2018,32.4,31.63,32.63,31.63,1.34M,1.11%
4/18/2018,32.04,32.05,32.31,31.62,2.00M,0.58%
4/17/2018,31.86,31.54,32.01,31.54,1.28M,1.07%
4/16/2018,31.52,31.55,31.63,31.41,1.77M,-0.02%
4/15/2018,31.53,31.22,31.87,31.22,2.04M,0.09%
4/12/2018,31.5,31.84,32.17,31.18,2.96M,-2.35%
4/11/2018,32.26,32.09,32.74,31.91,1.31M,-0.73%
4/10/2018,32.49,31.91,32.67,31.91,3.29M,2.03%
4/5/2018,31.85,31.72,32.26,31.72,16.15M,0.43%
4/4/2018,31.71,31.91,32.09,31.38,2.69M,-0.09%
4/3/2018,31.74,31.9,31.98,31.55,1.04M,-0.40%
4/2/2018,31.87,31.94,32.23,31.54,2.90M,-0.60%
4/1/2018,32.06,32.58,32.58,31.82,495.20K,-0.66%
3/29/2018,32.27,32.13,32.45,32.13,1.67M,0.33%
3/28/2018,32.17,31.92,32.63,31.9,2.00M,0.69%
3/27/2018,31.95,31.9,32.12,31.72,3.16M,0.39%
3/26/2018,31.82,31.89,32.08,31.65,2.06M,0.64%
3/25/2018,31.62,31.67,31.91,31.47,823.54K,-0.16%
3/22/2018,31.67,31.8,32.27,31.43,1.64M,-0.25%
3/21/2018,31.75,32.33,32.63,31.41,3.01M,-1.67%
3/20/2018,32.29,32.27,32.65,31.9,4.49M,-0.75%
3/19/2018,32.53,32.9,33.14,32.28,2.88M,-1.18%
3/18/2018,32.92,32.64,33.39,32.63,3.21M,2.19%
3/15/2018,32.21,31.54,33.18,31.4,28.25M,1.93%
3/14/2018,31.61,31.9,31.91,31.29,5.73M,-0.75%
3/13/2018,31.84,31.37,32.23,31.21,4.09M,1.11%
3/12/2018,31.5,30.46,31.91,30.46,5.02M,3.42%
3/11/2018,30.46,30.64,30.77,30.11,2.22M,-1.39%
3/8/2018,30.88,30.63,31.13,30.63,4.39M,1.63%
3/7/2018,30.39,29.55,30.67,29.55,8.77M,3.56%
3/6/2018,29.34,29.3,29.67,29.03,7.26M,3.21%
3/5/2018,28.43,28.27,28.86,27.99,4.16M,1.49%
3/4/2018,28.01,28.1,28.14,27.95,1.67M,0.34%
3/1/2018,27.92,27.89,28.14,27.89,6.93M,-0.26%
2/28/2018,27.99,28.31,28.31,27.87,10.17M,-1.11%
2/27/2018,28.31,28.08,28.55,27.92,1.14M,-0.33%
2/26/2018,28.4,28.61,28.64,28.1,4.59M,-1.15%
2/25/2018,28.73,28.72,28.82,28.28,1.44M,0.19%
2/22/2018,28.68,28.62,28.83,28.5,4.04M,1.19%
2/21/2018,28.34,28.07,28.62,28.07,4.59M,2.26%
2/20/2018,27.71,27.55,28.07,27.54,6.23M,0.65%
2/19/2018,27.53,26.9,27.68,26.9,3.23M,1.15%
2/18/2018,27.22,27.37,27.85,26.83,2.83M,0.19%
2/15/2018,27.17,27.05,27.28,26.94,3.29M,0.92%
2/14/2018,26.92,26.65,27.12,26.47,1.44M,0.61%
2/13/2018,26.76,27.56,27.56,26.4,5.17M,-2.30%
2/12/2018,27.39,27.82,27.92,27.09,1.59M,-0.59%
2/11/2018,27.56,27.56,27.82,27.47,625.51K,-0.28%
2/8/2018,27.63,28.19,28.2,27.48,2.86M,-0.95%
2/7/2018,27.9,27.92,28.2,27.58,2.80M,1.75%
2/6/2018,27.42,27.19,27.86,26.65,1.81M,-1.95%
2/5/2018,27.96,28.1,28.1,27.85,1.21M,-0.19%
2/4/2018,28.02,28.35,28.35,27.78,1.25M,-2.10%
2/1/2018,28.62,28.64,28.99,28.28,1.79M,0.75%
1/31/2018,28.4,28.65,29.36,28.14,4.46M,-2.63%
1/30/2018,29.17,29.55,29.55,28.77,1.88M,-0.64%
1/29/2018,29.36,29.02,29.62,26.29,8.02M,1.12%
1/28/2018,29.03,28.82,29.19,28.82,2.49M,2.05%
1/24/2018,28.45,28.11,28.82,28.11,3.13M,0.91%
1/23/2018,28.19,28.08,28.45,27.74,3.47M,-0.41%
1/22/2018,28.31,28.53,28.65,28.04,3.19M,-1.25%
1/21/2018,28.67,28.69,28.97,28.51,1.00M,-0.06%
1/18/2018,28.69,28.28,28.93,28.28,2.22M,1.47%
1/17/2018,28.27,28.28,28.37,28.17,2.57M,0.21%
1/16/2018,28.21,28.17,28.39,28.04,1.22M,-0.47%
1/15/2018,28.35,28.47,28.53,28.12,3.64M,-1.01%
1/14/2018,28.64,28.82,28.83,28.5,588.71K,-1.20%
1/11/2018,28.98,29.01,29.07,28.77,1.25M,-0.21%
1/10/2018,29.05,29.44,29.44,28.9,2.58M,-0.43%
1/9/2018,29.17,28.82,29.44,28.73,6.19M,3.03%
1/8/2018,28.31,27.56,28.93,27.56,6.99M,3.24%
1/4/2018,27.42,27.37,27.7,27.23,3.68M,0.38%
1/3/2018,27.32,27.81,27.81,27.19,1.23M,-2.12%
1/2/2018,27.91,28.03,28.21,27.81,997.30K,-0.48%
12/31/2017,28.04,28.01,28.17,27.92,1.05M,-0.15%
12/28/2017,28.09,27.77,28.28,27.73,3.07M,1.67%
12/27/2017,27.63,27.25,27.86,27.25,1.18M,-0.09%
12/26/2017,27.65,27.03,27.91,27.03,3.02M,1.68%
12/25/2017,27.2,27.31,27.37,26.92,370.29K,-0.31%
12/24/2017,27.28,26.98,27.55,26.83,1.10M,1.65%
12/21/2017,26.84,26.79,26.94,26.66,2.33M,0.52%
12/20/2017,26.7,26.46,26.83,26.29,2.99M,1.59%
12/19/2017,26.28,26.47,26.47,26.11,2.73M,-0.71%
12/18/2017,26.47,26.54,26.56,26.42,2.60M,-0.95%
12/17/2017,26.73,26.69,26.9,26.5,620.27K,-0.65%
12/14/2017,26.9,26.76,26.98,26.69,18.61M,0.31%
12/13/2017,26.82,26.83,26.98,26.65,1.31M,0.61%
12/12/2017,26.65,26.47,26.83,26.29,3.45M,1.35%
12/11/2017,26.3,26.46,26.5,26.15,2.43M,-0.98%
12/10/2017,26.56,26.47,26.65,26.36,580.77K,0.73%
12/7/2017,26.37,26.4,26.58,26.29,2.28M,-0.52%
12/6/2017,26.5,26.99,26.99,26.29,4.55M,-1.76%
12/5/2017,26.98,27.19,27.19,26.83,5.79M,-1.29%
12/4/2017,27.33,27.74,27.74,27.12,5.05M,-1.32%
12/3/2017,27.7,27.56,27.92,27.37,1.48M,1.39%
11/29/2017,27.32,27.37,27.55,27.07,4.89M,1.22%
11/28/2017,26.99,26.18,27.23,26.18,5.03M,2.78%
11/27/2017,26.26,26.56,26.63,26.11,7.46M,-1.42%
11/26/2017,26.63,26.59,26.72,26.56,956.97K,-0.20%
11/23/2017,26.69,26.65,26.83,26.56,2.60M,0.42%
11/22/2017,26.58,26.65,26.72,26.48,2.11M,0.00%
11/21/2017,26.58,26.83,26.98,26.41,3.89M,-0.31%
11/20/2017,26.66,26.51,26.91,26.49,1.83M,0.46%
11/19/2017,26.54,26.54,26.83,26.47,729.57K,-0.37%
11/16/2017,26.63,26.83,27.02,26.4,4.71M,-1.61%
11/15/2017,27.07,27.41,27.56,26.7,3.50M,-1.62%
11/14/2017,27.52,27.63,27.7,27.38,2.44M,-0.41%
11/13/2017,27.63,27.85,27.91,27.55,2.38M,-1.46%
11/12/2017,28.04,28.44,28.44,27.85,685.65K,-0.73%
11/9/2017,28.24,28.09,28.41,27.92,3.20M,1.98%
11/8/2017,27.7,28.26,28.26,27.52,4.16M,-0.99%
11/7/2017,27.97,27.95,28.11,27.81,1.94M,0.16%
11/6/2017,27.93,28.1,28.1,27.81,3.46M,-0.81%
11/5/2017,28.16,28.28,28.28,27.74,403.11K,-0.61%
11/2/2017,28.33,28.57,28.68,28.14,3.19M,-0.71%
11/1/2017,28.53,28.64,28.64,28.43,3.21M,-0.16%
10/31/2017,28.58,28.35,28.82,28.31,4.21M,2.06%
10/30/2017,28,27.74,28.35,27.5,3.76M,1.46%
10/29/2017,27.6,27.56,27.83,27.48,621.61K,-0.28%
10/26/2017,27.68,27.92,27.92,27.46,2.02M,-1.10%
10/25/2017,27.99,27.96,28.15,27.89,813.91K,-0.67%
10/24/2017,28.18,28.19,28.47,27.92,2.29M,0.14%
10/23/2017,28.14,27.93,28.32,27.75,3.58M,0.70%
10/22/2017,27.94,27.66,28.15,27.56,2.73M,1.10%
10/19/2017,27.64,27.2,27.86,27.2,2.42M,1.13%
10/18/2017,27.33,27.45,27.63,27.17,2.60M,-0.23%
10/17/2017,27.39,27.56,27.74,27.16,5.02M,-1.28%
10/16/2017,27.74,28.22,28.53,27.37,7.88M,-1.86%
10/15/2017,28.27,28.28,28.46,28.11,749.55K,0.14%
10/12/2017,28.23,28.1,28.5,28.1,2.81M,0.95%
10/11/2017,27.97,28.01,28.26,27.81,3.44M,0.00%
10/10/2017,27.97,28.28,28.28,27.81,2.66M,-2.01%
10/9/2017,28.54,29.11,29.11,28.28,6.70M,-1.02%
10/8/2017,28.84,28.73,29.08,28.65,1.33M,0.08%
10/4/2017,28.81,29.44,29.44,28.39,4.52M,-2.11%
10/3/2017,29.43,29.73,29.73,29.3,3.33M,-1.12%
10/2/2017,29.77,29.71,29.95,29.55,5.19M,0.51%
10/1/2017,29.61,29.56,29.8,29.51,691.85K,0.07%
9/28/2017,29.59,29.38,29.75,29.37,3.09M,0.46%
9/27/2017,29.46,29.55,29.61,29.3,4.13M,-0.37%
9/26/2017,29.57,29.53,29.72,29.48,3.40M,-0.10%
9/25/2017,29.6,29.6,29.73,29.41,2.94M,-0.07%
9/24/2017,29.62,29.62,29.81,29.55,790.65K,-0.66%
9/20/2017,29.81,29.61,30.02,29.61,3.13M,0.57%
9/19/2017,29.64,29.58,29.91,29.55,4.77M,0.28%
9/18/2017,29.56,29.73,29.73,29.48,5.45M,-0.52%
9/17/2017,29.72,29.91,29.92,29.55,2.81M,-0.18%
9/14/2017,29.77,29.44,29.91,29.44,3.02M,1.21%
9/13/2017,29.42,29.55,29.55,29.36,2.51M,-1.07%
9/12/2017,29.73,29.88,29.91,29.55,3.18M,-0.45%
9/11/2017,29.87,29.75,30.06,29.75,3.08M,0.26%
9/10/2017,29.79,29.93,30.13,29.73,1.09M,-0.81%
9/7/2017,30.04,29.75,30.1,29.75,1.30M,0.47%
9/6/2017,29.89,30.27,30.27,29.73,4.32M,-1.78%
9/5/2017,30.43,30.53,30.81,30.28,2.93M,-0.37%
8/30/2017,30.55,30.09,30.71,30.09,3.08M,1.74%
8/29/2017,30.02,29.77,30.13,29.77,2.56M,1.38%
8/28/2017,29.61,29.28,29.91,29.28,1.04M,0.94%
8/27/2017,29.34,29.39,29.5,29.19,443.32K,-0.50%
8/24/2017,29.49,29.46,29.55,29.43,2.23M,0.00%
8/23/2017,29.49,29.51,29.56,29.37,584.94K,-0.45%
8/22/2017,29.63,29.55,29.73,29.44,444.31K,0.33%
8/21/2017,29.53,29.08,29.73,29.08,3.68M,1.00%
8/20/2017,29.23,29.39,29.44,29.02,491.33K,-0.58%
8/17/2017,29.4,29.55,29.73,29.31,4.32M,-0.39%
8/16/2017,29.52,29.73,29.73,29.4,2.21M,0.00%
8/15/2017,29.52,29.59,29.73,29.37,1.77M,-0.17%
8/14/2017,29.57,29.93,30.16,29.3,2.40M,-1.31%
8/13/2017,29.96,30.27,30.27,29.91,455.80K,-1.37%
8/10/2017,30.38,30.82,30.91,29.98,1.90M,-1.42%
8/9/2017,30.81,31,31.11,30.48,635.92K,-0.78%
8/8/2017,31.06,31,31.13,30.82,1.51M,0.19%
8/7/2017,31,30.46,31.18,30.42,3.09M,1.68%
8/6/2017,30.49,30.27,30.78,30.2,560.73K,1.06%
8/3/2017,30.17,30.31,30.31,29.95,2.81M,-0.74%
8/2/2017,30.39,30.46,30.49,30.28,3.07M,0.02%
8/1/2017,30.39,30.09,30.46,30.06,2.67M,-0.11%
7/31/2017,30.42,30.82,30.84,29.95,4.29M,-0.87%
7/30/2017,30.69,30.93,31,30.47,695.95K,-0.65%
7/27/2017,30.89,31.47,31.47,30.78,1.87M,-2.05%
7/26/2017,31.53,31.54,31.54,31.24,3.27M,0.10%
7/25/2017,31.5,31.54,31.72,31.38,1.68M,-0.11%
7/24/2017,31.54,31.54,31.65,31.38,3.23M,0.05%
7/20/2017,31.52,31.45,31.55,31.36,2.99M,0.57%
7/19/2017,31.34,31.33,31.51,31.04,2.27M,-0.15%
7/18/2017,31.39,32.09,32.12,30.81,5.26M,-2.04%
7/17/2017,32.04,31.55,32.2,31.54,3.92M,1.18%
7/16/2017,31.67,31.54,31.76,31.54,424.37K,0.26%
7/13/2017,31.59,31.33,31.83,31.18,2.44M,1.84%
7/12/2017,31.02,31.18,31.27,30.81,1.97M,0.25%
7/11/2017,30.94,30.14,31.4,30.14,4.70M,2.29%
7/10/2017,30.25,30.06,30.42,29.77,4.00M,1.74%
7/9/2017,29.73,29.37,30.06,29.01,2.55M,1.20%
7/6/2017,29.38,29.55,29.62,29.36,6.82M,-0.02%
7/5/2017,29.39,29.4,29.55,29.23,2.83M,-0.05%
7/4/2017,29.4,29.69,29.71,29.26,704.28K,-0.59%
7/3/2017,29.57,29.51,29.72,29.39,1.71M,0.22%
7/2/2017,29.51,29.01,29.73,28.97,1.35M,1.79%
6/28/2017,28.99,29.37,29.37,28.47,5.27M,-1.26%
6/22/2017,29.36,29.38,29.54,29.19,3.33M,-0.05%
6/21/2017,29.38,29.63,29.63,29.3,6.53M,-1.06%
6/20/2017,29.69,29.8,29.8,29.55,1.89M,-0.02%
6/19/2017,29.7,29.69,29.73,29.63,2.35M,0.12%
6/18/2017,29.66,29.55,29.79,29.55,747.79K,0.18%
6/15/2017,29.61,29.73,29.73,29.55,4.24M,-0.87%
6/14/2017,29.87,29.91,30.06,29.68,4.85M,-0.16%
6/13/2017,29.92,29.91,30.13,29.75,4.28M,-0.46%
6/12/2017,30.05,30.46,30.46,29.91,2.92M,-1.17%
6/11/2017,30.41,30.53,30.54,30.33,2.38M,-0.79%
6/8/2017,30.65,30.42,30.81,30.39,3.28M,0.57%
6/7/2017,30.48,30.64,30.82,30.33,2.70M,-0.99%
6/6/2017,30.78,30.46,31,30.37,6.43M,1.37%
6/5/2017,30.37,30.31,30.46,30.11,3.33M,-0.24%
6/4/2017,30.44,30.28,30.54,30.28,794.51K,0.14%
6/1/2017,30.39,30.12,30.6,30.12,3.15M,1.31%
5/31/2017,30,29.19,30.64,29.19,16.91M,2.96%
5/30/2017,29.14,28.88,29.37,28.88,2.63M,-0.05%
5/29/2017,29.15,29.16,29.39,28.86,1.78M,-0.02%
5/28/2017,29.16,28.64,29.31,28.64,3.41M,1.54%
5/25/2017,28.72,28.28,29.01,28.18,4.89M,2.63%
5/24/2017,27.98,27.66,28.27,27.6,2.51M,0.84%
5/23/2017,27.75,27.58,27.85,27.58,2.92M,0.50%
5/22/2017,27.61,27.81,27.81,27.47,6.07M,-1.14%
5/21/2017,27.93,28.1,28.1,27.85,977.25K,0.00%
5/18/2017,27.93,28.1,28.23,27.91,1.53M,-0.98%
5/17/2017,28.2,27.92,28.3,27.92,1.40M,0.95%
5/16/2017,27.94,27.66,28.1,27.66,3.98M,0.72%
5/15/2017,27.74,27.85,27.85,27.62,1.81M,-0.38%
5/14/2017,27.85,27.92,27.92,27.74,754.47K,-0.16%
5/11/2017,27.89,28.04,28.26,27.54,4.71M,-0.29%
5/10/2017,27.97,27.82,28.26,27.75,2.91M,0.78%
5/9/2017,27.75,27.61,27.81,27.56,2.18M,0.79%
5/8/2017,27.53,27.36,27.59,27.36,3.48M,1.33%
5/7/2017,27.17,27.08,27.54,27.08,242.16K,-0.70%
5/4/2017,27.36,26.87,27.5,26.87,1.14M,0.72%
5/3/2017,27.17,26.83,27.28,26.83,2.55M,0.78%
5/2/2017,26.96,26.83,27.02,26.83,2.57M,0.99%
4/30/2017,26.69,26.56,27.07,26.29,1.74M,-0.38%
4/27/2017,26.79,27.48,27.48,26.45,2.23M,-1.85%
4/26/2017,27.3,27.5,27.74,27.09,3.18M,-0.44%
4/24/2017,27.42,27.37,27.56,27.05,2.07M,0.99%
4/23/2017,27.15,27.56,27.56,26.83,2.13M,-2.46%
4/20/2017,27.83,27.65,28.02,27.62,2.01M,0.72%
4/19/2017,27.64,27.63,27.74,27.56,841.49K,-1.04%
4/18/2017,27.93,28.03,28.2,27.58,1.42M,0.09%
4/13/2017,27.9,27.83,28.1,27.78,823.46K,-0.47%
4/12/2017,28.03,28.1,28.43,27.81,2.66M,-0.26%
4/11/2017,28.1,27.92,28.19,27.92,1.34M,1.29%
4/10/2017,27.74,27.85,28.06,27.56,1.04M,0.09%
4/9/2017,27.72,27.96,27.96,27.48,819.63K,-1.97%
4/6/2017,28.28,28.64,28.64,27.97,1.24M,-1.58%
4/5/2017,28.73,28.61,29,28.46,4.49M,1.55%
4/4/2017,28.29,27.92,28.64,27.92,3.18M,2.12%
4/3/2017,27.7,27.35,28.1,27.35,4.37M,2.13%
4/2/2017,27.13,27.25,27.38,26.98,2.23M,-0.94%
3/30/2017,27.38,27.63,27.74,27.19,4.69M,-0.76%
3/29/2017,27.6,27.77,27.77,27.45,1.96M,-0.63%
3/28/2017,27.77,27.59,27.85,27.52,793.44K,0.25%
3/27/2017,27.7,27.92,28.03,27.5,2.40M,-0.84%
3/26/2017,27.94,27.59,28.16,27.59,1.06M,0.03%
3/23/2017,27.93,27.56,28.11,27.56,3.16M,1.02%
3/22/2017,27.65,27.59,27.92,27.49,2.00M,0.07%
3/21/2017,27.63,27.98,27.98,27.38,4.63M,-1.70%
3/20/2017,28.11,28.26,28.29,27.92,2.42M,-0.86%
3/19/2017,28.35,28.82,28.97,28.01,1.90M,-0.28%
3/16/2017,28.43,27.68,28.93,27.68,3.55M,2.63%
3/15/2017,27.7,28.08,28.19,27.37,3.05M,-0.78%
3/14/2017,27.92,28.28,28.44,27.74,1.96M,-1.29%
3/13/2017,28.28,28.46,28.64,27.93,2.15M,-0.05%
3/12/2017,28.3,27.91,28.64,27.88,2.79M,2.01%
3/9/2017,27.74,27.19,27.99,27.19,3.06M,2.22%
3/8/2017,27.14,27.01,27.25,26.84,1.49M,-0.11%
3/7/2017,27.17,27.25,27.48,26.51,4.41M,-0.13%
3/6/2017,27.2,27.19,27.45,26.92,2.99M,0.47%
3/5/2017,27.08,27.01,27.33,26.94,834.60K,1.10%
3/2/2017,26.78,26.27,27.05,26.27,2.82M,2.67%
3/1/2017,26.09,25.94,26.37,25.94,1.52M,0.15%
2/28/2017,26.05,26.03,26.54,25.79,9.95M,-0.26%
2/27/2017,26.12,26.65,26.65,25.85,3.07M,-2.17%
2/26/2017,26.7,26.83,27.01,26.51,574.34K,-0.08%
2/23/2017,26.72,26.88,27.19,26.43,2.54M,-0.89%
2/22/2017,26.96,27.56,27.56,26.83,5.32M,-2.20%
2/21/2017,27.56,27.03,27.92,27,5.94M,1.70%
2/20/2017,27.1,27.41,27.56,26.84,3.29M,-1.76%
2/19/2017,27.59,27.88,27.92,27.43,1.04M,-1.37%
2/16/2017,27.97,27.74,28.14,27.74,3.31M,1.81%
2/15/2017,27.48,27.2,27.72,27.19,2.87M,-0.80%
2/14/2017,27.7,28.28,28.28,27.16,5.04M,-2.03%
2/13/2017,28.27,28.2,28.56,27.94,2.54M,-0.32%
2/12/2017,28.36,29.09,29.09,28.1,2.51M,-2.49%
2/9/2017,29.09,29.04,29.37,28.68,4.02M,-0.78%
2/8/2017,29.31,29.08,29.84,28.93,4.51M,2.13%
2/7/2017,28.7,27.99,29.19,27.93,2.01M,2.58%
2/6/2017,27.98,28.1,28.1,27.86,2.24M,-0.32%
2/5/2017,28.07,27.91,28.24,27.91,1.10M,0.52%
2/2/2017,27.93,27.65,28.07,27.65,2.33M,1.12%
2/1/2017,27.62,27.92,28.1,27.38,2.03M,-0.35%
1/31/2017,27.71,28.1,28.1,27.45,4.34M,-1.80%
1/30/2017,28.22,28.28,28.55,27.67,7.13M,-0.57%
1/29/2017,28.39,27.94,28.61,27.94,987.32K,1.24%
1/26/2017,28.04,28.46,28.5,27.92,4.62M,0.21%
1/24/2017,27.98,28.53,28.53,27.74,3.97M,-1.09%
1/23/2017,28.29,27.74,28.59,27.74,3.76M,3.47%
1/22/2017,27.34,27.28,27.81,26.84,1.86M,-0.55%
1/19/2017,27.49,27.95,28.06,27.23,3.28M,-2.82%
1/18/2017,28.29,28.29,28.73,27.92,1.59M,-0.67%
1/17/2017,28.48,28.28,28.64,28.28,2.35M,1.46%
1/16/2017,28.07,27.45,28.43,27.19,3.27M,1.67%
1/15/2017,27.61,27.5,27.92,27.42,991.34K,-0.12%
1/12/2017,27.64,27.92,28.12,27.41,3.53M,-0.94%
1/11/2017,27.9,27.56,28.2,27.56,2.15M,1.38%
1/10/2017,27.52,26.76,28.14,26.76,6.41M,2.80%
1/9/2017,26.77,26.83,26.98,26.46,2.54M,-0.53%
1/8/2017,26.91,26.92,27.16,26.71,2.02M,0.56%
1/5/2017,26.76,26.41,26.98,26.41,3.41M,0.67%
1/4/2017,26.59,26.46,26.83,26.41,2.70M,0.87%
1/3/2017,26.36,26.29,26.47,26.02,1.25M,1.03%
1/2/2017,26.09,26.45,26.46,25.87,1.35M,-1.53%
12/29/2016,26.5,26.25,26.67,25.98,4.63M,1.94%
12/28/2016,25.99,25.52,26.23,25.52,3.14M,1.64%
12/27/2016,25.57,25.56,25.72,25.45,1.74M,-0.23%
12/26/2016,25.63,25.76,26,25.52,850.80K,-0.76%
12/25/2016,25.83,26.01,26.07,25.75,636.88K,-0.86%
12/22/2016,26.05,26.27,26.28,25.83,4.96M,0.00%
12/21/2016,26.05,25.66,26.25,25.66,4.70M,1.20%
12/20/2016,25.74,25.29,26.01,25.29,7.39M,2.90%
12/19/2016,25.02,24.3,25.42,24.2,6.54M,2.94%
12/18/2016,24.3,24.38,24.46,24.25,2.30M,-0.04%
12/15/2016,24.31,24.47,24.64,24.11,3.99M,-0.86%
12/14/2016,24.52,24.44,24.69,24.33,1.70M,0.25%
12/13/2016,24.46,24.76,24.84,24.29,2.30M,-1.20%
12/12/2016,24.76,24.55,25.05,24.29,4.77M,0.29%
12/8/2016,24.69,24.65,24.91,24.58,2.67M,-0.77%
12/7/2016,24.88,25.23,25.23,24.57,6.33M,-1.56%
12/6/2016,25.27,24.75,25.38,24.75,2.67M,1.51%
12/5/2016,24.9,25.34,25.34,24.47,6.41M,-1.68%
12/4/2016,25.32,25.2,25.45,25.03,1.95M,0.47%
12/1/2016,25.2,25.2,25.49,24.94,2.76M,1.00%
11/30/2016,24.95,24.3,25.13,24.29,7.10M,3.68%
11/29/2016,24.07,24.35,24.36,23.89,2.49M,-1.34%
11/28/2016,24.39,24.22,24.65,24.13,4.65M,1.07%
11/27/2016,24.14,24.42,24.64,24,2.56M,-1.29%
11/24/2016,24.45,25.02,25.02,24.28,2.87M,-2.18%
11/23/2016,25,25.12,25.31,24.84,2.50M,-0.40%
11/22/2016,25.1,25.47,25.49,24.73,3.84M,-1.21%
11/21/2016,25.41,25.19,25.56,25.12,5.23M,1.14%
11/20/2016,25.12,24.65,25.34,24.65,3.88M,0.64%
11/17/2016,24.96,24.85,25.31,24.59,6.61M,1.92%
11/16/2016,24.49,24.11,24.8,24.11,5.98M,2.01%
11/15/2016,24.01,24.29,24.47,23.84,6.58M,-1.79%
11/14/2016,24.44,25.02,25.02,23.98,3.81M,-2.75%
11/13/2016,25.14,24.84,25.38,24.84,6.54M,3.14%
11/10/2016,24.37,23.57,24.78,23.57,8.07M,3.27%
11/9/2016,23.6,23.48,23.82,23.02,5.35M,-0.34%
11/8/2016,23.68,23.2,23.93,23.2,12.13M,2.37%
11/7/2016,23.13,23.2,23.59,22.49,19.01M,7.84%
11/6/2016,21.45,20.31,22,20.31,8.10M,7.25%
11/3/2016,20,20.81,20.81,19.22,11.43M,5.71%
11/2/2016,18.92,19.07,19.22,18.68,4.51M,0.50%
11/1/2016,18.82,18.74,18.86,18.69,1.92M,0.44%
10/31/2016,18.74,18.83,18.86,18.56,2.96M,-0.40%
10/30/2016,18.82,18.86,18.94,18.78,446.78K,0.08%
10/27/2016,18.8,18.57,18.86,18.56,2.91M,0.70%
10/26/2016,18.67,18.85,18.85,18.56,1.57M,-0.41%
10/25/2016,18.75,18.74,18.85,18.64,1.12M,-0.21%
10/24/2016,18.79,18.76,18.94,18.67,4.65M,-0.37%
10/23/2016,18.86,18.93,18.98,18.74,1.06M,-0.08%
10/20/2016,18.87,18.85,18.98,18.82,3.81M,0.48%
10/19/2016,18.78,18.82,18.85,18.6,882.88K,-0.40%
10/18/2016,18.86,18.85,19.09,18.65,4.51M,0.72%
10/17/2016,18.72,18.85,18.89,18.45,8.82M,-1.79%
10/16/2016,19.06,19.4,19.71,18.71,4.42M,-1.31%
10/13/2016,19.32,18.67,19.58,18.67,10.24M,3.90%
10/12/2016,18.59,18.94,19.06,18.44,6.68M,-1.84%
10/11/2016,18.94,18.93,19.03,18.73,3.59M,-1.30%
10/10/2016,19.19,19.18,19.47,18.93,3.86M,0.00%
10/9/2016,19.19,18.87,19.43,18.87,2.99M,1.94%
10/5/2016,18.83,18.27,19.18,18.17,7.91M,3.26%
10/4/2016,18.23,18.04,18.45,17.95,3.78M,1.55%
10/3/2016,17.95,17.41,18.1,17.41,6.19M,2.95%
9/29/2016,17.44,17.68,17.68,17.31,5.92M,-0.93%
9/28/2016,17.6,17.73,17.78,17.48,1.07M,-0.92%
9/27/2016,17.77,17.95,18.11,17.65,1.86M,-0.06%
9/26/2016,17.78,17.43,18.06,17.43,9.18M,1.62%
9/25/2016,17.49,17.39,17.57,17.39,363.22K,0.44%
9/22/2016,17.42,17.4,17.58,17.28,2.46M,-0.60%
9/21/2016,17.52,17.58,17.69,17.34,4.08M,-0.84%
9/20/2016,17.67,17.6,17.75,17.58,1.65M,0.85%
9/19/2016,17.52,17.42,17.75,17.38,1.03M,0.81%
9/18/2016,17.38,17.44,17.58,17.29,1.42M,-0.35%
9/15/2016,17.44,17.91,17.92,17.33,3.88M,-2.28%
9/14/2016,17.85,17.95,17.95,17.78,906.08K,-0.85%
9/8/2016,18,17.87,18.09,17.84,1.20M,0.75%
9/7/2016,17.87,17.89,18,17.73,2.55M,-0.14%
9/6/2016,17.89,17.95,17.95,17.77,2.59M,-0.36%
9/5/2016,17.96,18.06,18.06,17.86,1.01M,0.47%
9/4/2016,17.87,17.58,18.06,17.58,2.13M,1.52%
9/1/2016,17.61,17.64,17.75,17.51,1.44M,-0.67%
8/31/2016,17.73,17.49,17.78,17.49,4.04M,1.10%
8/30/2016,17.53,17.44,17.66,17.4,2.95M,0.00%
8/29/2016,17.53,17.8,17.8,17.4,5.37M,-0.90%
8/28/2016,17.69,17.77,17.78,17.61,778.17K,-0.33%
8/25/2016,17.75,17.9,17.91,17.66,2.29M,-1.13%
8/24/2016,17.95,17.77,18.06,17.77,1.21M,0.98%
8/23/2016,17.78,17.81,17.94,17.67,4.83M,-1.31%
8/22/2016,18.02,18.38,18.49,17.78,5.02M,-1.68%
8/21/2016,18.32,18.31,18.49,18.13,1.12M,0.08%
8/18/2016,18.31,18.67,18.85,18.04,7.35M,-1.19%
8/17/2016,18.53,18.67,18.69,18.27,3.60M,-1.47%
8/16/2016,18.81,18.8,19.03,18.53,7.70M,0.10%
8/15/2016,18.79,18.48,19.18,18.48,10.39M,3.08%
8/14/2016,18.23,18.31,18.47,17.58,1.91M,-1.08%
8/11/2016,18.43,18.06,18.67,18.04,5.44M,2.69%
8/10/2016,17.94,17.58,18.17,17.58,7.85M,1.37%
8/9/2016,17.7,17.77,17.77,17.57,3.81M,-0.89%
8/8/2016,17.86,17.94,18.02,17.73,2.86M,0.33%
8/7/2016,17.8,17.91,17.94,17.66,1.37M,-0.18%
8/4/2016,17.83,17.47,17.97,17.44,7.06M,2.69%
8/3/2016,17.37,17.04,17.51,17.04,4.62M,1.98%
8/2/2016,17.03,17.13,17.13,16.98,3.83M,-0.19%
8/1/2016,17.06,17.13,17.26,16.95,4.83M,-0.65%
7/31/2016,17.17,17.15,17.32,17.08,2.32M,-0.38%
7/28/2016,17.24,16.42,17.6,16.42,8.88M,4.41%
7/27/2016,16.51,15.95,16.68,15.95,12.09M,5.76%
7/26/2016,15.61,15.67,15.77,15.53,4.03M,0.30%
7/25/2016,15.57,15.39,15.66,15.37,4.01M,1.18%
7/24/2016,15.38,15.41,15.46,15.32,151.86K,0.28%
7/21/2016,15.34,15.41,15.48,15.28,4.19M,-1.08%
7/20/2016,15.51,15.59,15.59,15.37,2.42M,-0.60%
7/19/2016,15.6,15.61,15.68,15.48,4.33M,-0.16%
7/18/2016,15.63,15.57,15.76,15.52,3.84M,1.03%
7/17/2016,15.47,15.41,15.57,15.32,1.10M,-0.12%
7/14/2016,15.49,15.41,15.58,15.37,3.84M,-0.07%
7/13/2016,15.5,15.59,15.66,15.39,3.87M,0.99%
7/12/2016,15.34,15.52,15.59,15.16,5.11M,-1.42%
7/11/2016,15.57,15.71,15.84,15.29,8.25M,0.59%
7/10/2016,15.47,15.05,15.77,15.05,7.70M,5.25%
7/4/2016,14.7,14.44,14.94,14.44,11.08M,1.96%
7/3/2016,14.42,14.5,14.5,14.27,2.20M,-0.15%
6/29/2016,14.44,14.52,14.61,14.32,4.25M,-0.40%
6/28/2016,14.5,14.41,14.59,14.41,4.21M,-0.10%
6/27/2016,14.51,14.64,14.76,14.36,2.50M,0.55%
6/26/2016,14.43,14.5,14.77,14.25,5.93M,-4.28%
6/23/2016,15.08,14.87,15.23,14.87,3.22M,1.69%
6/22/2016,14.83,14.72,15.04,14.67,3.33M,-1.45%
6/21/2016,15.05,15.21,15.26,14.72,5.23M,0.68%
6/20/2016,14.95,15.08,15.23,14.61,4.30M,-1.39%
6/19/2016,15.16,15.24,15.34,15.05,1.65M,-0.45%
6/16/2016,15.22,15.2,15.38,15.08,8.08M,0.05%
6/15/2016,15.22,15.52,15.59,15.05,6.38M,-3.61%
6/14/2016,15.79,15.77,15.95,15.45,7.29M,0.23%
6/13/2016,15.75,15.63,15.92,15.63,9.75M,0.86%
6/12/2016,15.62,15.89,15.89,15.52,3.63M,-2.38%
6/9/2016,16,15.95,16.11,15.87,6.96M,0.16%
6/8/2016,15.97,16.03,16.12,15.78,3.20M,0.11%
6/7/2016,15.95,15.81,16.06,15.81,5.47M,0.71%
6/6/2016,15.84,15.46,15.95,15.46,16.09M,2.17%
6/5/2016,15.5,15.56,15.68,15.45,641.37K,-0.58%
6/2/2016,15.59,15.61,15.76,15.52,4.15M,-0.21%
6/1/2016,15.63,15.45,15.77,15.45,9.32M,1.22%
5/31/2016,15.44,15.23,15.59,15.15,12.56M,1.24%
5/30/2016,15.25,15.41,15.48,15.08,4.14M,-1.27%
5/29/2016,15.45,15.41,15.55,15.41,821.80K,-0.33%
5/26/2016,15.5,15.44,15.59,15.34,9.30M,0.00%
5/25/2016,15.5,15.41,15.59,15.37,6.18M,0.64%
5/24/2016,15.4,15.32,15.59,15.21,7.74M,0.52%
5/23/2016,15.32,15.64,15.7,15.16,10.54M,-2.40%
5/22/2016,15.7,15.78,15.88,15.59,4.58M,-0.85%
5/19/2016,15.83,16.1,16.1,15.66,7.01M,-2.46%
5/18/2016,16.23,16.17,16.32,16.06,10.74M,1.29%
5/17/2016,16.03,15.88,16.17,15.81,10.70M,0.91%
5/16/2016,15.88,15.59,15.99,15.48,8.10M,1.37%
5/15/2016,15.67,15.95,16.04,15.52,1.40M,-1.75%
5/12/2016,15.95,15.82,16.1,15.7,11.43M,0.18%
5/11/2016,15.92,16.12,16.22,15.59,6.70M,-1.90%
5/10/2016,16.23,16.13,16.36,15.95,5.81M,0.65%
5/9/2016,16.12,16.12,16.24,15.99,7.01M,1.30%
5/8/2016,15.91,15.84,16.04,15.74,2.72M,0.32%
5/5/2016,15.86,15.95,15.95,15.71,7.33M,0.44%
5/4/2016,15.79,15.79,15.95,15.59,10.12M,-1.29%
5/3/2016,16,16.5,16.52,15.72,10.10M,-2.32%
4/28/2016,16.38,16.04,16.71,16.02,11.64M,-0.94%
4/27/2016,16.54,16.63,16.93,16.01,11.51M,1.13%
4/26/2016,16.35,15.64,16.68,15.64,13.77M,5.03%
4/24/2016,15.57,15.41,15.63,15.41,1.22M,0.00%
4/21/2016,15.57,15.41,15.7,15.41,7.90M,1.11%
4/20/2016,15.4,15.41,15.68,15.1,9.83M,0.40%
4/19/2016,15.34,15.01,15.63,14.91,14.12M,4.37%
4/18/2016,14.69,14.36,15.03,14.36,9.99M,2.53%
4/17/2016,14.33,14.31,14.45,14.25,2.50M,-0.53%
4/14/2016,14.41,14.52,14.59,14.25,11.67M,0.00%
4/13/2016,14.4,14.32,14.52,14.28,5.13M,0.61%
4/12/2016,14.32,14.41,14.41,14.18,2.50M,-0.55%
4/11/2016,14.4,14.19,14.5,14.17,10.39M,1.35%
4/10/2016,14.21,14.5,14.59,14.03,2.38M,-1.28%
4/7/2016,14.39,14.14,14.47,14.14,3.40M,0.53%
4/6/2016,14.31,14.32,14.72,14,6.63M,-0.63%
4/5/2016,14.4,14.19,14.5,14.14,11.90M,2.08%
4/4/2016,14.11,13.92,14.25,13.92,11.24M,1.17%
4/3/2016,13.95,14.01,14.1,13.85,1.27M,0.23%
3/31/2016,13.92,13.85,14.08,13.75,5.61M,-0.29%
3/30/2016,13.96,14.14,14.14,13.71,9.96M,-2.21%
3/29/2016,14.27,14.15,14.5,13.92,10.70M,0.56%
3/28/2016,14.19,14.1,14.36,14.03,1.87M,-0.63%
3/27/2016,14.28,14.54,14.58,13.96,4.92M,-2.38%
3/24/2016,14.63,14.87,14.93,14.54,6.32M,-1.32%
3/23/2016,14.83,14.68,15.01,14.5,6.69M,0.34%
3/22/2016,14.77,14.83,15.16,14.52,9.25M,-0.39%
3/21/2016,14.83,14.52,15.04,14.5,4.19M,0.99%
3/20/2016,14.69,14.58,15.15,14.47,4.32M,0.67%
3/17/2016,14.59,14.29,14.87,14.23,12.22M,1.95%
3/16/2016,14.31,14.47,14.5,14.11,5.41M,-0.30%
3/15/2016,14.35,14.54,14.58,14.14,7.17M,-0.85%
3/14/2016,14.48,13.6,14.91,13.6,13.91M,6.82%
3/13/2016,13.55,13.6,13.86,13.36,4.95M,1.03%
3/10/2016,13.42,13.06,13.6,13.05,14.20M,4.23%
3/9/2016,12.87,12.69,13.06,12.58,7.32M,1.34%
3/8/2016,12.7,12.51,12.83,12.49,6.72M,1.68%
3/7/2016,12.49,12.33,12.6,12.33,5.17M,1.20%
3/6/2016,12.34,12.24,12.42,12.24,1.59M,2.41%
3/3/2016,12.05,11.96,12.27,11.82,2.95M,1.00%
3/2/2016,11.93,12.04,12.09,11.8,5.65M,-0.66%
3/1/2016,12.01,12.09,12.12,11.89,3.85M,-0.99%
2/29/2016,12.13,12.15,12.22,11.96,7.20M,0.00%
2/28/2016,12.13,11.97,12.18,11.97,1.19M,1.42%
2/25/2016,11.96,11.96,12.07,11.89,3.26M,-0.12%
2/24/2016,11.98,11.96,12.11,11.85,1.57M,-1.11%
2/23/2016,12.11,12.28,12.28,11.97,2.20M,-0.60%
2/22/2016,12.18,12.06,12.28,12,5.74M,1.60%
2/21/2016,11.99,11.84,12.12,11.79,2.44M,1.79%
2/18/2016,11.78,11.78,11.85,11.68,1.97M,-0.58%
2/17/2016,11.85,11.72,11.93,11.62,8.10M,1.46%
2/16/2016,11.68,11.54,11.78,11.48,4.70M,1.87%
2/15/2016,11.46,11.52,11.59,11.36,2.64M,0.99%
2/14/2016,11.35,11.62,11.66,11.2,2.15M,-2.00%
2/11/2016,11.58,12.1,12.1,11.24,6.50M,-5.00%
2/10/2016,12.19,11.97,12.25,11.93,2.62M,1.94%
2/9/2016,11.96,12.31,12.32,11.78,5.27M,-4.29%
2/8/2016,12.5,12.33,12.69,12.16,3.42M,1.98%
2/7/2016,12.25,12.3,12.4,12.18,2.14M,-0.38%
2/4/2016,12.3,11.86,12.54,11.82,5.75M,4.66%
2/3/2016,11.75,11.67,11.89,11.48,4.37M,0.81%
2/2/2016,11.66,11.34,11.77,11.34,7.87M,2.29%
2/1/2016,11.4,11.25,11.42,11.24,4.10M,-1.01%
1/31/2016,11.52,11.82,11.89,11.17,6.92M,0.95%
1/28/2016,11.41,11.39,11.46,11.37,5.97M,0.00%
1/27/2016,11.4,11.5,11.53,11.23,9.08M,0.87%
1/26/2016,11.3,11.16,11.47,11.02,7.57M,-0.57%
1/24/2016,11.37,11.47,11.61,11.15,4.65M,3.60%
1/21/2016,10.98,10.93,11.09,10.71,6.99M,-1.30%
1/20/2016,11.12,11.78,11.78,10.84,12.15M,-7.12%
1/19/2016,11.97,11.87,12.15,11.79,5.88M,2.29%
1/18/2016,11.7,11.67,11.85,11.49,4.30M,3.89%
1/17/2016,11.27,10.73,11.78,10.48,5.05M,-1.46%
1/14/2016,11.43,11.96,11.96,11.19,4.38M,-6.41%
1/13/2016,12.21,12.54,12.73,11.89,5.86M,-3.13%
1/12/2016,12.61,12.96,13.05,12.35,8.61M,-4.11%
1/11/2016,13.15,13.42,13.57,12.92,5.37M,-2.45%
1/10/2016,13.48,13.42,13.59,13.34,1.85M,-2.24%
1/6/2016,13.79,14.09,14.09,13.53,6.17M,-2.36%
1/5/2016,14.12,13.83,14.32,13.8,10.07M,0.59%
1/4/2016,14.04,14.32,14.33,13.78,8.15M,-0.79%
1/3/2016,14.15,13.78,14.87,13.78,3.87M,2.47%
12/31/2015,13.81,13.77,13.92,13.69,5.36M,1.09%
12/30/2015,13.66,13.37,13.8,13.35,6.21M,4.15%
12/29/2015,13.12,12.91,13.38,12.83,3.10M,0.72%
12/28/2015,13.02,13.05,13.19,12.88,2.00M,0.25%
12/27/2015,12.99,13.16,13.16,12.87,1.61M,-1.51%
12/24/2015,13.19,13.19,13.3,13.09,5.81M,-0.41%
12/22/2015,13.24,13.5,13.5,13.1,3.31M,-0.84%
12/21/2015,13.36,13.07,13.43,13.05,4.89M,2.13%
12/20/2015,13.08,12.87,13.22,12.78,2.74M,1.98%
12/17/2015,12.82,12.42,13.05,12.42,13.03M,4.31%
12/16/2015,12.29,12.24,12.39,12.21,2.37M,0.00%
12/15/2015,12.3,12.36,12.38,12.16,5.03M,-1.11%
12/14/2015,12.44,12.51,12.55,12.32,2.77M,0.32%
12/13/2015,12.4,12.69,12.69,12.25,2.40M,-4.31%
12/10/2015,12.95,13.05,13.14,12.69,5.49M,1.51%
12/9/2015,12.76,12.98,12.98,12.6,6.15M,-0.05%
12/8/2015,12.77,13.05,13.05,12.55,4.06M,-3.04%
12/7/2015,13.17,13.52,13.59,12.94,4.73M,-1.77%
12/6/2015,13.41,13.34,13.52,13.14,1.03M,0.00%
12/3/2015,13.41,13.57,13.57,13.23,5.45M,1.49%
12/2/2015,13.21,12.91,13.51,12.86,9.89M,3.90%
12/1/2015,12.71,12.51,12.82,12.38,4.20M,1.84%
11/30/2015,12.48,12.83,12.83,12.25,10.37M,-2.43%
11/29/2015,12.79,12.48,12.88,12.47,3.07M,2.68%
11/26/2015,12.46,12.46,12.57,12.32,5.15M,1.18%
11/25/2015,12.32,12.18,12.49,12.11,6.77M,2.68%
11/24/2015,11.99,12.18,12.3,11.78,4.55M,-2.41%
11/23/2015,12.29,12.91,12.92,11.89,10.13M,-4.08%
11/22/2015,12.81,12.69,12.94,12.69,2.11M,1.24%
11/19/2015,12.66,12.47,12.85,12.47,11.16M,3.39%
11/18/2015,12.24,11.99,12.47,11.89,8.27M,-1.47%
11/17/2015,12.42,12.77,12.96,11.83,20.32M,-2.61%
11/16/2015,12.76,13.05,13.1,12.22,15.63M,-2.40%
11/15/2015,13.07,13.42,13.42,12.99,3.17M,-3.76%
11/12/2015,13.58,13.63,13.77,13.5,9.57M,0.19%
11/11/2015,13.55,13.77,13.86,13.31,14.60M,-0.13%
11/10/2015,13.57,14.21,14.21,13.43,6.25M,-5.99%
11/9/2015,14.44,15.08,15.09,13.92,14.77M,-4.69%
11/8/2015,15.15,15.37,15.38,14.95,2.76M,-2.26%
11/5/2015,15.5,15.53,15.56,15.4,2.47M,0.24%
11/4/2015,15.46,15.37,15.52,15.37,2.21M,0.26%
11/3/2015,15.42,15.55,15.57,15.34,2.09M,0.11%
11/2/2015,15.4,15.23,15.52,15.18,4.98M,0.84%
11/1/2015,15.27,15.36,15.4,15.11,1.08M,-0.27%
10/29/2015,15.31,15.34,15.4,15.24,6.62M,0.80%
10/28/2015,15.19,15.23,15.34,15.08,12.62M,-0.44%
10/27/2015,15.26,15.3,15.41,15.11,6.88M,-0.70%
10/26/2015,15.37,15.58,15.58,15.23,6.05M,-1.19%
10/25/2015,15.55,15.49,15.66,15.46,952.95K,-0.26%
10/22/2015,15.59,15.67,15.75,15.34,7.81M,-0.32%
10/21/2015,15.64,15.52,15.79,15.52,4.60M,-0.31%
10/20/2015,15.69,15.85,15.85,15.52,7.82M,-0.15%
10/19/2015,15.72,15.66,15.88,15.52,5.08M,0.24%
10/18/2015,15.68,15.56,15.84,15.53,1.44M,-1.33%
10/15/2015,15.89,16.03,16.13,15.53,4.94M,-1.05%
10/13/2015,16.06,16,16.16,15.96,3.57M,0.54%
10/12/2015,15.97,15.93,16.1,15.9,5.93M,0.38%
10/11/2015,15.91,15.93,15.98,15.83,2.32M,0.29%
10/8/2015,15.86,15.58,15.96,15.58,5.15M,2.26%
10/7/2015,15.51,15.29,15.66,15.29,5.09M,1.81%
10/5/2015,15.24,15.23,15.34,15.14,9.70M,-0.62%
10/4/2015,15.33,15.37,15.43,15.18,1.34M,-0.19%
10/1/2015,15.36,15.37,15.46,15.31,3.98M,-0.21%
9/30/2015,15.39,15.52,15.57,15.24,4.81M,-0.58%
9/29/2015,15.48,15.52,15.66,15.43,5.30M,-1.15%
9/28/2015,15.66,15.17,15.77,15.17,8.25M,1.98%
9/22/2015,15.36,15.34,15.52,15.29,2.63M,1.61%
9/21/2015,15.11,15.08,15.37,15.01,2.88M,1.13%
9/20/2015,14.95,14.94,15.08,14.79,2.21M,-0.19%
9/17/2015,14.98,14.87,15.02,14.87,7.83M,0.21%
9/16/2015,14.94,14.9,15.02,14.83,2.56M,1.12%
9/15/2015,14.78,14.79,14.87,14.67,3.27M,0.85%
9/14/2015,14.65,14.53,14.87,14.47,6.98M,1.38%
9/13/2015,14.45,14.16,14.56,14.15,1.53M,0.71%
9/10/2015,14.35,14.28,14.43,14.24,3.29M,0.24%
9/9/2015,14.32,14.44,14.46,14.11,3.32M,2.45%
9/8/2015,13.97,14.3,14.5,13.72,4.13M,-3.00%
9/7/2015,14.41,14.5,14.72,14.08,3.59M,-0.72%
9/6/2015,14.51,14.36,14.73,14.36,5.42M,0.36%
9/3/2015,14.46,14.28,14.65,14.21,5.07M,2.85%
9/2/2015,14.06,14,14.15,13.92,3.19M,-1.02%
9/1/2015,14.2,14.36,14.4,13.96,5.52M,-2.29%
8/31/2015,14.54,13.92,14.79,13.92,5.93M,3.51%
8/30/2015,14.04,14.21,14.21,13.81,2.08M,-1.00%
8/27/2015,14.19,14.23,14.27,14.01,3.14M,2.02%
8/26/2015,13.91,13.95,14.11,13.64,3.02M,1.27%
8/25/2015,13.73,13.34,13.98,13.34,2.77M,3.86%
8/24/2015,13.22,13.05,13.49,12.94,5.35M,0.84%
8/23/2015,13.11,13.63,13.63,12.91,3.62M,-5.20%
8/20/2015,13.83,13.86,13.93,13.63,5.63M,-1.41%
8/19/2015,14.03,14.53,14.53,13.81,5.74M,-3.16%
8/18/2015,14.49,14.97,14.97,14.24,5.38M,-3.59%
8/17/2015,15.02,15.08,15.18,14.84,2.86M,-0.84%
8/16/2015,15.15,15.52,15.62,14.94,1.61M,-3.03%
8/13/2015,15.63,15.66,15.72,15.52,5.84M,0.09%
8/12/2015,15.61,15.7,15.7,15.53,1.56M,-2.22%
8/11/2015,15.96,15.94,16.09,15.71,4.14M,0.79%
8/10/2015,15.84,15.88,15.95,15.67,4.34M,0.04%
8/9/2015,15.83,15.87,15.95,15.69,799.78K,-0.51%
8/5/2015,15.92,16.19,16.24,15.81,3.77M,-2.02%
8/4/2015,16.24,16.07,16.39,16.07,4.11M,1.32%
8/3/2015,16.03,16.18,16.18,15.95,2.38M,-0.97%
8/2/2015,16.19,16.19,16.3,15.97,1.68M,-1.06%
7/30/2015,16.36,16.28,16.45,16.14,2.31M,0.27%
7/29/2015,16.32,16.14,16.48,16.1,3.64M,1.61%
7/28/2015,16.06,15.96,16.17,15.92,2.88M,0.65%
7/27/2015,15.96,15.98,16.03,15.83,2.93M,-0.15%
7/26/2015,15.98,15.98,16.24,15.83,1.19M,-1.55%
7/22/2015,16.23,16.08,16.3,16.08,3.15M,1.05%
7/21/2015,16.06,15.96,16.3,15.9,5.69M,0.78%
7/16/2015,15.94,15.74,16.03,15.74,4.72M,0.68%
7/15/2015,15.83,15.52,15.94,15.52,3.32M,2.25%
7/14/2015,15.48,15.23,15.55,15.23,5.05M,1.35%
7/13/2015,15.28,15.34,15.38,14.94,5.87M,-0.81%
7/12/2015,15.4,15.23,15.53,15.23,2.92M,2.77%
7/9/2015,14.99,14.65,15.34,14.65,7.42M,1.45%
7/8/2015,14.77,15.37,15.37,14.25,4.30M,-3.87%
7/7/2015,15.37,15.38,15.62,15.16,1.81M,-0.41%
7/6/2015,15.43,15.95,15.95,15.24,5.69M,-4.13%
7/5/2015,16.1,16.36,16.53,15.95,1.29M,-1.47%
7/2/2015,16.34,16.35,16.48,16.25,14.96M,-0.23%
6/29/2015,16.37,16.68,16.68,16.21,10.72M,-2.01%
6/28/2015,16.71,16.82,16.9,16.65,1.62M,0.44%
6/25/2015,16.64,16.81,16.82,16.54,4.11M,-1.07%
6/24/2015,16.82,16.87,16.92,16.77,4.84M,-0.60%
6/23/2015,16.92,16.82,16.97,16.82,2.70M,0.66%
6/22/2015,16.81,16.74,16.91,16.72,5.21M,0.38%
6/21/2015,16.74,16.72,16.82,16.69,836.60K,0.21%
6/18/2015,16.71,16.81,16.81,16.68,3.42M,-0.59%
6/17/2015,16.81,16.91,16.94,16.71,5.07M,-0.55%
6/16/2015,16.9,16.92,16.95,16.86,526.49K,-0.63%
6/15/2015,17.01,16.83,17.11,16.83,2.31M,0.74%
6/14/2015,16.88,17.01,17.01,16.82,649.91K,-0.50%
6/11/2015,16.97,16.94,17.06,16.82,2.51M,0.97%
6/10/2015,16.81,16.82,16.95,16.65,6.08M,0.36%
6/9/2015,16.74,16.53,16.88,16.53,5.24M,0.35%
6/8/2015,16.69,16.53,16.75,16.53,3.44M,1.04%
6/7/2015,16.52,16.42,16.59,16.39,814.47K,0.41%
6/4/2015,16.45,16.63,16.72,16.32,2.37M,-1.70%
6/3/2015,16.73,16.53,16.83,16.53,2.80M,1.00%
6/2/2015,16.57,16.24,16.74,16.24,4.68M,1.84%
6/1/2015,16.27,16.53,16.53,16.19,4.45M,-0.36%
5/31/2015,16.33,16.31,16.5,16.25,1.84M,-0.85%
5/28/2015,16.47,16.3,16.68,16.27,8.88M,0.73%
5/27/2015,16.35,16.39,16.49,16.26,5.39M,-0.48%
5/26/2015,16.43,16.62,16.75,16.31,5.31M,-1.70%
5/25/2015,16.71,16.82,16.88,16.59,2.13M,-1.06%
5/24/2015,16.89,16.71,17,16.71,2.58M,0.76%
5/21/2015,16.76,16.66,16.87,16.66,3.17M,0.33%
5/20/2015,16.71,16.71,16.77,16.61,1.46M,-0.33%
5/19/2015,16.76,16.94,17.09,16.55,6.15M,-0.69%
5/18/2015,16.88,16.13,17.12,16.13,8.33M,4.85%
5/17/2015,16.1,15.97,16.21,15.97,2.21M,-0.59%
5/14/2015,16.19,16.24,16.43,15.95,6.72M,-0.55%
5/13/2015,16.28,16.36,16.45,16.13,4.17M,-0.32%
5/12/2015,16.34,16.18,16.42,16.18,3.95M,0.11%
5/11/2015,16.32,16.22,16.52,16.21,5.36M,0.90%
5/10/2015,16.17,16.24,16.24,16.11,1.04M,0.07%
5/7/2015,16.16,16.01,16.24,16.01,2.15M,0.43%
5/6/2015,16.09,16.26,16.36,16.01,3.00M,-1.51%
5/5/2015,16.34,16.2,16.39,16.13,3.14M,0.86%
5/4/2015,16.2,15.9,16.25,15.9,3.91M,2.12%
5/3/2015,15.86,15.68,16.09,15.68,982.65K,-1.14%
4/30/2015,16.05,15.87,16.21,15.74,5.54M,2.16%
4/29/2015,15.71,15.66,16,15.43,6.75M,1.40%
4/28/2015,15.49,15.8,15.81,15.3,3.96M,-1.42%
4/27/2015,15.71,15.8,15.95,15.59,5.66M,0.06%
4/26/2015,15.7,15.87,15.87,15.64,1.36M,-1.01%
4/23/2015,15.86,15.81,15.95,15.75,4.71M,1.84%
4/22/2015,15.58,15.23,15.87,15.23,4.40M,1.61%
4/21/2015,15.33,15.23,15.5,15.23,2.69M,-0.32%
4/20/2015,15.38,15.53,15.66,15.23,3.39M,-2.39%
4/19/2015,15.76,15.94,16.04,15.42,2.39M,-2.67%
4/16/2015,16.19,16.1,16.3,16.04,4.20M,-0.16%
4/15/2015,16.21,16.36,16.36,16.12,3.30M,0.36%
4/14/2015,16.16,16.09,16.39,16.01,10.05M,1.25%
4/9/2015,15.96,15.74,16.11,15.74,3.48M,1.64%
4/8/2015,15.7,15.63,15.87,15.4,5.01M,0.82%
4/7/2015,15.57,15.51,15.78,15.37,3.88M,2.23%
4/6/2015,15.23,15.23,15.49,15.07,7.55M,-1.59%
4/5/2015,15.48,16.04,16.1,15.17,5.34M,-3.53%
4/2/2015,16.04,16.52,16.52,15.81,3.62M,-2.85%
4/1/2015,16.51,16.34,16.61,16.26,3.09M,1.14%
3/31/2015,16.33,16.39,16.49,16.24,5.66M,-1.23%
3/30/2015,16.53,16.53,16.6,16.45,3.62M,-0.12%
3/29/2015,16.55,16.62,16.68,16.48,858.16K,0.18%
3/26/2015,16.52,16.53,16.63,16.32,4.96M,-0.73%
3/25/2015,16.64,16.72,16.77,16.53,4.73M,-1.02%
3/24/2015,16.81,16.82,16.88,16.74,3.50M,0.28%
3/23/2015,16.77,16.59,16.82,16.58,6.16M,0.40%
3/22/2015,16.7,16.77,16.77,16.64,1.72M,-0.43%
3/19/2015,16.77,16.79,16.82,16.72,8.77M,0.07%
3/18/2015,16.76,16.79,16.82,16.68,7.01M,0.54%
3/17/2015,16.67,16.54,16.82,16.4,6.57M,0.54%
3/16/2015,16.58,16.85,16.85,16.46,4.46M,-2.07%
3/15/2015,16.93,16.83,17.17,16.82,3.91M,1.04%
3/12/2015,16.76,16.46,17,16.46,10.35M,2.28%
3/11/2015,16.39,16.39,16.5,16.3,4.21M,0.00%
3/10/2015,16.39,16.4,16.48,16.33,2.96M,0.34%
3/9/2015,16.33,16.13,16.44,16.13,6.37M,0.93%
3/8/2015,16.18,16.19,16.3,16.11,1.59M,0.27%
3/5/2015,16.14,15.95,16.3,15.95,4.91M,1.04%
3/4/2015,15.97,16.01,16.07,15.95,2.71M,-0.43%
3/3/2015,16.04,16.07,16.16,15.95,4.94M,-0.22%
3/2/2015,16.07,16.04,16.16,15.92,5.43M,1.63%
3/1/2015,15.82,15.94,16.01,15.72,3.01M,-1.29%
2/26/2015,16.02,16.1,16.21,15.87,7.78M,-1.15%
2/25/2015,16.21,16.4,16.44,16.07,4.27M,-1.39%
2/24/2015,16.44,16.24,16.52,16.19,3.77M,1.03%
2/23/2015,16.27,15.98,16.49,15.98,7.00M,1.98%
2/22/2015,15.95,16.01,16.01,15.91,626.16K,0.16%
2/19/2015,15.93,15.95,15.99,15.87,5.81M,0.51%
2/18/2015,15.85,16.03,16.03,15.72,5.70M,0.29%
2/17/2015,15.8,15.77,16.1,15.66,5.49M,-0.51%
2/16/2015,15.88,16,16.19,15.69,2.58M,-1.65%
2/15/2015,16.15,16.24,16.24,15.96,638.96K,-0.29%
2/12/2015,16.19,16.03,16.39,15.91,5.73M,0.11%
2/11/2015,16.18,16.37,16.39,15.95,5.03M,-0.43%
2/10/2015,16.25,16.25,16.39,16.11,3.93M,-0.05%
2/9/2015,16.25,16.25,16.36,16.19,6.27M,-0.57%
2/8/2015,16.35,16.39,16.66,16.21,1.81M,-0.46%
2/5/2015,16.42,16.39,16.53,16.36,3.40M,-0.54%
2/4/2015,16.51,16.38,16.59,16.33,6.76M,1.61%
2/3/2015,16.25,16.19,16.38,16.19,8.88M,0.92%
2/2/2015,16.1,15.95,16.24,15.92,3.63M,1.68%
2/1/2015,15.84,16.08,16.08,15.7,3.26M,-1.09%
1/29/2015,16.01,16.02,16.11,15.92,3.91M,-0.23%
1/28/2015,16.05,16.16,16.16,15.96,12.24M,-0.91%
1/27/2015,16.2,16.08,16.34,15.95,9.02M,1.66%
1/26/2015,15.93,15.74,16.16,15.67,13.27M,0.20%
1/22/2015,15.9,15.81,16.01,15.78,5.08M,0.86%
1/21/2015,15.76,15.52,15.94,15.5,4.96M,1.08%
1/20/2015,15.6,15.4,15.72,15.4,4.93M,2.63%
1/19/2015,15.2,15.08,15.47,14.88,5.04M,0.19%
1/18/2015,15.17,15.16,15.37,14.99,2.17M,-0.38%
1/15/2015,15.23,15.59,15.66,14.94,12.77M,-0.91%
1/14/2015,15.36,14.93,15.81,14.87,11.95M,3.44%
1/13/2015,14.85,14.65,14.94,14.59,7.52M,1.15%
1/12/2015,14.69,14.35,14.82,14.34,6.47M,2.30%
1/11/2015,14.35,14.39,14.49,14.27,663.72K,-0.22%
1/8/2015,14.39,14.18,14.51,14.18,10.05M,2.02%
1/6/2015,14.1,14.2,14.21,13.92,1.79M,-2.25%
1/5/2015,14.43,14.31,14.49,14.31,5.52M,0.61%
1/4/2015,14.34,14.21,14.56,14.08,845.76K,0.51%
12/31/2014,14.27,14.25,14.46,14.16,8.35M,-1.17%
12/30/2014,14.44,14.37,14.49,14.22,2.71M,0.93%
12/29/2014,14.3,13.88,14.5,13.86,6.25M,3.27%
12/28/2014,13.85,13.87,13.89,13.81,619.34K,-0.08%
12/25/2014,13.86,13.92,13.92,13.84,948.75K,-0.27%
12/24/2014,13.9,13.81,13.92,13.81,1.52M,0.88%
12/23/2014,13.78,13.8,13.86,13.69,2.72M,0.08%
12/22/2014,13.77,13.78,13.84,13.63,5.37M,-1.13%
12/21/2014,13.92,13.81,14.04,13.58,43.03M,3.11%
12/18/2014,13.5,13.26,13.63,13.26,9.13M,2.62%
12/17/2014,13.16,13.5,13.76,12.76,9.44M,-2.83%
12/16/2014,13.54,13.77,13.78,13.34,9.38M,-3.21%
12/15/2014,13.99,13.5,14.18,13.5,6.06M,2.42%
12/14/2014,13.66,14.09,14.09,13.49,3.74M,-4.15%
12/11/2014,14.25,14.5,14.5,14.13,4.72M,-1.96%
12/10/2014,14.53,14.66,14.79,14.36,3.14M,-1.71%
12/9/2014,14.79,14.82,14.92,14.56,4.66M,-0.64%
12/8/2014,14.88,14.79,14.97,14.65,3.86M,0.21%
12/7/2014,14.85,14.68,15,14.68,2.16M,0.63%
12/4/2014,14.76,14.58,14.82,14.55,2.36M,1.31%
12/3/2014,14.57,14.34,14.79,14.3,5.73M,1.99%
12/2/2014,14.28,14.21,14.36,14.16,3.21M,0.51%
12/1/2014,14.21,14.3,14.36,14.1,1.79M,-1.01%
11/30/2014,14.35,14.49,14.49,14.23,1.70M,-0.12%
11/27/2014,14.37,14.22,14.44,14.22,2.34M,1.47%
11/26/2014,14.16,14.04,14.42,14.01,3.94M,1.41%
11/25/2014,13.97,14.1,14.1,13.89,7.28M,-1.61%
11/24/2014,14.2,14.22,14.34,14.1,2.50M,-1.11%
11/23/2014,14.35,14.41,14.47,14.13,2.60M,-0.30%
11/20/2014,14.4,14.47,14.47,14.3,1.41M,-0.20%
11/19/2014,14.43,14.5,14.5,14.39,2.36M,-0.16%
11/18/2014,14.45,14.22,14.5,14.22,3.67M,1.30%
11/17/2014,14.26,14.24,14.36,14.15,2.70M,0.14%
11/16/2014,14.24,14.39,14.42,14.16,1.60M,-0.83%
11/13/2014,14.36,14.5,14.5,14.21,3.13M,-1.00%
11/12/2014,14.51,14.79,14.79,14.24,3.69M,-1.69%
11/11/2014,14.76,14.79,15.05,14.62,3.72M,0.06%
11/10/2014,14.75,14.78,14.94,14.56,4.21M,1.50%
11/9/2014,14.53,14.79,14.79,14.5,672.33K,-0.46%
11/6/2014,14.6,14.79,15.01,14.52,3.02M,-1.02%
11/5/2014,14.75,14.51,14.88,14.5,3.18M,-0.35%
11/4/2014,14.8,14.77,14.94,14.6,4.23M,1.23%
11/3/2014,14.62,14.33,14.79,14.22,6.39M,2.25%
11/2/2014,14.3,14.21,14.34,14.14,993.36K,2.11%
10/30/2014,14,13.76,14.22,13.69,4.31M,2.16%
10/29/2014,13.71,13.57,13.78,13.57,2.92M,2.38%
10/28/2014,13.39,13.31,13.49,13.31,2.87M,-0.75%
10/27/2014,13.49,13.49,13.66,13.2,4.12M,-0.15%
10/26/2014,13.51,13.49,13.6,13.43,1.01M,-0.45%
10/23/2014,13.57,13.6,13.76,13.46,2.15M,-0.40%
10/22/2014,13.63,13.34,13.78,13.34,3.63M,3.71%
10/21/2014,13.14,13.05,13.33,12.89,2.78M,0.80%
10/20/2014,13.04,13.05,13.25,12.79,4.91M,-0.62%
10/19/2014,13.12,13.34,13.42,12.72,3.30M,-0.57%
10/16/2014,13.19,13.34,13.44,12.65,9.86M,-1.98%
10/15/2014,13.46,13.36,13.6,13.34,3.34M,0.80%
10/14/2014,13.35,13.63,13.63,13.21,8.12M,-2.04%
10/13/2014,13.63,13.56,13.78,13.38,5.14M,0.38%
10/12/2014,13.58,14.04,14.04,13.38,3.48M,-2.92%
10/9/2014,13.99,14.07,14.12,13.82,6.71M,-1.27%
10/8/2014,14.17,14.44,14.58,13.81,6.57M,-1.77%
10/2/2014,14.42,14.61,14.62,14.22,4.50M,-1.62%
10/1/2014,14.66,14.58,14.73,14.56,4.88M,-0.65%
9/30/2014,14.76,14.72,14.87,14.51,5.97M,0.41%
9/29/2014,14.69,14.36,14.76,14.36,4.65M,2.63%
9/28/2014,14.32,14.36,14.43,14.26,721.70K,-0.74%
9/25/2014,14.42,14.36,14.5,14.23,3.42M,0.10%
9/24/2014,14.41,14.5,14.62,14.33,2.01M,-1.19%
9/23/2014,14.58,14.43,14.76,14.38,3.52M,0.76%
9/22/2014,14.47,14.22,14.53,14.22,3.95M,1.26%
9/21/2014,14.29,14.49,14.5,14.21,1.46M,-0.28%
9/18/2014,14.33,14.21,14.5,14.1,5.81M,1.79%
9/17/2014,14.08,13.99,14.21,13.93,4.46M,1.17%
9/16/2014,13.92,13.84,14,13.79,2.98M,1.20%
9/15/2014,13.75,13.57,13.92,13.52,2.66M,0.59%
9/14/2014,13.67,13.78,13.91,13.52,2.40M,-1.61%
9/11/2014,13.9,13.88,13.98,13.81,5.52M,0.21%
9/10/2014,13.87,13.81,13.95,13.81,4.56M,0.38%
9/9/2014,13.82,13.89,13.92,13.78,5.59M,-0.54%
9/8/2014,13.89,13.88,13.98,13.79,4.54M,0.00%
9/7/2014,13.89,13.85,13.92,13.81,357.95K,0.67%
9/4/2014,13.8,13.66,13.93,13.64,3.53M,-0.61%
9/3/2014,13.88,13.92,13.96,13.75,2.85M,0.29%
9/2/2014,13.84,13.69,14.06,13.56,4.77M,2.21%
9/1/2014,13.55,13.48,13.71,13.4,3.83M,0.58%
8/31/2014,13.47,13.63,13.63,13.36,1.11M,0.48%
8/28/2014,13.4,13.17,13.63,13.11,4.30M,1.14%
8/27/2014,13.25,13.26,13.4,13.08,2.52M,-0.09%
8/26/2014,13.26,13.27,13.44,13.23,1.92M,-0.80%
8/25/2014,13.37,13.42,13.46,13.27,2.04M,-0.35%
8/24/2014,13.42,13.49,13.49,13.34,541.64K,0.63%
8/21/2014,13.33,13.22,13.47,13.13,3.02M,-0.28%
8/20/2014,13.37,13.55,13.56,13.06,4.32M,-0.63%
8/19/2014,13.46,13.23,13.6,13.2,2.49M,0.61%
8/18/2014,13.37,13.52,13.61,13.13,8.05M,-2.45%
8/17/2014,13.71,13.59,13.82,13.43,2.79M,1.44%
8/14/2014,13.52,13.19,13.63,13.18,4.74M,2.89%
8/13/2014,13.14,13.01,13.21,12.99,4.43M,0.13%
8/12/2014,13.12,13.04,13.28,13,2.87M,0.73%
8/11/2014,13.02,12.69,13.15,12.69,5.36M,2.72%
8/10/2014,12.68,12.58,12.75,12.53,1.50M,-0.52%
8/7/2014,12.75,12.61,12.78,12.61,4.41M,2.40%
8/6/2014,12.45,12.51,12.61,12.33,3.00M,-0.19%
8/5/2014,12.47,12.59,12.62,12.33,2.83M,-0.76%
8/4/2014,12.57,12.05,12.68,12.05,6.15M,3.44%
8/3/2014,12.15,12.18,12.2,12.08,1.60M,-0.57%
7/31/2014,12.22,11.6,12.43,11.6,11.68M,4.21%
7/27/2014,11.72,11.6,11.81,11.6,1.57M,-0.79%
7/24/2014,11.82,11.39,11.94,11.39,8.57M,4.19%
7/22/2014,11.34,11.03,11.49,11.02,5.65M,2.87%
7/21/2014,11.03,11.03,11.07,10.99,3.05M,-1.60%
7/20/2014,11.2,11.15,11.31,11.11,1.50M,0.52%
7/17/2014,11.15,11.02,11.28,11.01,5.05M,1.13%
7/16/2014,11.02,11.02,11.08,10.96,2.94M,-0.29%
7/15/2014,11.05,10.99,11.11,10.99,7.04M,1.11%
7/14/2014,10.93,10.67,11.02,10.67,5.15M,1.78%
7/13/2014,10.74,10.78,10.88,10.67,720.42K,-0.91%
7/10/2014,10.84,10.62,11.05,10.56,7.76M,1.66%
7/9/2014,10.66,10.49,10.73,10.49,4.03M,1.66%
7/8/2014,10.49,10.44,10.53,10.44,3.62M,0.70%
7/7/2014,10.42,10.41,10.48,10.33,2.21M,0.67%
7/6/2014,10.35,10.16,10.43,10.15,2.12M,0.99%
7/3/2014,10.24,10.32,10.33,10.15,2.82M,-0.14%
7/2/2014,10.26,10.41,10.41,10.15,2.47M,-0.65%
6/30/2014,10.33,10.21,10.44,10.21,3.95M,1.19%
6/29/2014,10.2,10.15,10.27,10.13,497.53K,-0.06%
6/26/2014,10.21,10.33,10.33,10.09,4.41M,-0.23%
6/25/2014,10.23,10.3,10.3,10.19,2.12M,-1.04%
6/24/2014,10.34,10.44,10.44,10.24,2.14M,-1.71%
6/23/2014,10.52,10.51,10.59,10.38,3.05M,0.64%
6/22/2014,10.45,10.58,10.58,10.33,1.94M,-0.91%
6/19/2014,10.55,10.62,10.66,10.49,4.17M,-1.17%
6/18/2014,10.67,10.65,10.7,10.64,3.42M,0.11%
6/17/2014,10.66,10.73,10.79,10.6,2.86M,-1.34%
6/16/2014,10.81,10.85,10.88,10.73,5.01M,-0.48%
6/15/2014,10.86,10.98,10.98,10.82,1.10M,-1.00%
6/12/2014,10.97,10.91,11.02,10.88,3.27M,1.04%
6/11/2014,10.86,10.68,11.02,10.62,9.76M,2.49%
6/10/2014,10.59,10.59,10.65,10.55,3.77M,-0.87%
6/9/2014,10.69,10.65,10.76,10.56,3.56M,1.01%
6/5/2014,10.58,10.44,10.65,10.38,6.45M,2.59%
6/4/2014,10.31,10.29,10.44,10.22,5.15M,-0.48%
6/3/2014,10.36,10.47,10.43,10.15,7.30M,-0.72%
6/2/2014,10.44,10.44,10.56,10.3,6.64M,2.51%
6/1/2014,10.18,10.15,10.47,9.57,3.12M,-2.74%
5/29/2014,10.47,11.14,11.14,10.12,8.71M,-4.45%
5/28/2014,10.96,11.07,11.11,10.86,4.56M,-1.74%
5/26/2014,11.15,11.12,11.2,11.07,2.31M,-0.08%
5/25/2014,11.16,11.09,11.21,11.06,1.05M,-0.34%
5/22/2014,11.2,11.12,11.29,11.12,2.35M,0.89%
5/21/2014,11.1,11.05,11.18,11.02,1.60M,-0.98%
5/20/2014,11.21,11.09,11.34,11.02,9.84M,2.14%
5/19/2014,10.97,10.93,11.09,10.9,2.13M,0.11%
5/18/2014,10.96,11.02,11.02,10.91,997.41K,0.11%
5/15/2014,10.95,10.98,11.02,10.91,3.95M,0.13%
5/14/2014,10.94,10.77,11.02,10.77,5.33M,2.22%
5/13/2014,10.7,10.71,10.8,10.67,8.95M,-0.05%
5/12/2014,10.7,10.7,10.73,10.65,1.63M,-0.27%
5/11/2014,10.73,10.73,10.73,10.71,824.04K,-0.08%
5/8/2014,10.74,10.73,10.8,10.69,2.09M,-1.36%
5/7/2014,10.89,10.88,10.95,10.8,3.64M,0.43%
5/6/2014,10.84,10.8,10.95,10.8,3.48M,0.46%
5/5/2014,10.79,10.78,10.83,10.78,2.72M,-0.43%
5/4/2014,10.84,10.88,10.94,10.73,2.55M,-0.32%
4/30/2014,10.87,10.81,11.02,10.8,2.94M,1.19%
4/29/2014,10.75,10.71,10.87,10.71,7.08M,0.32%
4/28/2014,10.71,10.67,10.79,10.66,5.14M,0.00%
4/27/2014,10.71,10.75,10.76,10.67,2.47M,-0.22%
4/23/2014,10.73,10.75,10.77,10.73,2.94M,-0.24%
4/22/2014,10.76,10.91,10.94,10.66,2.67M,-0.51%
4/17/2014,10.82,10.78,10.91,10.75,3.77M,-0.29%
4/16/2014,10.85,10.73,10.88,10.73,2.14M,0.05%
4/15/2014,10.84,10.83,10.88,10.76,3.56M,-0.05%
4/14/2014,10.85,10.84,10.9,10.74,1.36M,-0.27%
4/13/2014,10.88,10.8,10.95,10.8,1.96M,0.78%
4/10/2014,10.79,10.71,10.91,10.62,5.78M,1.31%
4/9/2014,10.65,10.6,10.73,10.5,5.50M,0.38%
4/8/2014,10.61,10.56,10.7,10.46,3.19M,2.32%
4/7/2014,10.37,10.4,10.53,10.21,2.92M,-1.60%
4/6/2014,10.54,10.59,10.73,10.33,1.76M,0.17%
4/3/2014,10.52,10.63,10.7,10.39,3.83M,-2.24%
4/2/2014,10.76,10.79,10.88,10.65,3.92M,0.24%
4/1/2014,10.74,10.59,10.85,10.59,3.40M,4.11%
3/31/2014,10.31,10.88,10.88,10.15,85.13M,-4.23%
3/30/2014,10.77,10.79,10.88,10.59,1.37M,-1.43%
3/27/2014,10.93,11.15,11.34,10.53,9.97M,-1.95%
3/26/2014,11.14,11.11,11.23,11.05,2.51M,0.81%
3/25/2014,11.05,10.92,11.14,10.92,5.01M,1.38%
3/24/2014,10.9,10.91,10.99,10.88,2.02M,-1.44%
3/23/2014,11.06,11.23,11.28,10.94,2.35M,-0.55%
3/20/2014,11.12,10.53,11.43,10.53,11.93M,3.23%
3/19/2014,10.78,10.88,10.88,10.75,1.31M,0.24%
3/18/2014,10.75,9.79,10.88,9.79,4.48M,-1.15%
3/17/2014,10.87,10.73,10.95,10.73,8.09M,1.08%
3/16/2014,10.76,10.78,10.82,10.73,2.86M,0.30%
3/13/2014,10.73,10.72,10.77,10.63,4.96M,1.04%
3/12/2014,10.62,10.77,10.82,10.56,6.45M,-1.19%
3/11/2014,10.74,10.7,10.8,10.67,4.58M,1.04%
3/10/2014,10.63,10.65,10.7,10.57,3.00M,-0.30%
3/9/2014,10.67,10.67,10.71,10.59,594.67K,-0.08%
3/6/2014,10.67,10.67,10.78,10.59,4.35M,0.16%
3/5/2014,10.66,10.65,10.73,10.58,4.13M,1.41%
3/4/2014,10.51,10.33,10.62,10.33,3.59M,0.81%
3/3/2014,10.42,10.57,10.65,10.27,2.55M,-2.34%
3/2/2014,10.67,10.62,10.73,10.59,919.63K,0.52%
2/27/2014,10.62,10.59,10.71,10.57,6.89M,0.63%
2/26/2014,10.55,10.53,10.59,10.47,3.22M,-0.33%
2/25/2014,10.59,10.66,10.66,10.53,3.22M,-1.03%
2/24/2014,10.7,10.73,10.78,10.59,3.63M,0.05%
2/23/2014,10.69,10.44,10.86,10.44,3.88M,1.91%
2/20/2014,10.49,10.67,10.67,10.43,7.55M,-1.55%
2/19/2014,10.66,10.33,10.73,10.33,11.07M,3.49%
2/18/2014,10.3,10.15,10.4,10.15,3.58M,2.28%
2/17/2014,10.07,10.01,10.2,9.94,2.73M,0.14%
2/16/2014,10.05,10.11,10.15,9.98,1.72M,0.41%
2/13/2014,10.01,10.04,10.09,9.89,4.97M,1.68%
2/12/2014,9.85,10.68,10.68,9.74,12.86M,1.43%
2/11/2014,9.71,9.69,9.76,9.64,3.51M,0.21%
2/10/2014,9.69,9.55,9.75,9.54,4.99M,1.18%
2/9/2014,9.57,9.57,9.62,9.56,2.37M,-0.09%
2/6/2014,9.58,9.63,9.68,9.54,5.22M,0.09%
2/5/2014,9.57,9.46,9.66,9.46,3.13M,0.58%
2/4/2014,9.52,9.69,9.71,9.44,6.50M,-2.15%
2/3/2014,9.73,9.71,9.8,9.6,3.93M,-0.24%
2/2/2014,9.75,9.8,9.82,9.71,2.11M,0.00%
1/30/2014,9.75,9.76,9.82,9.7,4.57M,0.18%
1/29/2014,9.73,9.69,9.8,9.66,3.40M,0.42%
1/28/2014,9.69,9.57,9.77,9.57,7.34M,1.33%
1/27/2014,9.57,9.57,9.6,9.5,2.77M,0.37%
1/26/2014,9.53,8.99,9.62,8.99,2.41M,-0.12%
1/23/2014,9.54,9.62,9.62,9.49,1.67M,-0.72%
1/22/2014,9.61,9.49,9.73,9.49,4.73M,1.63%
1/21/2014,9.46,9.45,9.54,9.37,2.49M,-0.12%
1/20/2014,9.47,9.46,9.56,9.37,1.57M,0.12%
1/19/2014,9.46,9.63,9.63,9.4,879.85K,-1.33%
1/16/2014,9.59,9.71,9.71,9.52,2.83M,-1.05%
1/15/2014,9.69,9.71,9.75,9.58,3.65M,-0.51%
1/14/2014,9.74,9.5,9.84,9.5,4.21M,0.27%
1/12/2014,9.71,9.61,9.77,9.57,3.80M,1.18%
1/9/2014,9.6,9.57,9.65,9.54,2.76M,1.13%
1/8/2014,9.49,9.57,9.57,9.43,3.70M,0.18%
1/6/2014,9.47,9.63,9.66,9.43,2.81M,-1.03%
1/5/2014,9.57,9.46,9.66,9.43,1.61M,1.13%
1/2/2014,9.46,9.46,9.53,9.43,413.28K,0.15%
12/31/2013,9.45,9.44,9.54,9.41,1.96M,0.09%
12/30/2013,9.44,9.45,9.5,9.4,1.66M,-0.40%
12/29/2013,9.48,9.53,9.57,9.43,753.36K,-0.52%
12/26/2013,9.53,9.66,9.68,9.47,1.23M,-0.88%
12/25/2013,9.61,9.64,9.67,9.55,693.28K,0.79%
12/24/2013,9.54,9.28,9.63,9.28,3.86M,0.70%
12/23/2013,9.47,9.48,9.52,9.4,1.39M,0.15%
12/22/2013,9.46,9.43,9.54,9.37,1.98M,0.28%
12/19/2013,9.43,9.57,9.6,9.3,5.99M,0.00%
12/18/2013,9.43,9.39,9.59,9.28,6.22M,0.68%
12/17/2013,9.37,9.28,9.42,9.28,7.30M,0.81%
12/16/2013,9.29,9.36,9.42,9.16,4.45M,-1.32%
12/15/2013,9.42,9.39,9.5,9.37,1.53M,0.71%
12/12/2013,9.35,9.28,9.4,9.28,5.29M,1.16%
12/11/2013,9.24,9.25,9.32,9.19,2.03M,0.16%
12/10/2013,9.23,9.35,9.35,9.16,5.19M,-0.69%
12/9/2013,9.29,9.35,9.43,9.19,6.19M,-0.16%
12/8/2013,9.31,8.88,9.56,8.88,7.95M,5.08%
12/5/2013,8.86,8.73,8.95,8.7,4.03M,2.75%
12/4/2013,8.62,8.66,8.69,8.57,2.17M,0.36%
12/3/2013,8.59,8.51,8.68,8.46,3.25M,0.89%
12/2/2013,8.51,8.53,8.6,8.45,1.68M,0.62%
12/1/2013,8.46,8.48,8.51,8.43,2.12M,1.37%
11/28/2013,8.35,8.28,8.46,8.28,2.17M,-1.10%
11/27/2013,8.44,8.39,8.58,8.29,4.31M,0.48%
11/26/2013,8.4,8.77,8.77,8.24,15.72M,-4.25%
11/25/2013,8.77,8.82,8.97,8.61,5.30M,0.67%
11/24/2013,8.71,8.71,8.77,8.7,1.07M,0.11%
11/21/2013,8.7,8.69,8.79,8.65,2.24M,-0.71%
11/20/2013,8.77,8.49,8.84,8.49,3.52M,0.96%
11/19/2013,8.68,8.68,8.74,8.62,1.92M,0.29%
11/18/2013,8.66,8.59,8.7,8.59,2.15M,0.65%
11/17/2013,8.6,8.63,8.66,8.56,843.37K,0.75%
11/14/2013,8.54,8.66,8.66,8.49,1.93M,-0.34%
11/13/2013,8.57,8.67,8.67,8.47,5.03M,-1.18%
11/12/2013,8.67,8.8,8.8,8.59,6.48M,-0.33%
11/11/2013,8.7,8.65,8.79,8.61,7.29M,0.72%
11/10/2013,8.64,8.62,8.68,8.59,2.00M,0.00%
11/7/2013,8.63,8.61,8.66,8.55,5.12M,1.41%
11/6/2013,8.51,8.3,8.61,8.3,5.91M,2.97%
11/4/2013,8.27,8.31,8.31,8.23,1.98M,0.42%
11/3/2013,8.23,8.22,8.35,8.19,875.62K,-0.19%
10/31/2013,8.25,8.12,8.36,8.12,5.02M,1.45%
10/30/2013,8.13,8.11,8.18,8.06,3.67M,1.33%
10/29/2013,8.02,8.02,8.12,7.95,3.33M,-0.17%
10/28/2013,8.04,8.12,8.17,7.96,2.37M,-1.07%
10/27/2013,8.12,8.01,8.16,7.99,2.56M,1.45%
10/24/2013,8.01,7.97,8.06,7.96,1.76M,0.61%
10/23/2013,7.96,7.98,8,7.94,3.86M,-0.80%
10/22/2013,8.02,7.95,8.07,7.94,3.17M,1.37%
10/21/2013,7.91,7.81,8,7.76,6.73M,1.14%
10/20/2013,7.83,7.74,7.84,7.74,2.69M,1.00%
10/13/2013,7.75,7.72,7.8,7.71,2.90M,1.08%
10/10/2013,7.67,7.54,7.73,7.53,6.32M,1.75%
10/9/2013,7.53,7.5,7.57,7.5,2.83M,0.39%
10/8/2013,7.5,7.52,7.54,7.48,2.12M,-0.26%
10/7/2013,7.52,7.51,7.54,7.5,3.37M,0.13%
10/3/2013,7.51,7.47,7.54,7.46,2.08M,0.54%
10/2/2013,7.47,7.41,7.5,7.41,4.03M,0.47%
10/1/2013,7.44,7.35,7.49,7.35,2.86M,1.64%
9/30/2013,7.32,7.35,7.4,7.28,3.37M,-0.45%
9/29/2013,7.35,7.42,7.42,7.32,2.43M,-0.47%
9/26/2013,7.39,7.38,7.41,7.36,5.23M,0.00%
9/25/2013,7.38,7.41,7.44,7.35,2.03M,-0.24%
9/24/2013,7.4,7.35,7.44,7.35,3.71M,1.08%
9/23/2013,7.32,7.29,7.37,7.25,3.57M,0.24%
9/22/2013,7.31,7.2,7.35,7.2,2.29M,1.02%
9/19/2013,7.23,7.25,7.29,7.15,5.38M,-0.61%
9/18/2013,7.28,7.28,7.36,7.19,2.58M,0.00%
9/17/2013,7.28,7.2,7.33,7.19,3.84M,0.51%
9/16/2013,7.24,7.19,7.28,7.19,1.77M,1.08%
9/15/2013,7.16,7.23,7.24,7.09,3.70M,-0.51%
9/12/2013,7.2,7.15,7.24,7.15,3.40M,1.20%
9/11/2013,7.12,7.1,7.17,7.04,3.75M,0.00%
9/10/2013,7.12,7.02,7.17,7.02,7.08M,3.14%
9/9/2013,6.9,6.77,7.02,6.77,5.32M,1.74%
9/8/2013,6.79,6.74,6.83,6.71,898.92K,0.52%
9/5/2013,6.75,6.7,6.84,6.68,1.19M,0.00%
9/4/2013,6.75,6.65,6.82,6.65,2.15M,-0.23%
9/3/2013,6.77,6.83,6.84,6.74,1.00M,-0.82%
9/2/2013,6.82,6.86,6.86,6.77,1.71M,-1.04%
9/1/2013,6.9,6.88,6.95,6.85,1.21M,0.99%
8/29/2013,6.83,6.79,6.85,6.79,4.75M,0.14%
8/28/2013,6.82,6.95,6.95,6.75,3.81M,-2.14%
8/27/2013,6.97,7.06,7.06,6.92,3.95M,-1.34%
8/26/2013,7.06,7.07,7.12,7.02,3.25M,-0.11%
8/25/2013,7.07,7.04,7.13,7.04,2.12M,1.02%
8/22/2013,7,6.96,7.03,6.96,3.59M,0.28%
8/21/2013,6.98,7,7.03,6.94,1.46M,0.25%
8/20/2013,6.96,6.96,7,6.92,9.01M,1.10%
8/19/2013,6.89,6.9,6.96,6.8,7.84M,0.00%
8/18/2013,6.89,7.21,7.21,6.77,8.85M,-5.42%
8/14/2013,7.28,7.25,7.38,7.18,3.49M,-1.15%
8/13/2013,7.37,7.54,7.54,7.34,4.54M,-2.11%
8/12/2013,7.53,7.44,7.55,7.44,6.96M,1.62%
8/7/2013,7.41,7.35,7.49,7.28,4.93M,0.79%
8/6/2013,7.35,7.38,7.42,7.31,5.66M,-1.30%
8/5/2013,7.45,7.33,7.54,7.31,5.28M,3.05%
8/4/2013,7.23,7.06,7.34,7.06,3.03M,3.37%
8/1/2013,6.99,6.85,7.1,6.82,3.34M,3.14%
7/31/2013,6.78,6.69,6.86,6.69,3.29M,0.92%
7/30/2013,6.72,6.7,6.76,6.68,4.25M,0.12%
7/29/2013,6.71,6.69,6.76,6.65,1.93M,0.14%
7/28/2013,6.7,6.76,6.82,6.68,574.22K,0.38%
7/25/2013,6.67,6.65,6.74,6.61,2.66M,-1.12%
7/24/2013,6.75,6.83,6.85,6.6,6.34M,-0.80%
7/22/2013,6.8,6.73,6.84,6.73,9.92M,1.24%
7/21/2013,6.72,6.65,6.74,6.65,2.41M,1.88%
7/18/2013,6.6,6.56,6.63,6.56,3.43M,0.00%
7/17/2013,6.59,6.67,6.67,6.56,2.62M,-0.90%
7/16/2013,6.65,6.64,6.69,6.59,4.21M,-0.32%
7/15/2013,6.68,6.67,6.72,6.62,2.50M,0.44%
7/14/2013,6.65,6.57,6.71,6.48,1.91M,1.45%
7/11/2013,6.55,6.77,6.77,6.45,3.76M,-2.00%
7/10/2013,6.68,6.76,6.76,6.58,8.62M,-0.43%
7/9/2013,6.71,6.56,6.81,6.56,6.92M,4.39%
7/8/2013,6.43,6.69,6.69,6.32,9.63M,-3.71%
7/7/2013,6.68,6.9,6.9,6.49,7.28M,-1.06%
7/4/2013,6.75,6.35,6.75,6.35,10.70M,9.99%
7/3/2013,6.14,6.21,6.25,6.07,9.27M,-2.31%
7/2/2013,6.28,5.8,6.35,5.8,16.16M,8.77%
6/30/2013,5.78,5.6,5.89,5.54,2.50M,3.82%
6/27/2013,5.56,5.52,5.64,5.51,4.78M,0.70%
6/26/2013,5.52,5.65,5.65,5.48,3.43M,-0.56%
6/25/2013,5.56,5.61,5.67,5.49,5.41M,-1.54%
6/24/2013,5.64,5.76,5.76,5.59,2.81M,-2.34%
6/23/2013,5.78,5.89,5.89,5.71,1.24M,-3.43%
6/20/2013,5.98,6,6,5.88,11.43M,-0.99%
6/19/2013,6.04,6.03,6.11,5.99,2.86M,-1.85%
6/18/2013,6.16,6.07,6.23,6.02,2.21M,1.69%
6/17/2013,6.05,5.97,6.09,5.97,2.47M,0.58%
6/16/2013,6.02,6.16,6.16,5.97,629.97K,-0.67%
6/13/2013,6.06,5.88,6.15,5.88,4.75M,1.36%
6/12/2013,5.98,6.38,6.38,5.84,7.76M,-4.86%
6/11/2013,6.28,5.99,6.38,5.97,6.76M,4.77%
6/10/2013,6,6.01,6.21,5.86,5.05M,-4.05%
6/9/2013,6.25,6.58,6.58,6.02,3.40M,-5.02%
6/6/2013,6.58,6.71,6.71,6.53,5.86M,-1.28%
6/5/2013,6.67,6.75,6.75,6.58,4.57M,-1.12%
6/4/2013,6.74,6.9,6.9,6.67,4.35M,-3.91%
6/3/2013,7.02,7.06,7.17,6.87,4.36M,-0.71%
6/2/2013,7.07,7.06,7.17,7.02,3.73M,-0.33%
5/30/2013,7.09,6.96,7.16,6.96,12.63M,2.34%
5/29/2013,6.93,6.86,6.96,6.86,5.51M,0.00%
5/28/2013,6.93,6.83,6.97,6.83,3.54M,1.67%
5/27/2013,6.81,6.7,6.92,6.7,2.95M,1.38%
5/26/2013,6.72,6.66,6.74,6.66,1.82M,0.46%
5/23/2013,6.69,6.77,6.77,6.66,927.67K,-1.37%
5/22/2013,6.78,6.75,6.89,6.67,6.22M,1.39%
5/21/2013,6.69,6.65,6.73,6.65,4.57M,-0.20%
5/20/2013,6.7,6.71,6.74,6.63,4.41M,0.00%
5/19/2013,6.7,6.67,6.72,6.67,2.37M,0.87%
5/16/2013,6.64,6.63,6.68,6.57,5.23M,0.91%
5/15/2013,6.58,6.47,6.66,6.47,5.89M,1.83%
5/14/2013,6.46,6.42,6.51,6.41,1.88M,-0.45%
5/13/2013,6.49,6.5,6.54,6.41,7.13M,-0.42%
5/12/2013,6.52,6.45,6.55,6.44,3.35M,1.14%
5/9/2013,6.45,6.42,6.5,6.41,6.03M,0.36%
5/8/2013,6.42,6.29,6.48,6.28,5.67M,2.37%
5/7/2013,6.27,5.92,6.4,5.92,8.37M,4.17%
5/2/2013,6.02,5.9,6.07,5.89,7.82M,1.80%
4/30/2013,5.92,5.91,5.92,5.91,5.25M,0.00%
4/29/2013,5.91,5.87,5.93,5.87,4.95M,-0.16%
4/28/2013,5.92,5.9,5.97,5.9,6.31M,0.39%
4/24/2013,5.9,5.87,5.96,5.86,4.66M,0.16%
4/23/2013,5.89,5.9,5.93,5.86,3.31M,-0.33%
4/22/2013,5.91,5.88,5.94,5.88,6.41M,0.73%
4/21/2013,5.87,5.9,5.95,5.84,1.65M,-0.52%
4/18/2013,5.9,5.9,5.94,5.87,3.69M,0.00%
4/17/2013,5.9,5.94,5.94,5.85,14.37M,-0.65%
4/16/2013,5.94,5.99,6,5.91,6.07M,-0.84%
4/15/2013,5.99,6,6.05,5.92,18.98M,0.58%
4/14/2013,5.96,5.8,6.03,5.76,10.74M,3.22%
4/11/2013,5.77,5.74,5.8,5.73,10.28M,1.50%
4/10/2013,5.69,5.69,5.72,5.65,10.15M,-0.37%
4/9/2013,5.71,5.78,5.79,5.62,9.07M,0.85%
4/8/2013,5.66,5.47,5.78,5.47,7.86M,3.28%
4/7/2013,5.48,5.48,5.58,5.41,1.39M,0.85%
4/4/2013,5.43,5.32,5.49,5.32,5.75M,2.71%
4/3/2013,5.29,5.49,5.49,5.16,6.95M,-4.80%
4/2/2013,5.56,5.61,5.64,5.47,5.24M,-3.75%
4/1/2013,5.77,5.83,5.84,5.72,2.96M,-0.40%
3/31/2013,5.8,5.89,5.95,5.73,4.02M,-2.12%
3/28/2013,5.92,5.93,5.96,5.82,12.76M,-0.16%
3/27/2013,5.93,6,6,5.84,10.65M,-0.71%
3/26/2013,5.97,6,6.04,5.94,4.42M,-0.96%
3/25/2013,6.03,6.06,6.1,5.98,4.80M,-0.61%
3/24/2013,6.07,6.05,6.09,6.02,1.59M,0.00%
3/21/2013,6.06,6.09,6.09,6.03,2.35M,-0.41%
3/20/2013,6.09,6.1,6.13,6.03,4.72M,-0.88%
3/19/2013,6.14,6.01,6.17,6.01,6.89M,2.25%
3/18/2013,6.01,6.12,6.12,5.98,3.89M,-1.18%
3/17/2013,6.08,6.18,6.19,6,1.60M,-1.13%
3/14/2013,6.15,6.32,6.32,6.1,8.20M,-2.09%
3/13/2013,6.28,6.34,6.4,6.14,5.05M,-1.55%
3/12/2013,6.38,6.37,6.41,6.31,3.74M,0.43%
3/11/2013,6.35,6.37,6.38,6.35,10.51M,0.12%
3/10/2013,6.34,6.25,6.38,6.23,2.05M,0.77%
3/7/2013,6.3,6.16,6.43,6.15,7.86M,2.78%
3/6/2013,6.13,6.11,6.18,6.07,6.17M,1.44%
3/5/2013,6.04,6.28,6.28,5.98,9.08M,-4.61%
3/4/2013,6.33,6.57,6.57,6.1,6.32M,-2.76%
3/3/2013,6.51,6.57,6.57,6.48,958.77K,-0.82%
2/28/2013,6.56,6.59,6.66,6.48,4.92M,-0.67%
2/27/2013,6.61,6.63,6.65,6.57,3.09M,0.00%
2/26/2013,6.61,6.67,6.67,6.57,2.00M,-0.09%
2/25/2013,6.61,6.63,6.67,6.59,2.61M,-0.23%
2/24/2013,6.63,6.66,6.67,6.58,2.83M,-0.32%
2/21/2013,6.65,6.63,6.67,6.62,4.96M,0.00%
2/20/2013,6.65,6.57,6.73,6.57,7.13M,0.91%
2/19/2013,6.59,6.77,6.77,6.5,3.59M,-2.41%
2/18/2013,6.75,6.75,6.83,6.73,3.68M,0.00%
2/17/2013,6.75,6.74,6.77,6.74,1.55M,-0.17%
2/14/2013,6.76,6.78,6.81,6.74,2.41M,-0.37%
2/13/2013,6.79,6.9,6.9,6.71,6.68M,-1.68%
2/12/2013,6.9,6.87,6.94,6.86,5.15M,0.56%
2/11/2013,6.86,6.87,6.91,6.79,5.59M,-0.95%
2/10/2013,6.93,6.95,6.98,6.87,2.12M,0.56%
2/7/2013,6.89,6.81,6.92,6.8,3.46M,0.82%
2/6/2013,6.84,7.06,7.06,6.75,9.86M,-3.73%
2/5/2013,7.1,7,7.14,7,2.53M,0.85%
2/4/2013,7.04,6.96,7.1,6.96,3.23M,1.14%
2/3/2013,6.96,6.94,7.01,6.92,1.65M,1.64%
1/31/2013,6.85,6.8,6.93,6.79,5.71M,-0.73%
1/30/2013,6.9,6.9,6.96,6.79,3.82M,1.91%
1/29/2013,6.77,7.08,7.08,6.67,13.73M,-5.30%
1/28/2013,7.15,7.39,7.39,6.99,3.95M,-2.74%
1/27/2013,7.35,7.2,7.44,7.15,2.02M,1.31%
1/23/2013,7.26,7.21,7.32,7.19,2.43M,0.35%
1/22/2013,7.23,7.25,7.25,7.21,1.23M,-0.32%
1/21/2013,7.25,7.32,7.33,7.2,5.45M,-0.56%
1/20/2013,7.29,7.15,7.35,7.15,5.93M,2.00%
1/17/2013,7.15,7.07,7.22,7.07,6.61M,0.00%
1/16/2013,7.15,7.09,7.21,7.07,6.33M,1.04%
1/15/2013,7.08,6.96,7.13,6.96,5.74M,-0.60%
1/14/2013,7.12,7.14,7.15,7.05,4.83M,0.57%
1/13/2013,7.08,7.31,7.35,6.96,11.20M,-3.73%
1/10/2013,7.36,7.54,7.54,7.27,6.19M,-2.46%
1/9/2013,7.54,7.38,7.6,7.35,12.36M,2.79%
1/8/2013,7.34,7.13,7.45,7.13,9.22M,2.85%
1/6/2013,7.13,7.1,7.17,7.08,2.09M,0.90%
1/3/2013,7.07,6.96,7.14,6.91,4.05M,2.18%
1/2/2013,6.92,6.82,6.95,6.77,1.56M,3.50%
12/31/2012,6.68,6.75,6.76,6.65,3.02M,-1.00%
12/30/2012,6.75,6.38,6.83,6.38,1.23M,-0.20%
12/27/2012,6.77,6.64,6.86,6.64,3.42M,2.04%
12/26/2012,6.63,6.62,6.75,6.57,919.01K,-0.38%
12/25/2012,6.66,6.57,6.75,6.57,9.12M,-1.52%
12/24/2012,6.76,6.65,6.79,6.62,2.17M,0.00%
12/23/2012,6.76,7,7,6.64,1.98M,-1.30%
12/20/2012,6.85,6.84,6.96,6.69,6.08M,1.55%
12/19/2012,6.74,6.57,6.79,6.57,8.77M,2.56%
12/18/2012,6.57,6.51,6.59,6.51,5.02M,0.32%
12/17/2012,6.55,6.58,6.59,6.5,5.60M,-0.59%
12/16/2012,6.59,6.48,6.67,6.46,5.48M,3.65%
12/13/2012,6.36,6.67,6.67,6.28,16.55M,-3.69%
12/12/2012,6.6,6.57,6.67,6.49,9.35M,1.64%
12/11/2012,6.5,6.48,6.57,6.44,3.11M,0.21%
12/10/2012,6.48,6.59,6.59,6.39,8.72M,-2.70%
12/9/2012,6.66,6.53,6.76,6.53,6.16M,5.87%
12/6/2012,6.29,6.57,6.57,6.17,8.03M,-6.39%
12/5/2012,6.72,6.58,6.81,6.57,2.40M,1.82%
12/4/2012,6.6,6.36,6.73,6.36,5.62M,4.63%
12/3/2012,6.31,6.33,6.38,6.23,4.54M,-1.03%
12/2/2012,6.38,6.36,6.48,6.3,1.76M,1.32%
11/29/2012,6.29,6.19,6.38,6.09,9.15M,-1.90%
11/28/2012,6.41,6.75,6.75,6.16,5.32M,-5.04%
11/27/2012,6.75,6.77,6.84,6.59,3.77M,0.32%
11/26/2012,6.73,5.88,6.85,5.88,5.28M,3.05%
11/25/2012,6.53,7.06,7.06,6.52,3.68M,-9.75%
11/22/2012,7.24,7.25,7.35,7.15,1.86M,-1.21%
11/21/2012,7.33,7.22,7.45,7.17,3.80M,2.71%
11/20/2012,7.14,6.98,7.42,6.9,3.28M,0.00%
11/19/2012,7.14,6.96,7.24,6.96,4.42M,-0.49%
11/18/2012,7.17,7.35,7.35,7.1,2.24M,-4.23%
11/14/2012,7.49,7.44,7.54,7.41,7.66M,0.36%
11/13/2012,7.46,7.52,7.52,7.43,3.26M,-0.44%
11/12/2012,7.5,7.44,7.54,7.42,4.50M,0.65%
11/11/2012,7.45,7.35,7.47,7.35,596.29K,-0.21%
11/8/2012,7.46,7.39,7.52,7.35,4.04M,0.97%
11/7/2012,7.39,7.34,7.46,7.29,6.19M,0.92%
11/6/2012,7.32,7.16,7.37,7.16,4.61M,2.91%
11/5/2012,7.12,6.96,7.29,6.96,5.54M,0.77%
11/4/2012,7.06,7.1,7.21,6.95,2.19M,-0.41%
11/1/2012,7.09,7.35,7.41,7.02,5.27M,-3.22%
10/31/2012,7.33,7.31,7.38,7.29,3.70M,-0.39%
10/30/2012,7.36,7.54,7.59,7.29,3.80M,-3.43%
10/29/2012,7.62,7.54,7.66,7.54,3.86M,1.26%
10/24/2012,7.52,7.43,7.59,7.39,8.58M,2.02%
10/23/2012,7.38,7.33,7.44,7.31,2.47M,-0.08%
10/22/2012,7.38,7.3,7.5,7.3,1.85M,0.77%
10/21/2012,7.32,7.43,7.43,7.25,3.60M,-2.60%
10/18/2012,7.52,7.54,7.63,7.43,6.92M,0.18%
10/17/2012,7.51,7.43,7.64,7.35,7.58M,2.70%
10/16/2012,7.31,7.19,7.43,7.19,8.76M,0.59%
10/15/2012,7.27,7.15,7.34,7.12,5.22M,1.51%
10/14/2012,7.16,7.12,7.2,7.11,3.66M,-0.62%
10/11/2012,7.2,7.13,7.25,7.13,4.80M,0.98%
10/10/2012,7.13,6.86,7.28,6.85,7.98M,4.89%
10/9/2012,6.8,6.86,6.9,6.75,3.09M,-0.82%
10/8/2012,6.86,6.77,6.92,6.77,8.23M,0.74%
10/4/2012,6.81,6.73,6.94,6.65,6.66M,1.62%
10/3/2012,6.7,6.68,6.77,6.61,3.15M,0.96%
10/2/2012,6.63,6.46,6.77,6.46,4.46M,0.94%
10/1/2012,6.57,6.75,6.76,6.43,8.73M,-1.90%
9/30/2012,6.7,6.77,6.79,6.68,2.57M,-1.39%
9/27/2012,6.8,6.86,7,6.67,5.06M,-2.31%
9/26/2012,6.96,6.96,7.06,6.82,2.39M,0.78%
9/25/2012,6.9,6.71,7.06,6.71,10.39M,3.45%
9/24/2012,6.67,6.57,6.74,6.57,7.15M,1.47%
9/23/2012,6.57,6.59,6.6,6.54,2.41M,-0.18%
9/20/2012,6.59,6.61,6.63,6.54,8.86M,-1.02%
9/19/2012,6.65,6.72,6.75,6.58,3.96M,0.00%
9/18/2012,6.65,6.6,6.71,6.58,3.37M,-0.38%
9/17/2012,6.68,6.77,6.77,6.59,3.57M,0.00%
9/16/2012,6.68,6.48,6.78,6.48,6.65M,4.16%
9/13/2012,6.41,6.48,6.48,6.35,5.37M,-1.34%
9/12/2012,6.5,6.39,6.57,6.38,11.63M,2.19%
9/11/2012,6.36,6.34,6.4,6.29,8.17M,1.29%
9/10/2012,6.28,6.14,6.38,6.13,10.50M,2.08%
9/9/2012,6.15,6.13,6.19,6.09,8.80M,1.31%
9/6/2012,6.07,6.09,6.11,6.01,5.16M,-0.10%
9/5/2012,6.08,6.09,6.13,6,6.34M,-0.79%
9/4/2012,6.12,6.19,6.19,6.07,6.93M,0.00%
9/3/2012,6.13,6.72,6.72,6.07,5.09M,0.25%
9/2/2012,6.11,5.84,6.19,5.84,12.77M,5.02%
8/30/2012,5.82,5.8,5.84,5.79,5.82M,-0.13%
8/29/2012,5.83,5.86,5.87,5.78,16.88M,0.17%
8/28/2012,5.82,5.7,5.9,5.7,22.54M,1.90%
8/27/2012,5.71,5.63,5.75,5.62,11.47M,1.55%
8/26/2012,5.62,5.66,5.66,5.6,3.54M,0.73%
8/23/2012,5.58,5.54,5.61,5.53,5.86M,0.73%
8/22/2012,5.54,5.51,5.57,5.47,3.42M,-0.56%
8/21/2012,5.57,5.55,5.6,5.51,5.28M,0.42%
8/16/2012,5.55,5.55,5.57,5.53,9.77M,0.31%
8/15/2012,5.53,5.51,5.55,5.51,40.99M,0.60%
8/14/2012,5.5,5.41,5.53,5.41,10.82M,1.32%
8/13/2012,5.43,5.32,5.49,5.32,12.57M,1.08%
8/12/2012,5.37,5.34,5.4,5.32,653.24K,1.28%
8/9/2012,5.3,5.23,5.32,5.23,11.23M,-1.40%
8/8/2012,5.38,5.36,5.41,5.33,31.22M,-0.22%
8/7/2012,5.39,5.4,5.42,5.35,4.97M,-0.39%
8/6/2012,5.41,5.34,5.44,5.34,4.17M,-1.20%
8/5/2012,5.47,5.47,5.51,5.42,2.04M,1.25%
8/2/2012,5.41,5.8,5.8,5.32,17.37M,0.50%
8/1/2012,5.38,5.34,5.41,5.34,4.56M,1.61%
7/31/2012,5.29,5.23,5.36,5.23,8.67M,1.41%
7/30/2012,5.22,5.27,5.27,5.2,7.00M,-1.03%
7/29/2012,5.28,5.32,5.34,5.24,725.47K,0.66%
7/26/2012,5.24,5.3,5.32,5.2,6.73M,-1.42%
7/25/2012,5.32,5.34,5.4,5.24,5.55M,-2.72%
7/24/2012,5.46,5.64,5.64,5.32,7.54M,-2.79%
7/22/2012,5.62,5.63,5.65,5.61,1.88M,-0.51%
7/19/2012,5.65,5.61,5.7,5.61,2.60M,0.90%
7/18/2012,5.6,5.56,5.63,5.56,6.43M,-0.17%
7/17/2012,5.61,5.53,5.63,5.53,10.18M,1.90%
7/16/2012,5.51,5.41,5.53,5.41,2.82M,1.28%
7/15/2012,5.44,5.51,5.51,5.42,667.29K,-2.53%
7/12/2012,5.58,5.6,5.64,5.49,3.39M,1.05%
7/11/2012,5.52,5.32,5.61,5.32,2.80M,4.35%
7/10/2012,5.29,5.3,5.41,5.22,5.72M,-0.73%
7/9/2012,5.33,5.53,5.53,5.2,5.72M,-5.10%
7/8/2012,5.61,5.54,5.69,5.54,945.87K,0.21%
7/5/2012,5.6,5.51,5.7,5.51,4.01M,-0.14%
7/4/2012,5.61,5.77,5.77,5.51,3.54M,-1.29%
7/3/2012,5.68,5.52,5.83,5.35,9.62M,5.68%
7/2/2012,5.38,5.05,5.52,5.05,8.76M,7.13%
6/28/2012,5.02,4.98,5.06,4.97,5.92M,0.66%
6/27/2012,4.99,4.93,5.03,4.93,6.21M,1.42%
6/26/2012,4.92,4.82,5.03,4.8,10.09M,4.09%
6/25/2012,4.72,4.45,4.74,4.45,4.41M,9.65%
6/24/2012,4.31,4.17,4.47,4.16,2.05M,3.24%
6/21/2012,4.17,4.3,4.3,4.09,6.00M,-3.79%
6/20/2012,4.34,4.4,4.42,4.25,4.97M,1.49%
6/19/2012,4.27,4.44,4.45,4.08,5.48M,-5.35%
6/18/2012,4.52,4.83,4.83,4.27,3.61M,-3.35%
6/14/2012,4.67,4.64,4.74,4.64,4.24M,-0.62%
6/13/2012,4.7,4.72,4.73,4.64,2.77M,0.79%
6/12/2012,4.66,4.64,4.72,4.59,1.62M,0.42%
6/11/2012,4.64,4.66,4.73,4.58,1.90M,-0.83%
6/10/2012,4.68,4.75,4.75,4.64,352.59K,-0.29%
6/7/2012,4.7,4.73,4.74,4.65,3.33M,-0.61%
6/6/2012,4.73,4.75,4.76,4.65,3.94M,0.91%
6/5/2012,4.68,4.75,4.76,4.63,3.92M,-2.14%
6/4/2012,4.79,4.74,4.81,4.74,3.67M,1.48%
6/3/2012,4.72,4.78,4.79,4.66,2.26M,-0.57%
5/31/2012,4.74,4.72,4.89,4.66,6.30M,-0.24%
5/30/2012,4.75,4.74,4.8,4.74,2.51M,1.24%
5/29/2012,4.7,4.64,4.8,4.6,7.09M,-1.14%
5/28/2012,4.75,4.86,4.86,4.69,4.15M,-2.19%
5/27/2012,4.86,5.04,5.04,4.74,6.09M,-4.01%
5/24/2012,5.06,4.99,5.11,4.99,7.28M,2.31%
5/23/2012,4.95,4.96,5.01,4.89,4.60M,-0.31%
5/22/2012,4.96,5,5.03,4.82,4.61M,-0.70%
5/21/2012,5,4.89,5.03,4.89,5.04M,3.15%
5/20/2012,4.84,4.91,4.91,4.81,3.16M,-1.92%
5/17/2012,4.94,4.91,4.97,4.9,4.44M,-1.35%
5/16/2012,5.01,4.98,5.03,4.9,2.80M,-0.46%
5/15/2012,5.03,5.07,5.07,5.01,4.88M,-0.80%
5/14/2012,5.07,5.05,5.1,5.04,3.03M,-0.15%
5/13/2012,5.08,5.08,5.1,5.07,544.53K,0.77%
5/10/2012,5.04,5.07,5.08,5.02,3.90M,0.27%
5/9/2012,5.03,5.05,5.05,5,2.83M,-0.46%
5/8/2012,5.05,5.03,5.1,4.99,4.78M,0.54%
5/7/2012,5.02,4.88,5.1,4.88,5.63M,1.72%
5/6/2012,4.94,4.93,4.98,4.87,1.30M,0.55%
5/3/2012,4.91,4.83,4.91,4.83,1.33M,-0.74%
5/2/2012,4.95,4.97,5.01,4.89,3.81M,0.00%
4/30/2012,4.95,4.98,5.01,4.9,2.19M,0.39%
4/29/2012,4.93,4.9,4.95,4.85,423.98K,-0.39%
4/26/2012,4.95,4.93,5.01,4.9,2.80M,0.00%
4/24/2012,4.95,4.93,5.02,4.88,2.91M,-0.81%
4/23/2012,4.99,4.82,5.06,4.82,8.07M,4.58%
4/22/2012,4.77,4.7,4.85,4.7,2.86M,1.23%
4/19/2012,4.71,4.7,4.74,4.69,1.30M,0.21%
4/18/2012,4.7,4.64,4.77,4.64,3.12M,0.00%
4/17/2012,4.7,4.7,4.78,4.67,2.05M,-1.74%
4/12/2012,4.78,4.72,4.81,4.68,3.39M,2.61%
4/11/2012,4.66,4.58,4.73,4.58,1.95M,1.47%
4/10/2012,4.59,4.47,4.62,4.47,3.97M,1.71%
4/9/2012,4.52,4.62,4.75,4.41,1.82M,-2.18%
4/8/2012,4.62,4.62,4.81,4.54,2.19M,-3.40%
4/5/2012,4.78,4.74,4.81,4.68,7.05M,1.23%
4/4/2012,4.72,4.77,4.78,4.69,4.43M,-1.33%
4/3/2012,4.78,4.74,4.83,4.74,11.31M,-4.11%
4/2/2012,4.99,4.88,5.05,4.88,13.39M,1.82%
4/1/2012,4.9,4.77,4.99,4.77,7.43M,1.48%
3/29/2012,4.83,4.88,4.88,4.8,7.33M,0.00%
3/28/2012,4.83,4.72,4.98,4.7,5.96M,2.50%
3/27/2012,4.71,4.71,4.79,4.64,10.62M,0.45%
3/26/2012,4.69,4.67,4.8,4.6,4.59M,-2.41%
3/25/2012,4.81,4.9,4.93,4.69,1.49M,-3.19%
3/22/2012,4.97,5.01,5.01,4.93,2.76M,-0.46%
3/21/2012,4.99,4.96,5.06,4.91,4.87M,2.99%
3/20/2012,4.85,4.76,4.97,4.74,2.80M,1.25%
3/19/2012,4.79,4.74,4.81,4.74,2.71M,-0.52%
3/18/2012,4.81,4.86,4.86,4.79,2.10M,-1.27%
3/15/2012,4.87,4.81,4.91,4.81,5.53M,2.73%
3/14/2012,4.74,4.64,4.83,4.61,8.19M,1.78%
3/13/2012,4.66,4.83,4.84,4.61,8.58M,-3.29%
3/12/2012,4.82,4.81,4.89,4.74,8.10M,-1.23%
3/11/2012,4.88,4.98,4.98,4.81,4.67M,-3.00%
3/8/2012,5.03,5.08,5.08,4.98,8.02M,-0.80%
3/7/2012,5.07,5.1,5.12,5.04,10.08M,0.96%
3/6/2012,5.02,4.93,5.2,4.93,18.16M,2.69%
3/5/2012,4.89,4.76,4.96,4.76,10.63M,2.02%
3/4/2012,4.79,4.88,4.9,4.76,5.77M,-1.00%
3/1/2012,4.84,4.85,4.87,4.81,3.95M,0.00%
2/29/2012,4.84,4.64,4.9,4.64,11.33M,1.17%
2/28/2012,4.79,4.76,4.83,4.75,5.19M,-0.20%
2/27/2012,4.8,4.88,4.89,4.74,9.29M,-2.67%
2/26/2012,4.93,4.99,4.99,4.89,8.81M,1.96%
2/23/2012,4.83,4.67,4.98,4.67,17.82M,4.91%
2/22/2012,4.61,4.54,4.68,4.53,4.35M,0.29%
2/21/2012,4.59,4.64,4.66,4.5,5.46M,-2.62%
2/20/2012,4.72,4.71,4.76,4.64,9.73M,1.84%
2/19/2012,4.63,4.64,4.72,4.52,6.53M,2.66%
2/16/2012,4.51,4.52,4.56,4.45,5.78M,-1.06%
2/15/2012,4.56,4.64,4.64,4.52,6.53M,-1.63%
2/14/2012,4.64,4.71,4.72,4.56,9.24M,-1.48%
2/13/2012,4.71,4.62,4.78,4.62,10.71M,4.46%
2/12/2012,4.51,4.35,4.64,4.35,6.03M,3.10%
2/9/2012,4.37,4.35,4.43,4.33,14.86M,0.00%
2/8/2012,4.37,4.28,4.39,4.28,8.64M,2.08%
2/7/2012,4.28,4.31,4.36,4.24,9.70M,-1.95%
2/6/2012,4.36,4.29,4.43,4.25,5.97M,-1.18%
2/2/2012,4.41,5.03,5.03,4.27,6.63M,-3.51%
2/1/2012,4.58,4.6,4.64,4.52,2.30M,0.25%
1/31/2012,4.56,4.46,4.64,4.46,9.14M,2.43%
1/30/2012,4.46,4.52,4.54,4.36,7.74M,-0.86%
1/29/2012,4.49,4.32,4.59,4.32,15.65M,4.08%
1/26/2012,4.32,4,4.34,4,20.44M,9.41%
1/24/2012,3.95,3.86,4.01,3.86,13.08M,2.20%
1/23/2012,3.86,3.84,3.89,3.8,3.56M,1.22%
1/22/2012,3.82,3.85,3.86,3.78,3.79M,-1.15%
1/19/2012,3.86,3.91,3.93,3.81,5.32M,-1.38%
1/18/2012,3.91,3.93,3.95,3.87,8.33M,-0.98%
1/17/2012,3.95,3.92,3.97,3.92,6.44M,0.79%
1/16/2012,3.92,3.92,3.96,3.87,6.61M,-0.44%
1/15/2012,3.94,3.87,3.97,3.85,3.92M,1.55%
1/12/2012,3.88,3.88,3.91,3.83,5.40M,0.20%
1/11/2012,3.87,3.9,3.92,3.83,6.13M,-0.60%
1/10/2012,3.89,3.87,3.93,3.85,8.13M,2.55%
1/9/2012,3.8,3.71,3.89,3.71,5.59M,2.34%
1/5/2012,3.71,3.68,3.74,3.66,2.58M,0.00%
1/4/2012,3.71,3.67,3.72,3.67,3.35M,1.59%
1/3/2012,3.65,3.68,3.68,3.62,3.40M,-0.74%
1/2/2012,3.68,3.66,3.71,3.63,1.07M,1.66%
12/29/2011,3.62,3.62,3.66,3.59,4.93M,-0.32%
12/28/2011,3.63,3.71,3.71,3.58,4.79M,-2.24%
12/27/2011,3.71,3.83,3.83,3.67,3.27M,-0.31%
12/26/2011,3.72,3.81,3.81,3.69,1.72M,-1.84%
12/25/2011,3.79,3.68,3.88,3.68,1.72M,1.66%
12/22/2011,3.73,3.77,3.8,3.68,7.07M,-3.31%
12/21/2011,3.86,3.87,3.91,3.8,4.24M,0.50%
12/20/2011,3.84,3.98,3.98,3.78,7.00M,-4.15%
12/19/2011,4,3.98,4.1,3.96,4.02M,0.58%
12/18/2011,3.98,4.11,4.11,3.95,3.54M,-4.90%
12/15/2011,4.19,4.19,4.23,4.14,7.47M,0.23%
12/14/2011,4.18,4.18,4.21,4.14,2.54M,0.14%
12/13/2011,4.17,4.12,4.2,4.08,4.98M,0.94%
12/12/2011,4.13,4.26,4.26,4.06,7.27M,-4.43%
12/11/2011,4.32,4.4,4.52,4.26,2.51M,-0.71%
12/8/2011,4.35,4.4,4.41,4.33,5.83M,-1.01%
12/7/2011,4.4,4.58,4.6,4.35,14.06M,-1.52%
12/6/2011,4.47,4.41,4.53,4.39,6.84M,-0.86%
12/5/2011,4.51,4.52,4.53,4.4,13.17M,-2.84%
12/4/2011,4.64,4.71,4.74,4.5,7.26M,-0.58%
12/1/2011,4.66,4.64,4.71,4.54,9.09M,3.74%
11/30/2011,4.5,4.56,4.58,4.46,4.46M,0.78%
11/29/2011,4.46,4.23,4.56,4.23,16.83M,7.50%
11/24/2011,4.15,4.08,4.21,4.08,10.84M,3.92%
11/23/2011,3.99,3.96,4.15,3.85,10.70M,-0.86%
11/22/2011,4.03,4.12,4.18,3.95,6.28M,-5.06%
11/21/2011,4.24,4.43,4.43,4.11,15.14M,-5.10%
11/20/2011,4.47,4.53,4.53,4.45,12.27M,-2.61%
11/17/2011,4.59,4.66,4.66,4.56,10.72M,-2.67%
11/16/2011,4.72,4.81,4.82,4.63,5.76M,-2.21%
11/15/2011,4.82,4.81,4.88,4.74,3.40M,-1.07%
11/14/2011,4.87,4.97,4.97,4.77,4.23M,-2.93%
11/13/2011,5.02,5.14,5.15,4.97,766.76K,-2.41%
11/10/2011,5.15,5.11,5.17,5.1,1.95M,-1.04%
11/9/2011,5.2,5.1,5.25,5.1,5.04M,0.79%
11/3/2011,5.16,5.14,5.19,5.13,1.89M,0.19%
11/2/2011,5.15,5.14,5.18,5.12,2.53M,-0.45%
11/1/2011,5.17,5.13,5.21,5.12,4.41M,0.34%
10/31/2011,5.16,5.19,5.19,5.13,6.78M,-0.37%
10/30/2011,5.17,5.03,5.22,5.03,6.55M,4.25%
10/27/2011,4.96,4.95,5.03,4.95,10.41M,-0.43%
10/26/2011,4.99,5.03,5.03,4.93,4.71M,-1.04%
10/25/2011,5.04,4.97,5.08,4.97,7.02M,2.44%
10/24/2011,4.92,4.82,5.01,4.82,5.05M,1.56%
10/23/2011,4.84,4.81,4.91,4.81,2.73M,2.37%
10/20/2011,4.73,4.71,4.8,4.68,6.67M,0.41%
10/19/2011,4.71,4.68,4.77,4.64,5.73M,1.54%
10/18/2011,4.64,4.61,4.71,4.61,3.36M,-1.44%
10/17/2011,4.71,4.64,4.76,4.64,5.24M,2.10%
10/16/2011,4.61,4.61,4.66,4.57,3.04M,0.72%
10/13/2011,4.58,4.45,4.61,4.45,8.16M,2.82%
10/12/2011,4.45,4.46,4.49,4.44,11.40M,-0.17%
10/11/2011,4.46,4.38,4.51,4.38,9.41M,1.10%
10/10/2011,4.41,4.26,4.46,4.18,9.31M,-0.57%
10/9/2011,4.44,4.4,4.49,4.32,7.29M,2.46%
10/5/2011,4.33,4.33,4.43,4.29,6.25M,0.77%
10/4/2011,4.3,4.35,4.38,4.25,4.56M,-2.03%
10/3/2011,4.39,4.45,4.45,4.35,3.36M,-2.03%
10/2/2011,4.48,4.45,4.6,4.42,2.09M,1.00%
9/29/2011,4.43,4.43,4.45,4.41,4.33M,0.84%
9/28/2011,4.4,4.52,4.52,4.33,3.40M,-4.13%
9/27/2011,4.58,4.68,4.68,4.47,6.76M,-0.75%
9/26/2011,4.62,4.51,4.68,4.51,3.71M,2.44%
9/25/2011,4.51,4.69,4.69,4.41,3.11M,-3.40%
9/22/2011,4.67,4.76,4.76,4.64,6.04M,-1.71%
9/21/2011,4.75,4.83,4.83,4.72,2.97M,-1.64%
9/20/2011,4.83,5.22,5.22,4.77,3.36M,-0.48%
9/19/2011,4.85,4.64,4.93,4.64,3.85M,1.17%
9/18/2011,4.8,4.83,4.86,4.71,4.14M,1.47%
9/15/2011,4.73,4.9,4.98,4.5,12.22M,-5.05%
9/14/2011,4.98,5.03,5.06,4.87,4.40M,-1.00%
9/13/2011,5.03,5.14,5.14,4.96,6.13M,-2.66%
9/12/2011,5.16,5.26,5.27,5.09,3.24M,-2.52%
9/11/2011,5.3,5.32,5.35,5.25,1.26M,-1.30%
9/8/2011,5.37,5.4,5.41,5.32,2.52M,-0.93%
9/7/2011,5.42,5.41,5.48,5.34,1.89M,-1.09%
9/6/2011,5.48,5.32,5.53,5.32,5.63M,1.72%
9/5/2011,5.39,5.22,5.45,5.22,4.49M,1.83%
9/4/2011,5.29,5.36,5.4,5.22,1.98M,-0.40%
8/29/2011,5.31,5.35,5.37,5.27,1.19M,-0.65%
8/28/2011,5.34,5.43,5.43,5.28,417.91K,-1.50%
8/25/2011,5.43,5.36,5.46,5.32,5.74M,1.85%
8/24/2011,5.33,5.16,5.39,5.16,6.17M,2.30%
8/23/2011,5.21,5.22,5.27,5.15,2.79M,0.00%
8/22/2011,5.2,5.05,5.27,5.05,4.66M,3.46%
8/21/2011,5.03,5,5.08,4.91,1.91M,-2.66%
8/18/2011,5.17,5.14,5.22,5.1,7.24M,2.14%
8/17/2011,5.06,4.89,5.16,4.88,5.09M,3.69%
8/16/2011,4.88,4.83,4.93,4.82,2.30M,0.72%
8/15/2011,4.84,4.84,4.86,4.8,3.99M,-0.63%
8/14/2011,4.87,4.86,4.91,4.84,902.96K,0.68%
8/11/2011,4.84,4.82,4.88,4.81,8.95M,-0.40%
8/10/2011,4.86,4.85,4.94,4.81,12.98M,1.70%
8/9/2011,4.78,4.94,4.94,4.65,7.31M,-4.19%
8/8/2011,4.99,4.99,5.09,4.94,3.04M,-0.42%
8/7/2011,5.01,5.19,5.19,4.96,2.38M,-4.21%
8/4/2011,5.23,5.03,5.3,5.03,4.44M,0.86%
8/3/2011,5.19,5.16,5.22,5.12,2.65M,0.22%
8/2/2011,5.17,5.24,5.24,5.15,1.65M,-1.51%
8/1/2011,5.25,5.26,5.3,5.22,2.10M,0.56%
7/31/2011,5.22,5.22,5.26,5.22,806.72K,-0.55%
7/28/2011,5.25,5.41,5.41,5.22,1.59M,0.41%
7/27/2011,5.23,5.24,5.28,5.2,2.57M,-0.55%
7/26/2011,5.26,5.32,5.32,5.24,2.78M,0.15%
7/25/2011,5.25,5.16,5.32,5.16,7.89M,0.26%
7/21/2011,5.24,5.22,5.27,5.22,2.74M,0.30%
7/20/2011,5.22,5.23,5.24,5.22,12.85M,0.00%
7/19/2011,5.22,5.23,5.24,5.2,6.53M,-0.41%
7/18/2011,5.25,5.34,5.35,5.22,3.19M,-2.27%
7/17/2011,5.37,5.27,5.43,5.27,2.45M,3.70%
7/14/2011,5.18,5.22,5.27,5.12,9.79M,-0.82%
7/13/2011,5.22,5.26,5.31,5.11,19.05M,1.01%
7/12/2011,5.17,5.4,5.4,4.93,25.01M,-4.94%
7/11/2011,5.44,5.63,5.63,5.34,5.15M,-4.00%
7/10/2011,5.66,5.78,5.78,5.62,2.72M,-1.58%
7/7/2011,5.75,5.61,5.8,5.61,1.44M,1.43%
7/6/2011,5.67,5.73,5.73,5.61,3.39M,-2.14%
7/5/2011,5.8,5.77,5.99,5.72,4.77M,0.00%
7/4/2011,5.79,5.78,5.8,5.75,2.40M,0.00%
7/3/2011,5.79,5.8,5.8,5.73,1.77M,0.64%
6/30/2011,5.75,5.51,5.84,5.47,18.55M,5.01%
6/29/2011,5.48,5.53,5.58,5.42,3.58M,-1.84%
6/28/2011,5.58,5.54,5.63,5.52,11.70M,0.00%
6/27/2011,5.58,5.51,5.76,5.51,11.91M,-2.83%
6/26/2011,5.75,5.81,5.88,5.71,2.16M,-1.00%
6/23/2011,5.8,5.89,5.89,5.79,8.27M,-0.53%
6/22/2011,5.84,5.9,5.96,5.8,6.47M,-1.50%
6/21/2011,5.92,5.99,6.03,5.85,5.16M,-1.48%
6/20/2011,6.01,6.07,6.13,5.97,4.45M,-0.54%
6/19/2011,6.05,5.97,6.09,5.97,3.51M,1.39%
6/16/2011,5.96,5.94,5.99,5.91,2.75M,-0.48%
6/15/2011,5.99,6.04,6.04,5.97,3.96M,-0.10%
6/14/2011,6,5.9,6.06,5.9,8.03M,2.11%
6/13/2011,5.87,5.88,5.89,5.84,3.74M,0.36%
6/12/2011,5.85,5.87,5.89,5.8,2.07M,0.17%
6/9/2011,5.84,5.89,5.9,5.8,8.05M,-0.13%
6/8/2011,5.85,5.86,5.94,5.8,10.86M,-0.66%
6/7/2011,5.89,5.85,5.93,5.85,26.14M,1.33%
6/6/2011,5.81,5.86,5.86,5.8,8.70M,-1.09%
6/5/2011,5.88,5.92,5.94,5.83,2.10M,1.37%
6/2/2011,5.8,5.96,5.96,5.73,18.59M,-3.66%
6/1/2011,6.02,6.09,6.1,5.99,11.44M,-1.86%
5/31/2011,6.13,6.16,6.19,6.08,15.60M,-0.53%
5/30/2011,6.16,6.19,6.25,6.09,9.09M,0.16%
5/29/2011,6.15,6.04,6.25,6.04,13.25M,1.76%
5/26/2011,6.05,6.02,6.19,5.97,21.15M,0.81%
5/25/2011,6,5.82,6.11,5.82,23.88M,1.67%
5/24/2011,5.9,5.87,5.91,5.82,10.97M,0.26%
5/23/2011,5.89,5.96,5.98,5.85,7.21M,-0.69%
5/22/2011,5.93,5.76,6.02,5.76,8.75M,3.79%
5/19/2011,5.71,5.67,5.77,5.67,6.34M,0.78%
5/18/2011,5.67,5.72,5.79,5.61,18.34M,-0.95%
5/17/2011,5.72,5.69,5.8,5.68,6.98M,1.54%
5/16/2011,5.63,5.64,5.7,5.6,29.51M,-0.14%
5/15/2011,5.64,5.63,5.72,5.61,2.65M,1.00%
5/12/2011,5.58,5.51,5.71,5.41,13.51M,1.16%
5/11/2011,5.52,5.51,5.54,5.49,13.20M,0.14%
5/10/2011,5.51,5.45,5.56,5.45,18.60M,0.99%
5/9/2011,5.46,5.34,5.55,5.34,18.54M,2.10%
5/8/2011,5.35,5.38,5.39,5.26,3.63M,-0.65%
5/5/2011,5.38,5.33,5.41,5.32,12.50M,0.58%
5/4/2011,5.35,5.51,5.51,5.32,18.29M,-0.22%
5/3/2011,5.36,5.41,5.42,5.34,12.83M,-0.47%
5/2/2011,5.39,5.35,5.43,5.34,9.11M,1.60%
4/28/2011,5.3,5.34,5.41,5.25,32.57M,0.22%
4/27/2011,5.29,5.34,5.37,5.23,11.34M,-0.91%
4/26/2011,5.34,5.35,5.39,5.3,6.59M,0.15%
4/21/2011,5.33,5.37,5.45,5.24,11.67M,0.73%
4/20/2011,5.29,5.49,5.49,5.23,9.88M,-4.40%
4/19/2011,5.54,5.42,5.59,5.41,4.71M,2.21%
4/18/2011,5.42,5.51,5.57,5.38,14.62M,-3.38%
4/17/2011,5.61,5.77,5.78,5.49,8.34M,-2.29%
4/14/2011,5.74,5.82,5.82,5.61,14.95M,-0.67%
4/13/2011,5.78,5.71,5.8,5.71,19.56M,0.95%
4/12/2011,5.72,5.99,5.99,5.65,9.66M,-1.82%
4/11/2011,5.83,5.96,5.99,5.73,15.91M,-2.30%
4/10/2011,5.97,6.11,6.11,5.89,5.54M,-2.31%
4/7/2011,6.11,6.21,6.21,6.09,10.79M,-1.53%
4/6/2011,6.2,6.57,6.57,6.11,16.47M,-1.02%
4/5/2011,6.27,6.38,6.38,6.24,7.09M,-2.96%
4/4/2011,6.46,6.52,6.54,6.34,11.68M,0.30%
4/3/2011,6.44,6.28,6.56,6.28,3.54M,1.96%
3/31/2011,6.31,7.04,7.04,5.79,26.52M,-1.33%
3/30/2011,6.4,5.62,6.67,5.62,15.17M,2.41%
3/29/2011,6.25,6.58,6.58,5.99,18.31M,4.36%
3/28/2011,5.99,6.8,6.8,5.85,45.57M,-3.19%
3/27/2011,6.18,6.09,6.33,6.09,9.75M,7.42%
3/24/2011,5.76,5.72,6.28,5.72,132.28M,-9.40%
3/23/2011,6.35,6.35,7.06,6.35,1.31M,-9.95%
1/27/2011,7.06,7.54,7.54,6.77,24.11M,-8.93%
1/26/2011,7.75,7.73,7.9,7.58,27.93M,-3.31%
1/24/2011,8.01,8.06,8.06,7.99,12.06M,0.22%
1/23/2011,8,7.93,8.06,7.93,5.45M,0.56%
1/20/2011,7.95,7.93,8.04,7.9,14.98M,1.21%
1/19/2011,7.86,7.71,8.02,7.54,26.84M,0.79%
1/18/2011,7.79,8.01,8.06,7.62,27.77M,-3.59%
1/17/2011,8.08,8.41,8.45,7.93,19.67M,-3.55%
1/16/2011,8.38,8.53,8.55,8.31,4.86M,-1.72%
1/13/2011,8.53,8.51,8.6,8.5,5.39M,1.01%
1/12/2011,8.44,8.69,8.7,8.38,35.77M,-2.04%
1/11/2011,8.62,8.72,8.72,8.6,5.57M,-1.26%
1/10/2011,8.73,8.89,8.9,8.63,10.93M,-1.31%
1/6/2011,8.85,8.88,8.9,8.81,10.43M,-0.28%
1/5/2011,8.87,9.01,9.03,8.73,11.29M,-0.80%
1/4/2011,8.94,8.97,9.05,8.85,5.60M,0.72%
1/3/2011,8.88,9.05,9.09,8.83,5.36M,-1.01%
1/2/2011,8.97,9.09,9.16,8.9,2.87M,-2.13%
12/30/2010,9.17,9.13,9.22,9.12,3.42M,1.35%
12/29/2010,9.04,8.9,9.14,8.9,2.16M,1.76%
12/28/2010,8.89,8.9,8.94,8.87,6.19M,0.26%
12/27/2010,8.86,8.81,8.9,8.81,1.38M,0.59%
12/26/2010,8.81,8.9,8.9,8.77,434.07K,-0.18%
12/23/2010,8.83,8.84,8.9,8.77,2.00M,-0.48%
12/22/2010,8.87,9.09,9.09,8.73,5.53M,-2.45%
12/21/2010,9.09,9.17,9.18,9.06,16.04M,-0.13%
12/20/2010,9.1,9.04,9.2,8.99,11.77M,1.73%
12/19/2010,8.95,8.89,9.05,8.82,2.28M,0.65%
12/16/2010,8.89,8.91,9.03,8.77,23.52M,-0.91%
12/15/2010,8.97,9.06,9.14,8.85,8.83M,-0.41%
12/14/2010,9.01,8.79,9.09,8.79,8.25M,3.60%
12/13/2010,8.7,8.58,8.8,8.58,8.47M,1.26%
12/12/2010,8.59,8.51,8.65,8.49,4.50M,2.00%
12/9/2010,8.42,8.31,8.51,8.31,12.48M,3.54%
12/8/2010,8.13,8.11,8.3,8.08,11.23M,0.65%
12/6/2010,8.08,8.16,8.16,8.04,3.79M,-0.52%
12/5/2010,8.12,8.12,8.15,8.06,3.48M,0.62%
12/2/2010,8.07,8.11,8.12,8.04,5.05M,0.22%
12/1/2010,8.05,8.09,8.1,8.02,6.98M,0.34%
11/30/2010,8.03,8.06,8.11,8,9.39M,-0.48%
11/29/2010,8.07,8.08,8.12,8.02,7.07M,0.26%
11/28/2010,8.04,8.16,8.16,7.98,2.19M,-0.72%
11/25/2010,8.1,8.12,8.16,8.06,3.43M,-0.71%
11/24/2010,8.16,8.23,8.25,8.1,12.35M,-1.26%
11/23/2010,8.26,8.25,8.29,8.22,2.19M,-0.44%
11/22/2010,8.3,8.29,8.34,8.25,10.45M,0.85%
11/21/2010,8.23,8.2,8.26,8.18,2.68M,0.42%
11/18/2010,8.2,8.16,8.22,8.12,14.70M,0.98%
11/14/2010,8.12,8.07,8.16,8.07,1.47M,0.00%
11/11/2010,8.12,8.18,8.18,8.07,16.08M,-1.18%
11/10/2010,8.22,8.23,8.27,8.18,6.50M,-0.61%
11/9/2010,8.27,8.21,8.31,8.21,6.46M,0.64%
11/8/2010,8.21,8.28,8.31,8.13,13.18M,-0.40%
11/7/2010,8.25,8.22,8.28,8.22,4.64M,0.59%
11/4/2010,8.2,8.29,8.36,8.12,7.57M,0.12%
11/3/2010,8.19,8.25,8.25,8.12,14.85M,-1.44%
11/2/2010,8.31,8.27,8.33,8.27,3.45M,0.82%
11/1/2010,8.24,8.35,8.39,8.11,15.78M,-1.62%
10/31/2010,8.38,8.42,8.42,8.34,2.31M,-0.14%
10/28/2010,8.39,8.41,8.51,8.33,5.50M,-0.94%
10/27/2010,8.47,8.61,8.61,8.35,5.04M,-1.46%
10/26/2010,8.59,8.62,8.65,8.55,4.25M,-0.22%
10/25/2010,8.61,8.6,8.64,8.55,2.30M,0.70%
10/24/2010,8.55,8.6,8.6,8.52,770.61K,-0.11%
10/21/2010,8.56,8.51,8.6,8.51,10.70M,1.23%
10/20/2010,8.46,8.55,8.55,8.32,4.57M,-1.00%
10/19/2010,8.54,8.59,8.6,8.51,4.06M,-0.18%
10/18/2010,8.56,8.55,8.6,8.54,2.72M,-0.27%
10/17/2010,8.58,8.56,8.61,8.56,1.02M,0.32%
10/14/2010,8.55,8.62,8.65,8.51,3.66M,-0.70%
10/13/2010,8.61,8.47,8.66,8.47,3.65M,2.11%
10/12/2010,8.44,8.37,8.51,8.31,5.73M,0.79%
10/11/2010,8.37,8.45,8.46,8.31,4.62M,-0.21%
10/10/2010,8.39,8.5,8.51,8.34,2.44M,-1.18%
10/7/2010,8.49,8.51,8.56,8.34,4.32M,-0.20%
10/5/2010,8.51,8.87,8.89,8.3,14.62M,-2.83%
10/4/2010,8.75,8.51,8.83,8.51,9.47M,3.05%
10/3/2010,8.49,8.24,8.56,8.24,3.75M,2.40%
9/30/2010,8.3,8.45,8.55,8.21,8.63M,-2.10%
9/29/2010,8.47,8.35,8.57,8.35,8.12M,2.50%
9/28/2010,8.27,8.16,8.39,8.08,5.05M,1.11%
9/27/2010,8.18,8.09,8.27,8.09,4.11M,0.43%
9/26/2010,8.14,8.15,8.2,8.1,1.71M,-0.31%
9/23/2010,8.17,8.12,8.2,8.12,3.65M,0.48%
9/22/2010,8.13,8.11,8.18,8.05,4.89M,0.19%
9/21/2010,8.11,8.06,8.17,8.03,5.95M,1.75%
9/20/2010,7.97,7.77,8.09,7.77,3.89M,2.46%
9/19/2010,7.78,7.75,7.81,7.74,1.63M,0.37%
9/16/2010,7.75,7.73,7.81,7.73,2.42M,0.00%
9/15/2010,7.75,7.66,7.82,7.66,3.74M,0.53%
9/14/2010,7.71,7.7,7.78,7.66,6.77M,0.55%
9/13/2010,7.67,7.5,7.75,7.5,8.16M,2.69%
9/8/2010,7.47,7.48,7.52,7.43,5.59M,0.49%
9/7/2010,7.43,7.49,7.49,7.41,5.85M,-1.46%
9/6/2010,7.54,7.54,7.65,7.45,9.22M,0.52%
9/5/2010,7.5,7.54,7.56,7.46,737.52K,-0.56%
9/2/2010,7.55,7.54,7.58,7.51,4.18M,0.46%
9/1/2010,7.51,7.44,7.56,7.44,6.09M,0.83%
8/31/2010,7.45,7.37,7.48,7.35,13.48M,-0.26%
8/30/2010,7.47,7.44,7.49,7.4,1.27M,0.00%
8/29/2010,7.47,7.51,7.55,7.42,2.48M,0.13%
8/26/2010,7.46,7.53,7.53,7.42,8.17M,0.00%
8/25/2010,7.46,7.62,7.62,7.43,6.55M,-2.43%
8/24/2010,7.65,7.47,7.69,7.45,6.52M,1.02%
8/23/2010,7.57,7.37,7.65,7.37,6.17M,2.92%
8/22/2010,7.35,7.35,7.41,7.33,1.85M,0.00%
8/19/2010,7.35,7.25,7.41,7.25,6.35M,2.26%
8/18/2010,7.19,7.21,7.24,7.15,8.52M,-0.21%
8/17/2010,7.2,7.25,7.25,7.15,5.17M,0.38%
8/16/2010,7.18,7.29,7.29,7.14,3.86M,-0.40%
8/15/2010,7.21,7.14,7.25,7.13,1.08M,0.87%
8/12/2010,7.15,7.23,7.23,7.11,4.65M,-1.41%
8/11/2010,7.25,7.4,7.4,7.17,6.00M,-2.27%
8/10/2010,7.42,7.43,7.47,7.37,3.82M,-0.29%
8/9/2010,7.44,7.39,7.48,7.39,3.56M,0.73%
8/8/2010,7.38,7.39,7.46,7.36,1.41M,0.26%
8/5/2010,7.36,7.35,7.44,7.33,4.05M,0.37%
8/4/2010,7.34,7.35,7.35,7.31,3.72M,-0.71%
8/3/2010,7.39,7.52,7.52,7.31,5.49M,0.71%
8/2/2010,7.34,7.55,7.55,7.2,14.25M,-3.49%
8/1/2010,7.6,7.73,7.79,7.48,5.10M,-0.30%
7/29/2010,7.62,7.34,7.73,7.34,8.34M,4.23%
7/28/2010,7.32,7.16,7.48,7.12,6.21M,3.16%
7/27/2010,7.09,7.06,7.15,7.03,3.28M,0.30%
7/26/2010,7.07,7.04,7.11,6.98,4.93M,0.11%
7/25/2010,7.06,7.14,7.15,6.98,1.63M,1.36%
7/22/2010,6.97,6.77,7.15,6.75,5.72M,2.62%
7/21/2010,6.79,6.61,6.84,6.61,4.75M,2.39%
7/20/2010,6.63,6.73,6.73,6.56,1.50M,-1.21%
7/19/2010,6.71,6.68,6.73,6.68,1.11M,0.40%
7/18/2010,6.68,6.75,6.76,6.53,746.94K,-0.72%
7/15/2010,6.73,6.82,6.82,6.69,1.27M,-0.57%
7/14/2010,6.77,6.77,6.81,6.73,8.99M,0.43%
7/13/2010,6.74,6.65,6.78,6.64,8.68M,1.31%
7/12/2010,6.66,6.72,6.74,6.63,2.34M,-1.50%
7/11/2010,6.76,6.77,6.77,6.69,1.82M,1.04%
7/8/2010,6.69,6.73,6.77,6.62,5.74M,0.79%
7/7/2010,6.64,6.71,6.72,6.54,6.78M,1.60%
7/6/2010,6.53,6.37,6.67,6.37,4.94M,4.91%
7/5/2010,6.23,6.12,6.27,6.09,9.63M,-2.65%
7/4/2010,6.39,6.53,6.53,6.15,2.54M,-2.09%
6/30/2010,6.53,6.64,6.64,6.39,4.85M,-1.65%
6/29/2010,6.64,6.67,6.72,6.6,6.28M,-1.12%
6/28/2010,6.72,6.64,6.75,6.64,2.54M,0.58%
6/27/2010,6.68,6.62,6.72,6.57,678.92K,-0.65%
6/24/2010,6.72,6.72,6.77,6.59,5.15M,-0.36%
6/23/2010,6.74,6.67,6.8,6.67,2.07M,0.00%
6/22/2010,6.74,6.8,6.81,6.67,3.65M,-3.21%
6/21/2010,6.97,6.99,7.03,6.79,6.08M,0.15%
6/20/2010,6.95,6.91,6.96,6.88,6.47M,0.63%
6/17/2010,6.91,6.77,6.95,6.77,10.00M,2.11%
6/16/2010,6.77,6.76,6.79,6.73,5.41M,1.45%
6/15/2010,6.67,6.67,6.71,6.61,8.99M,0.00%
6/14/2010,6.67,6.67,6.71,6.62,5.18M,0.00%
6/13/2010,6.67,6.77,6.79,6.62,1.99M,-0.27%
6/10/2010,6.69,6.68,6.72,6.67,1.47M,-1.04%
6/9/2010,6.76,6.74,6.79,6.68,3.25M,0.00%
6/8/2010,6.76,6.77,6.83,6.61,2.78M,0.66%
6/7/2010,6.71,6.68,6.77,6.67,6.88M,-0.70%
6/6/2010,6.76,6.77,6.79,6.69,1.65M,-3.32%
6/3/2010,6.99,7.01,7.3,6.77,11.70M,0.61%
6/2/2010,6.95,6.82,7.01,6.82,4.62M,1.10%
6/1/2010,6.87,7.01,7.01,6.82,2.00M,-0.25%
5/31/2010,6.89,6.85,7.01,6.77,2.35M,0.34%
5/30/2010,6.87,6.87,6.96,6.67,4.99M,-0.18%
5/27/2010,6.88,6.85,6.96,6.83,4.90M,1.88%
5/26/2010,6.75,6.62,6.85,6.56,10.22M,5.67%
5/25/2010,6.39,6.43,6.56,6.24,9.65M,-4.13%
5/24/2010,6.67,6.86,6.96,6.49,4.17M,-1.56%
5/23/2010,6.77,6.84,6.84,6.69,2.81M,-1.18%
5/20/2010,6.85,6.91,7.06,6.77,4.13M,-1.65%
5/19/2010,6.97,7.16,7.2,6.77,5.17M,-3.34%
5/18/2010,7.21,7.15,7.29,7.14,3.45M,2.91%
5/17/2010,7.01,7.05,7.15,6.86,3.95M,-0.32%
5/16/2010,7.03,7.14,7.15,6.87,2.24M,-3.14%
5/13/2010,7.26,7.25,7.34,7.17,5.49M,3.55%
5/12/2010,7.01,6.72,7.11,6.58,5.11M,2.16%
5/11/2010,6.86,7.04,7.06,6.67,11.73M,-3.68%
5/10/2010,7.12,7.06,7.25,6.92,9.54M,0.92%
5/9/2010,7.06,7.25,7.25,6.91,10.37M,-6.17%
5/6/2010,7.52,7.58,7.59,7.47,4.42M,-0.32%
5/5/2010,7.55,7.54,7.59,7.49,9.78M,-0.62%
5/4/2010,7.59,7.44,7.69,7.4,6.54M,3.38%
5/3/2010,7.34,7.25,7.4,7.25,4.65M,1.15%
5/2/2010,7.26,7.25,7.34,7.16,5.88M,0.00%
4/29/2010,7.26,7.25,7.29,7.23,5.05M,0.00%
4/28/2010,7.25,7.25,7.32,7.2,6.84M,-0.53%
4/27/2010,7.29,7.29,7.36,7.19,8.05M,1.97%
4/26/2010,7.15,7.24,7.3,7.04,11.69M,0.00%
4/22/2010,7.15,7.15,7.22,7.06,7.45M,0.19%
4/21/2010,7.14,7.08,7.17,7.08,4.57M,0.82%
4/20/2010,7.08,7.06,7.15,7.06,56.29M,0.00%
4/19/2010,7.08,6.99,7.13,6.99,9.56M,0.67%
4/18/2010,7.03,7.04,7.15,6.97,2.61M,-1.46%
4/15/2010,7.13,7.25,7.26,7.06,13.07M,-1.68%
4/14/2010,7.26,7.26,7.35,7.2,14.36M,0.16%
4/13/2010,7.24,7.25,7.3,7.19,10.90M,-0.13%
4/12/2010,7.25,7.1,7.35,7.1,16.94M,1.46%
4/11/2010,7.15,6.88,7.25,6.88,8.64M,4.54%
4/8/2010,6.84,6.77,6.96,6.77,4.96M,1.36%
4/7/2010,6.75,6.6,6.87,6.58,12.02M,2.51%
4/6/2010,6.58,6.42,6.77,6.35,8.52M,3.81%
4/1/2010,6.34,6.22,6.37,6.21,4.57M,0.78%
3/31/2010,6.29,6.36,6.37,6.27,7.37M,-1.83%
3/30/2010,6.41,6.33,6.43,6.29,3.89M,-0.39%
3/29/2010,6.43,6.48,6.52,6.38,3.85M,-0.73%
3/28/2010,6.48,6.48,6.51,6.46,2.83M,0.31%
3/25/2010,6.46,6.35,6.52,6.35,5.38M,0.50%
3/24/2010,6.43,6.52,6.53,6.33,5.66M,-0.28%
3/23/2010,6.45,6.27,6.52,6.19,15.70M,4.38%
3/22/2010,6.18,6.09,6.27,6.09,6.64M,0.00%
3/21/2010,6.17,6.33,6.33,6.09,2.28M,-2.64%
3/18/2010,6.34,6.29,6.38,6.28,15.05M,0.97%
3/17/2010,6.28,6.19,6.37,6.19,17.47M,2.06%
3/16/2010,6.15,5.91,6.19,5.91,8.57M,3.08%
3/15/2010,5.97,5.98,6.02,5.9,4.92M,-1.11%
3/14/2010,6.04,6.11,6.12,5.98,4.84M,-2.76%
3/11/2010,6.21,6.23,6.27,6.09,8.61M,0.11%
3/10/2010,6.2,6.18,6.26,6.12,3.98M,1.01%
3/9/2010,6.14,6.16,6.18,6.1,9.93M,0.46%
3/8/2010,6.11,6.01,6.14,6.01,6.71M,0.54%
3/7/2010,6.08,6.06,6.09,6.05,3.47M,0.51%
3/4/2010,6.05,6,6.07,5.99,3.06M,0.00%
3/3/2010,6.04,5.99,6.09,5.99,5.02M,1.07%
3/2/2010,5.98,5.95,6.04,5.92,5.45M,0.42%
3/1/2010,5.95,6.08,6.08,5.87,6.77M,-0.98%
2/28/2010,6.01,6.04,6.13,5.98,1.79M,-1.22%
2/25/2010,6.09,5.99,6.18,5.98,8.48M,2.96%
2/24/2010,5.91,5.9,5.99,5.83,9.09M,0.38%
2/23/2010,5.89,5.95,5.95,5.83,2.63M,-1.22%
2/22/2010,5.96,6,6,5.9,6.20M,0.49%
2/21/2010,5.93,6.17,6.18,5.87,4.57M,-2.76%
2/18/2010,6.1,6.19,6.19,6.05,3.54M,-0.75%
2/17/2010,6.15,6.18,6.19,6.07,3.84M,-0.33%
2/16/2010,6.17,6.07,6.19,6.06,3.79M,0.50%
2/15/2010,6.14,6.09,6.18,6.09,4.03M,0.79%
2/14/2010,6.09,6.1,6.14,6.04,2.18M,-0.25%
2/11/2010,6.1,5.99,6.19,5.99,7.20M,1.19%
2/10/2010,6.03,6.04,6.26,5.98,9.46M,0.63%
2/9/2010,5.99,5.98,6.02,5.95,11.47M,-0.74%
2/8/2010,6.04,5.85,6.09,5.81,9.84M,3.58%
2/7/2010,5.83,5.85,5.89,5.75,3.79M,-1.47%
2/4/2010,5.92,5.96,5.98,5.9,4.67M,-1.72%
2/3/2010,6.02,5.99,6.06,5.95,4.20M,0.14%
2/2/2010,6.01,5.9,6.05,5.9,5.41M,2.49%
2/1/2010,5.87,5.79,5.96,5.75,5.01M,1.93%
1/31/2010,5.75,5.8,5.8,5.71,1.76M,-0.20%
1/28/2010,5.77,5.7,5.8,5.66,4.17M,1.90%
1/27/2010,5.66,5.69,5.69,5.66,959.85K,0.90%
1/26/2010,5.61,5.71,5.71,5.51,8.33M,-1.14%
1/24/2010,5.67,5.78,5.78,5.61,8.50M,-2.70%
1/21/2010,5.83,5.79,5.87,5.79,6.95M,-0.74%
1/20/2010,5.87,5.79,5.94,5.72,11.09M,1.90%
1/19/2010,5.77,5.61,5.85,5.61,13.08M,3.60%
1/18/2010,5.57,5.48,5.63,5.46,3.86M,1.00%
1/17/2010,5.51,5.61,5.68,5.42,3.31M,-1.71%
1/14/2010,5.61,5.53,5.62,5.53,10.19M,2.01%
1/13/2010,5.5,5.43,5.57,5.43,4.98M,1.00%
1/12/2010,5.44,5.4,5.5,5.37,6.28M,1.28%
1/11/2010,5.37,5.36,5.46,5.34,3.32M,-0.22%
1/10/2010,5.38,5.39,5.4,5.36,2.40M,0.36%
1/6/2010,5.37,5.32,5.4,5.32,4.32M,-1.42%
1/5/2010,5.44,5.41,5.51,5.34,2.95M,0.63%
1/4/2010,5.41,5.38,5.42,5.34,3.24M,1.56%
1/3/2010,5.33,5.31,5.38,5.31,114.58K,0.73%
12/31/2009,5.29,5.21,5.36,5.21,1.30M,0.63%
12/30/2009,5.25,5.25,5.32,5.22,988.83K,-0.64%
12/29/2009,5.29,5.32,5.36,5.27,1.77M,0.35%
12/28/2009,5.27,5.3,5.31,5.23,2.49M,-0.96%
12/27/2009,5.32,5.42,5.42,5.2,2.35M,-1.75%
12/24/2009,5.42,5.45,5.45,5.38,697.87K,-0.85%
12/23/2009,5.46,5.46,5.48,5.44,5.50M,-0.69%
12/22/2009,5.5,5.51,5.51,5.46,1.09M,3.32%
12/21/2009,5.32,5.51,5.56,5.32,147.14M,-3.54%
12/20/2009,5.52,5.51,5.56,5.51,495.27K,-0.49%
12/17/2009,5.54,5.42,5.61,5.42,5.07M,1.16%
12/16/2009,5.48,5.49,5.51,5.44,4.78M,-0.26%
12/15/2009,5.5,5.37,5.53,5.37,3.26M,0.32%
12/14/2009,5.48,5.46,5.53,5.41,3.24M,0.00%
12/13/2009,5.47,5.51,5.51,5.39,1.45M,2.15%
12/10/2009,5.36,5.32,5.46,5.32,7.03M,0.00%
12/9/2009,5.36,5.4,5.4,5.27,9.77M,-1.33%
12/8/2009,5.44,5.46,5.49,5.4,2.78M,-0.64%
12/7/2009,5.47,5.45,5.55,5.42,4.42M,-0.89%
12/6/2009,5.52,5.51,5.58,5.45,4.12M,-1.02%
12/3/2009,5.58,5.51,5.63,5.5,8.60M,3.80%
12/2/2009,5.37,5.13,5.51,5.13,7.63M,3.73%
12/1/2009,5.18,5.12,5.27,4.93,6.24M,5.47%
11/30/2009,4.91,5.15,5.15,4.74,8.53M,-7.28%
11/25/2009,5.3,5.32,5.36,5.2,3.19M,0.16%
11/24/2009,5.29,5.31,5.32,5.27,3.70M,0.11%
11/23/2009,5.28,5.17,5.34,5.17,10.48M,1.22%
11/22/2009,5.22,5.21,5.27,5.16,1.94M,1.35%
11/19/2009,5.15,5.24,5.27,5.09,10.19M,-3.13%
11/18/2009,5.32,5.36,5.39,5.17,6.40M,-1.79%
11/17/2009,5.41,5.52,5.53,5.33,5.66M,-2.34%
11/16/2009,5.54,5.45,5.6,5.45,6.59M,0.58%
11/15/2009,5.51,5.51,5.53,5.46,1.72M,-0.23%
11/12/2009,5.52,5.57,5.64,5.46,1.51M,-1.74%
11/11/2009,5.62,5.56,5.66,5.56,6.74M,0.89%
11/10/2009,5.57,5.45,5.66,5.45,7.77M,2.18%
11/9/2009,5.45,5.37,5.49,5.37,2.40M,0.61%
11/8/2009,5.42,5.45,5.45,5.39,3.11M,1.65%
11/5/2009,5.33,5.29,5.41,5.26,2.16M,0.42%
11/4/2009,5.31,5.34,5.41,5.27,2.58M,-0.22%
11/3/2009,5.32,5.45,5.45,5.25,2.92M,-2.69%
11/2/2009,5.47,5.38,5.52,5.38,7.48M,0.68%
11/1/2009,5.43,5.38,5.47,5.37,6.62M,-0.88%
10/29/2009,5.48,5.32,5.51,5.28,12.16M,1.54%
10/28/2009,5.4,5.49,5.49,5.32,4.81M,-0.39%
10/27/2009,5.42,5.38,5.46,5.38,6.24M,-1.62%
10/26/2009,5.51,5.51,5.55,5.46,7.97M,0.90%
10/25/2009,5.46,5.32,5.51,5.32,8.71M,2.86%
10/22/2009,5.31,5.3,5.39,5.26,15.61M,0.00%
10/21/2009,5.31,5.32,5.35,5.28,3.23M,-1.17%
10/20/2009,5.37,5.39,5.43,5.33,7.16M,0.14%
10/19/2009,5.37,5.41,5.44,5.32,3.10M,0.22%
10/18/2009,5.35,5.41,5.41,5.32,1.82M,-1.58%
10/15/2009,5.44,5.51,5.51,5.38,8.38M,-0.35%
10/14/2009,5.46,5.39,5.49,5.39,7.79M,1.06%
10/13/2009,5.4,5.42,5.46,5.35,9.42M,-1.22%
10/12/2009,5.47,5.48,5.51,5.39,26.75M,0.30%
10/11/2009,5.45,5.42,5.5,5.4,6.34M,1.93%
10/8/2009,5.35,5.47,5.48,5.29,2.04M,-2.00%
10/7/2009,5.46,5.46,5.51,5.37,3.67M,1.68%
10/5/2009,5.37,5.46,5.46,5.23,4.47M,-1.30%
10/4/2009,5.44,5.46,5.51,5.39,1.78M,-2.33%
10/1/2009,5.57,5.61,5.61,5.42,7.62M,0.37%
9/30/2009,5.55,5.53,5.61,5.43,2.94M,1.00%
9/29/2009,5.49,5.43,5.59,5.4,1.69M,2.92%
9/28/2009,5.34,5.51,5.51,5.22,5.94M,-3.68%
9/27/2009,5.54,5.64,5.64,5.51,2.15M,-2.55%
9/24/2009,5.69,5.63,5.74,5.52,4.09M,0.94%
9/23/2009,5.63,5.7,5.75,5.61,1.98M,-1.15%
9/22/2009,5.7,5.61,5.77,5.51,8.75M,3.77%
9/17/2009,5.49,5.4,5.61,5.32,6.17M,2.97%
9/16/2009,5.33,5.4,5.4,5.32,1.61M,-0.20%
9/15/2009,5.34,5.32,5.41,5.32,1.81M,0.38%
9/14/2009,5.32,5.37,5.37,5.3,2.09M,-0.79%
9/13/2009,5.37,5.32,5.41,5.32,3.54M,1.00%
9/10/2009,5.31,5.32,5.35,5.27,1.72M,0.46%
9/9/2009,5.29,5.27,5.33,5.26,4.01M,0.42%
9/8/2009,5.27,5.27,5.28,5.24,3.33M,0.00%
9/7/2009,5.27,5.25,5.28,5.25,4.43M,0.15%
9/6/2009,5.26,5.24,5.28,5.22,2.24M,0.17%
9/3/2009,5.25,5.15,5.27,5.15,2.28M,0.57%
9/2/2009,5.22,5.28,5.32,5.18,30.18M,-0.48%
9/1/2009,5.25,5.22,5.31,5.22,4.63M,0.30%
8/31/2009,5.23,5.22,5.27,5.22,17.48M,-0.42%
8/30/2009,5.25,5.24,5.27,5.22,2.14M,-0.37%
8/27/2009,5.27,5.29,5.32,5.22,4.91M,-0.33%
8/26/2009,5.29,5.26,5.32,5.26,4.80M,0.63%
8/25/2009,5.26,5.08,5.33,5.08,20.07M,3.38%
8/24/2009,5.09,5.08,5.15,5.06,12.62M,-0.32%
8/23/2009,5.1,5.02,5.13,5.02,2.71M,3.39%
8/20/2009,4.93,4.93,4.98,4.91,8.87M,1.11%
8/19/2009,4.88,4.94,4.94,4.83,4.13M,-0.79%
8/18/2009,4.92,4.93,4.98,4.83,3.96M,-0.92%
8/17/2009,4.96,5.12,5.12,4.9,7.53M,-3.04%
8/16/2009,5.12,5.22,5.22,5.08,1.81M,0.44%
8/13/2009,5.1,5.03,5.22,5.03,5.48M,2.11%
8/12/2009,4.99,4.94,5.03,4.91,4.00M,-0.88%
8/11/2009,5.04,5.12,5.12,4.99,3.51M,-2.10%
8/10/2009,5.15,4.92,5.24,4.92,17.99M,2.74%
8/9/2009,5.01,5.05,5.12,4.84,3.92M,-0.35%
8/6/2009,5.03,4.84,5.1,4.79,14.09M,4.71%
8/5/2009,4.8,4.66,4.88,4.66,6.69M,1.18%
8/4/2009,4.74,4.79,4.79,4.7,2.17M,0.14%
8/3/2009,4.74,4.74,4.79,4.71,6.48M,-0.24%
8/2/2009,4.75,4.77,4.78,4.72,11.80M,0.78%
7/30/2009,4.71,4.69,4.74,4.64,4.39M,-0.47%
7/29/2009,4.73,4.65,4.74,4.65,3.97M,-0.20%
7/28/2009,4.74,4.73,4.81,4.69,5.11M,0.51%
7/27/2009,4.72,4.74,4.76,4.67,12.65M,0.00%
7/26/2009,4.72,4.74,4.83,4.64,1.96M,-0.47%
7/22/2009,4.74,4.81,4.81,4.7,7.40M,1.60%
7/21/2009,4.67,4.64,4.77,4.58,13.77M,3.85%
7/20/2009,4.49,4.35,4.64,4.35,13.64M,3.24%
7/19/2009,4.35,4.45,4.45,4.3,4.13M,-1.05%
7/16/2009,4.4,4.35,4.46,4.32,20.23M,1.93%
7/15/2009,4.32,4.28,4.35,4.24,9.03M,-0.53%
7/14/2009,4.34,4.3,4.44,4.27,6.14M,4.59%
7/13/2009,4.15,4.29,4.3,4.06,6.60M,-2.57%
7/12/2009,4.26,4.53,4.53,4.21,2.63M,-4.47%
7/9/2009,4.46,4.59,4.68,4.35,5.94M,-1.35%
7/8/2009,4.52,4.82,4.82,4.4,4.47M,-4.65%
7/7/2009,4.74,4.82,4.82,4.68,4.61M,-0.33%
7/6/2009,4.75,4.93,4.93,4.72,3.43M,-1.46%
7/5/2009,4.82,4.67,4.88,4.67,878.88K,-1.07%
7/2/2009,4.88,4.76,4.97,4.76,11.08M,2.94%
6/30/2009,4.74,4.64,4.78,4.64,48.81M,2.08%
6/29/2009,4.64,4.61,4.68,4.61,3.73M,1.07%
6/28/2009,4.59,4.74,4.74,4.55,629.12K,-1.14%
6/25/2009,4.64,4.46,4.75,4.45,7.34M,2.74%
6/24/2009,4.52,4.36,4.59,4.36,1.73M,0.52%
6/23/2009,4.5,4.57,4.59,4.37,22.57M,-2.08%
6/22/2009,4.59,4.57,4.63,4.55,38.40M,-0.88%
6/21/2009,4.63,4.64,4.74,4.57,1.93M,-1.26%
6/18/2009,4.69,4.81,4.83,4.62,20.32M,-2.88%
6/17/2009,4.83,4.78,4.91,4.77,5.55M,1.46%
6/16/2009,4.76,4.78,4.82,4.68,5.97M,0.70%
6/15/2009,4.73,4.64,4.8,4.63,11.49M,1.68%
6/14/2009,4.65,4.64,4.69,4.64,790.22K,-0.89%
6/11/2009,4.69,4.74,4.74,4.63,6.77M,-0.90%
6/10/2009,4.74,4.73,4.81,4.69,54.85M,0.60%
6/9/2009,4.71,4.64,4.81,4.59,17.49M,1.54%
6/8/2009,4.64,4.59,4.69,4.56,12.86M,1.14%
6/7/2009,4.58,4.59,4.62,4.55,637.97K,0.62%
6/4/2009,4.56,4.54,4.64,4.53,22.75M,0.00%
6/3/2009,4.56,4.58,4.59,4.5,15.42M,-1.57%
6/2/2009,4.63,4.53,4.66,4.53,25.57M,2.77%
6/1/2009,4.5,4.41,4.54,4.41,18.70M,0.26%
5/31/2009,4.49,4.49,4.52,4.41,1.64M,1.97%
5/28/2009,4.41,4.37,4.46,4.34,11.30M,-1.15%
5/27/2009,4.46,4.5,4.5,4.45,3.39M,0.52%
5/26/2009,4.43,4.45,4.45,4.36,4.36M,1.46%
5/25/2009,4.37,4.4,4.41,4.35,2.66M,-0.18%
5/24/2009,4.38,4.45,4.45,4.35,546.13K,0.60%
5/21/2009,4.35,4.45,4.45,4.26,4.97M,-3.18%
5/20/2009,4.49,4.63,4.64,4.44,7.44M,0.00%
5/19/2009,4.49,4.47,4.62,4.44,6.98M,1.24%
5/18/2009,4.44,4.45,4.53,4.35,11.49M,1.48%
5/17/2009,4.37,4.23,4.5,4.21,4.52M,1.73%
5/14/2009,4.3,4.35,4.38,4.23,5.84M,-1.85%
5/13/2009,4.38,4.47,4.54,4.21,4.84M,-1.69%
5/12/2009,4.46,4.25,4.54,4.25,8.23M,4.73%
5/11/2009,4.26,4.09,4.53,3.96,7.04M,4.14%
5/10/2009,4.09,4.08,4.14,4.05,3.08M,1.90%
5/7/2009,4.01,3.96,4.08,3.95,3.48M,1.54%
5/6/2009,3.95,3.96,3.96,3.92,2.57M,0.69%
5/5/2009,3.92,3.81,3.99,3.8,6.11M,3.95%
5/4/2009,3.77,3.82,3.82,3.72,4.59M,-0.74%
5/3/2009,3.8,3.78,3.87,3.75,988.53K,-1.18%
4/30/2009,3.85,3.77,3.9,3.74,3.87M,2.05%
4/29/2009,3.77,3.67,3.8,3.67,3.15M,2.74%
4/28/2009,3.67,3.63,3.7,3.63,5.86M,-0.24%
4/27/2009,3.68,3.72,3.75,3.63,9.15M,-2.44%
4/26/2009,3.77,3.77,3.79,3.72,2.43M,0.41%
4/23/2009,3.75,3.76,3.78,3.67,13.55M,-0.26%
4/22/2009,3.76,3.72,3.8,3.72,5.80M,0.00%
4/21/2009,3.76,3.75,3.86,3.58,13.92M,0.59%
4/16/2009,3.74,3.67,3.83,3.67,10.47M,2.11%
4/15/2009,3.66,3.66,3.68,3.58,6.14M,-0.34%
4/14/2009,3.67,3.53,3.77,3.53,4.31M,5.00%
4/13/2009,3.5,3.55,3.55,3.47,1.10M,-2.72%
4/12/2009,3.6,3.67,3.67,3.53,787.65K,1.22%
4/9/2009,3.55,3.46,3.62,3.46,12.55M,3.38%
4/8/2009,3.44,3.35,3.46,3.34,9.97M,0.54%
4/7/2009,3.42,3.48,3.48,3.35,8.25M,0.63%
4/6/2009,3.4,3.44,3.48,3.29,25.10M,2.42%
4/5/2009,3.32,3.28,3.38,3.24,16.72M,2.97%
4/2/2009,3.22,3.25,3.28,3.15,10.01M,1.03%
4/1/2009,3.19,3.14,3.24,3.14,15.46M,2.52%
3/31/2009,3.11,3.11,3.17,3.05,10.44M,-1.41%
3/30/2009,3.15,3.14,3.23,3.06,15.66M,0.87%
3/29/2009,3.13,3.06,3.17,3.01,11.29M,1.95%
3/26/2009,3.07,3,3.12,2.98,5.12M,2.65%
3/25/2009,2.99,3.03,3.06,2.96,10.31M,-2.25%
3/24/2009,3.06,3.09,3.14,3,12.91M,0.93%
3/23/2009,3.03,3.07,3.09,3.01,7.07M,0.00%
3/22/2009,3.02,3.04,3.04,3.01,5.24M,-0.98%
3/19/2009,3.05,3.08,3.09,3.02,6.65M,-0.50%
3/18/2009,3.07,3.09,3.12,3.03,6.72M,0.22%
3/17/2009,3.06,3.09,3.09,3.03,5.08M,-0.66%
3/16/2009,3.08,3.09,3.14,3.03,6.01M,1.95%
3/15/2009,3.02,3.09,3.11,2.98,14.50M,0.00%
3/12/2009,3.03,3.07,3.13,2.98,8.47M,-3.72%
3/11/2009,3.14,3.21,3.26,3.05,12.09M,-1.57%
3/10/2009,3.19,3.26,3.26,3.14,7.86M,-2.36%
3/8/2009,3.27,3.25,3.31,3.25,1.19M,0.00%
3/5/2009,3.28,3.29,3.34,3.24,4.95M,-0.94%
3/4/2009,3.31,3.33,3.33,3.28,5.23M,0.56%
3/3/2009,3.29,3.29,3.34,3.27,6.22M,-0.90%
3/2/2009,3.32,3.34,3.37,3.29,4.31M,-2.17%
3/1/2009,3.39,3.34,3.41,3.34,1.86M,1.10%
2/26/2009,3.35,3.34,3.48,3.32,6.42M,0.55%
2/25/2009,3.34,3.34,3.36,3.31,5.08M,1.35%
2/24/2009,3.29,3.22,3.31,3.22,8.57M,0.00%
2/23/2009,3.3,3.3,3.31,3.27,4.17M,0.41%
2/22/2009,3.28,3.25,3.35,3.24,1.52M,-1.48%
2/19/2009,3.33,3.3,3.37,3.27,3.30M,0.44%
2/18/2009,3.32,3.37,3.39,3.24,7.85M,-1.24%
2/17/2009,3.36,3.32,3.4,3.32,18.17M,-0.40%
2/16/2009,3.37,3.38,3.42,3.3,7.52M,1.13%
2/15/2009,3.34,3.29,3.38,3.29,2.83M,2.16%
2/12/2009,3.27,3.2,3.3,3.2,6.07M,-0.30%
2/11/2009,3.27,3.34,3.37,3.19,15.40M,-3.53%
2/10/2009,3.39,3.39,3.44,3.36,9.15M,0.17%
2/9/2009,3.39,3.38,3.43,3.34,9.76M,-0.76%
2/8/2009,3.41,3.34,3.46,3.34,2.19M,3.00%
2/5/2009,3.32,3.26,3.43,3.17,13.86M,1.72%
2/4/2009,3.26,3.21,3.33,3.17,20.61M,7.67%
2/3/2009,3.03,2.94,3.19,2.85,4.13M,-1.57%
2/2/2009,3.08,3.04,3.16,2.93,6.30M,-1.46%
2/1/2009,3.12,3.14,3.19,3.06,1.95M,-3.50%
1/29/2009,3.23,3.29,3.3,3.16,2.06M,-0.59%
1/28/2009,3.25,3.29,3.31,3.21,1.43M,0.00%
1/27/2009,3.25,3.13,3.33,3.13,5.38M,5.86%
1/26/2009,3.07,3.09,3.19,2.99,8.42M,0.28%
1/25/2009,3.06,3.19,3.21,2.91,6.11M,-3.48%
1/22/2009,3.17,3.29,3.38,3.09,5.06M,3.44%
1/21/2009,3.07,3.26,3.29,2.95,7.39M,-6.38%
1/20/2009,3.27,3.35,3.35,3.22,6.81M,-3.26%
1/19/2009,3.38,3.44,3.54,3.29,11.76M,0.32%
1/18/2009,3.37,3.44,3.51,3.34,4.66M,-1.22%
1/15/2009,3.42,3.44,3.53,3.36,12.58M,-3.92%
1/14/2009,3.56,3.38,3.62,3.38,5.08M,3.11%
1/13/2009,3.45,3.5,3.57,3.34,9.81M,-2.83%
1/12/2009,3.55,3.57,3.61,3.52,5.24M,-1.90%
1/11/2009,3.62,3.58,3.72,3.53,4.86M,0.86%
1/8/2009,3.59,3.51,3.7,3.48,8.08M,-0.32%
1/6/2009,3.6,3.77,3.77,3.53,9.59M,-3.12%
1/5/2009,3.71,3.67,3.77,3.67,5.81M,0.95%
1/4/2009,3.68,3.65,3.76,3.65,3.87M,2.28%
12/31/2008,3.6,3.53,3.67,3.53,8.64M,3.22%
12/30/2008,3.48,3.36,3.53,3.36,5.27M,3.71%
12/28/2008,3.36,3.38,3.41,3.34,809.13K,-0.74%
12/25/2008,3.38,3.34,3.43,3.34,911.14K,1.66%
12/24/2008,3.33,3.28,3.38,3.25,3.55M,1.12%
12/23/2008,3.29,3.3,3.33,3.24,2.61M,0.00%
12/22/2008,3.29,3.19,3.34,3.16,11.51M,1.79%
12/21/2008,3.23,3.37,3.37,3.14,6.01M,-2.51%
12/18/2008,3.32,3.41,3.46,3.29,6.93M,-2.86%
12/17/2008,3.41,3.38,3.48,3.34,9.64M,2.14%
12/16/2008,3.34,3.29,3.38,3.29,24.60M,1.89%
12/15/2008,3.28,3.19,3.33,3.15,9.26M,3.70%
12/14/2008,3.16,3.1,3.21,3.1,5.99M,0.00%
12/11/2008,3.17,2.96,3.25,2.95,10.17M,6.92%
12/10/2008,2.96,3.05,3.07,2.9,7.18M,1.52%
12/4/2008,2.92,2.88,3.04,2.8,14.89M,2.48%
12/3/2008,2.85,2.9,2.95,2.8,3.79M,2.05%
12/2/2008,2.79,2.72,2.88,2.71,3.49M,-0.24%
12/1/2008,2.8,2.75,2.85,2.71,9.29M,-0.31%
11/30/2008,2.8,2.78,2.83,2.78,3.08M,1.08%
11/27/2008,2.77,2.8,2.83,2.76,5.16M,-0.38%
11/26/2008,2.79,2.79,2.82,2.71,9.88M,-0.35%
11/25/2008,2.8,2.61,2.91,2.61,12.45M,7.03%
11/24/2008,2.61,2.74,2.77,2.47,4.73M,-7.09%
11/23/2008,2.81,2.82,2.91,2.72,2.20M,-0.75%
11/20/2008,2.83,2.92,2.92,2.77,7.14M,-1.97%
11/19/2008,2.89,2.89,2.96,2.8,9.91M,2.65%
11/18/2008,2.81,2.8,2.9,2.71,13.88M,-2.51%
11/17/2008,2.89,2.86,2.95,2.81,10.55M,-1.35%
11/16/2008,2.93,3,3.05,2.89,2.65M,-0.69%
11/13/2008,2.95,2.96,3.02,2.88,5.15M,-1.42%
11/12/2008,2.99,3,3.08,2.9,4.13M,-3.37%
11/11/2008,3.09,3.09,3.18,3,3.60M,-0.59%
11/10/2008,3.11,3.04,3.15,3.01,9.67M,2.39%
11/9/2008,3.04,3.05,3.12,2.95,6.88M,2.31%
11/6/2008,2.97,2.92,3.16,2.8,21.07M,-4.62%
11/5/2008,3.12,3.2,3.38,2.9,21.25M,-2.16%
11/4/2008,3.18,3.05,3.26,2.9,13.60M,6.85%
11/3/2008,2.98,2.81,3.07,2.79,11.27M,5.98%
11/2/2008,2.81,2.83,2.88,2.77,7.88M,4.34%
10/30/2008,2.69,2.63,2.83,2.56,10.75M,0.00%
10/29/2008,2.7,2.71,2.85,2.61,5.73M,-0.29%
10/28/2008,2.71,2.71,2.8,2.65,8.00M,2.45%
10/27/2008,2.64,2.63,2.73,2.61,11.78M,-0.69%
10/26/2008,2.66,2.75,2.75,2.59,11.70M,-8.76%
10/23/2008,2.92,2.9,3.09,2.8,6.93M,-2.01%
10/22/2008,2.98,3.07,3.09,2.9,6.97M,-6.59%
10/21/2008,3.18,3.31,3.34,3.07,6.90M,-2.43%
10/20/2008,3.26,3.4,3.48,3.15,10.25M,-2.68%
10/19/2008,3.35,3.33,3.38,3.29,1.94M,1.52%
10/16/2008,3.3,3.38,3.41,3.24,12.19M,-5.35%
10/15/2008,3.49,3.58,3.58,3.38,8.78M,-3.91%
10/14/2008,3.63,3.5,3.87,3.5,31.14M,6.10%
10/13/2008,3.42,3.53,3.58,3.29,22.41M,2.64%
10/12/2008,3.34,3.09,3.48,3,10.93M,-1.54%
10/9/2008,3.39,3.58,3.77,3.23,13.52M,6.89%
10/8/2008,3.17,2.9,3.7,2.58,37.32M,4.39%
10/7/2008,3.04,3.67,3.67,2.31,15.61K,-21.09%
9/29/2008,3.85,3.77,3.89,3.77,9.49M,2.03%
9/28/2008,3.77,3.79,3.81,3.65,2.51M,1.46%
9/25/2008,3.72,3.82,3.82,3.61,3.05M,0.84%
9/24/2008,3.69,3.87,3.92,3.57,6.89M,-4.25%
9/23/2008,3.85,3.77,3.89,3.77,7.43M,-3.04%
9/22/2008,3.97,3.94,4.08,3.82,5.18M,-2.70%
9/21/2008,4.08,3.89,4.25,3.89,9.87M,6.78%
9/18/2008,3.82,3.87,3.87,3.67,8.49M,-3.07%
9/17/2008,3.94,3.91,4.06,3.72,13.80M,6.90%
9/16/2008,3.69,3.96,3.96,3.48,16.04M,-8.14%
9/15/2008,4.01,4.23,4.23,3.96,12.25M,-5.49%
9/14/2008,4.25,4.44,4.44,4.21,3.11M,-1.04%
9/11/2008,4.29,4.53,4.53,4.25,10.75M,-3.86%
9/10/2008,4.46,4.5,4.53,4.45,2.93M,-2.66%
9/9/2008,4.59,4.68,4.68,4.49,3.01M,-1.00%
9/8/2008,4.63,4.59,4.67,4.54,1.50M,1.94%
9/7/2008,4.54,4.52,4.59,4.46,3.47M,-1.22%
9/4/2008,4.6,4.59,4.67,4.51,7.36M,-1.06%
9/3/2008,4.65,4.67,4.79,4.56,5.22M,0.80%
9/2/2008,4.61,4.54,4.69,4.5,6.62M,0.97%
9/1/2008,4.57,4.55,4.63,4.54,1.80M,1.09%
8/31/2008,4.52,4.46,4.63,4.45,6.37M,0.73%
8/28/2008,4.49,4.45,4.52,4.45,5.16M,2.75%
8/27/2008,4.37,4.41,4.45,4.3,3.83M,0.24%
8/26/2008,4.36,4.38,4.42,4.3,5.34M,-0.73%
8/25/2008,4.39,4.39,4.44,4.34,3.73M,-1.37%
8/24/2008,4.45,4.45,4.5,4.38,2.00M,2.91%
8/21/2008,4.32,4.35,4.38,4.25,2.64M,0.00%
8/20/2008,4.33,4.35,4.4,4.25,5.70M,-4.05%
8/19/2008,4.51,4.64,4.64,4.35,5.49M,-2.83%
8/18/2008,4.64,4.74,4.74,4.62,5.30M,-2.42%
8/17/2008,4.76,4.83,4.83,4.64,4.16M,3.06%
8/14/2008,4.61,4.54,4.83,4.54,7.82M,6.49%
8/13/2008,4.33,4.69,4.69,4.18,17.42M,-6.63%
8/12/2008,4.64,4.66,4.69,4.56,2.82M,-1.13%
8/11/2008,4.69,4.83,4.83,4.64,3.16M,0.77%
8/10/2008,4.66,4.87,4.88,4.62,7.48M,-4.02%
8/7/2008,4.85,4.79,4.93,4.79,4.86M,1.50%
8/6/2008,4.78,4.64,4.83,4.64,5.59M,3.15%
8/5/2008,4.64,4.63,4.69,4.62,9.32M,-0.12%
8/4/2008,4.64,4.73,4.73,4.61,8.36M,-3.59%
8/3/2008,4.81,4.74,4.93,4.69,2.48M,0.81%
7/31/2008,4.78,4.35,4.93,4.35,3.96M,2.90%
7/30/2008,4.64,4.83,4.83,4.51,9.76M,-3.20%
7/29/2008,4.79,4.95,4.95,4.71,2.38M,-2.26%
7/28/2008,4.91,4.94,4.96,4.87,3.64M,0.14%
7/27/2008,4.9,4.91,4.95,4.88,4.49M,0.00%
7/24/2008,4.9,4.9,4.94,4.82,6.29M,1.29%
7/22/2008,4.83,4.8,4.85,4.8,7.44M,0.00%
7/21/2008,4.83,4.9,4.9,4.81,4.62M,0.00%
7/20/2008,4.84,4.93,4.93,4.81,3.74M,0.00%
7/17/2008,4.84,4.89,4.99,4.82,8.00M,-1.04%
7/16/2008,4.89,4.93,4.95,4.84,7.27M,0.00%
7/15/2008,4.89,4.87,4.92,4.83,2.08M,1.08%
7/14/2008,4.84,4.9,4.96,4.82,6.16M,0.00%
7/13/2008,4.84,4.83,4.9,4.8,671.87K,-1.82%
7/10/2008,4.93,4.96,5.01,4.83,4.25M,-0.59%
7/9/2008,4.95,5,5.02,4.93,7.18M,1.45%
7/8/2008,4.88,4.83,5,4.83,6.33M,-0.12%
7/7/2008,4.89,5.03,5.03,4.82,5.14M,-2.22%
7/6/2008,5,5.09,5.09,4.81,13.99M,-2.66%
7/3/2008,5.14,5.19,5.19,5.03,4.65M,-0.88%
7/2/2008,5.18,5.29,5.36,5.13,11.54M,-1.71%
6/30/2008,5.27,5.26,5.51,5.19,6.80M,-1.81%
6/29/2008,5.37,5.41,5.41,5.33,3.50M,-0.60%
6/26/2008,5.4,5.29,5.48,5.22,41.21M,0.13%
6/25/2008,5.4,5.61,5.61,5.24,12.69M,-3.44%
6/24/2008,5.59,5.54,5.61,5.54,11.43M,0.85%
6/23/2008,5.54,5.42,5.61,5.42,5.74M,0.93%
6/22/2008,5.49,5.51,5.53,5.48,738.18K,0.20%
6/19/2008,5.48,5.54,5.58,5.41,12.98M,-0.79%
6/18/2008,5.52,5.54,5.56,5.48,4.23M,-0.50%
6/17/2008,5.55,5.54,5.61,5.48,3.36M,-0.99%
6/16/2008,5.61,5.6,5.69,5.54,9.17M,0.59%
6/15/2008,5.57,5.5,5.61,5.5,1.67M,1.32%
6/12/2008,5.5,5.47,5.57,5.45,5.85M,0.48%
6/11/2008,5.47,5.39,5.5,5.35,3.59M,0.99%
6/10/2008,5.42,5.35,5.48,5.35,5.69M,0.15%
6/9/2008,5.41,5.43,5.44,5.38,3.17M,0.14%
6/8/2008,5.4,5.54,5.54,5.31,4.09M,-2.39%
6/5/2008,5.54,5.55,5.61,5.48,1.55M,-1.38%
6/4/2008,5.61,5.38,5.67,5.35,26.14M,4.94%
6/3/2008,5.35,5.35,5.41,5.25,3.55M,-0.86%
6/2/2008,5.4,5.45,5.48,5.37,4.04M,-0.89%
6/1/2008,5.44,5.48,5.48,5.42,1.16M,-0.49%
5/29/2008,5.47,5.38,5.51,5.38,3.45M,0.72%
5/28/2008,5.43,5.53,5.53,5.41,6.06M,-0.27%
5/27/2008,5.45,5.35,5.54,5.3,6.20M,3.33%
5/26/2008,5.27,5.27,5.38,5.16,3.12M,2.16%
5/25/2008,5.16,5.11,5.27,5.07,1.89M,1.53%
5/22/2008,5.08,5.06,5.11,5.03,3.10M,-0.14%
5/21/2008,5.09,5.1,5.13,5,4.70M,-0.21%
5/20/2008,5.1,5.16,5.16,5.03,6.20M,0.89%
5/19/2008,5.05,5.12,5.21,5.02,11.34M,-1.22%
5/18/2008,5.12,5.1,5.22,5.06,2.27M,2.77%
5/15/2008,4.98,5.15,5.22,4.69,13.74M,-2.79%
5/14/2008,5.12,5.25,5.38,4.99,28.60M,-2.99%
5/13/2008,5.28,5.28,5.38,5.13,20.14M,0.81%
5/12/2008,5.24,5.44,5.48,5.16,20.45M,-3.41%
5/11/2008,5.42,5.61,5.64,5.4,20.46M,-4.42%
5/8/2008,5.67,5.7,5.8,5.61,9.49M,-1.95%
5/7/2008,5.79,5.83,5.83,5.74,7.21M,-1.48%
5/6/2008,5.87,5.87,5.93,5.86,6.22M,-0.61%
5/5/2008,5.91,5.77,5.96,5.77,5.17M,0.74%
5/4/2008,5.87,5.88,5.9,5.84,3.12M,0.59%
4/30/2008,5.83,5.72,5.87,5.72,4.46M,-0.17%
4/29/2008,5.84,5.77,5.88,5.77,4.29M,1.57%
4/24/2008,5.75,5.61,5.79,5.61,9.19M,2.30%
4/23/2008,5.62,5.67,5.67,5.58,3.46M,0.55%
4/22/2008,5.59,5.53,5.66,5.53,7.90M,0.77%
4/21/2008,5.55,5.6,5.61,5.51,8.75M,-0.35%
4/20/2008,5.57,5.54,5.6,5.51,1.44M,0.88%
4/17/2008,5.52,5.54,5.54,5.46,4.80M,0.20%
4/16/2008,5.51,5.61,5.61,5.43,4.57M,-1.58%
4/15/2008,5.6,5.64,5.64,5.56,5.79M,-0.24%
4/14/2008,5.61,5.67,5.72,5.58,10.59M,-0.45%
4/13/2008,5.64,5.64,5.72,5.61,4.41M,-0.33%
4/10/2008,5.65,5.67,5.72,5.61,3.25M,-1.32%
4/9/2008,5.73,5.75,5.77,5.61,5.39M,-0.33%
4/8/2008,5.75,5.83,5.83,5.73,7.58M,0.00%
4/7/2008,5.75,5.71,5.8,5.71,14.02M,0.35%
4/6/2008,5.73,5.71,5.76,5.7,6.87M,-0.50%
4/3/2008,5.76,5.74,5.8,5.74,4.79M,-0.88%
4/2/2008,5.81,5.89,5.9,5.74,7.91M,0.11%
4/1/2008,5.81,5.88,5.88,5.75,9.12M,0.13%
3/31/2008,5.8,5.8,5.92,5.7,7.75M,2.11%
3/30/2008,5.68,5.68,5.74,5.64,4.50M,0.64%
3/27/2008,5.64,5.67,5.72,5.58,19.73M,-0.47%
3/26/2008,5.67,5.73,5.77,5.57,17.40M,-0.55%
3/25/2008,5.7,5.8,5.87,5.58,17.65M,-1.80%
3/24/2008,5.8,5.88,5.9,5.69,8.59M,-0.95%
3/23/2008,5.86,5.83,5.93,5.83,2.73M,-1.11%
3/19/2008,5.93,5.87,6.03,5.84,8.42M,1.11%
3/18/2008,5.86,5.91,5.93,5.78,8.43M,-1.36%
3/17/2008,5.94,6.06,6.06,5.83,8.63M,0.12%
3/16/2008,5.93,6.03,6.06,5.88,10.34M,-1.87%
3/13/2008,6.05,6.12,6.19,5.96,47.18M,-2.49%
3/12/2008,6.2,6.25,6.34,6.07,26.36M,0.24%
3/11/2008,6.19,6.22,6.22,6.16,14.61M,-0.68%
3/10/2008,6.23,6.28,6.3,6.19,7.05M,-0.54%
3/9/2008,6.26,6.32,6.32,6.13,8.57M,-0.15%
3/6/2008,6.27,6.2,6.38,6.2,14.36M,1.40%
3/5/2008,6.19,6.11,6.32,6.08,19.91M,1.79%
3/4/2008,6.08,6.09,6.09,6.06,1.99M,0.88%
3/3/2008,6.02,6.06,6.09,5.96,8.64M,-0.81%
3/2/2008,6.07,6.05,6.12,5.96,3.20M,0.89%
2/28/2008,6.02,5.97,6.07,5.97,5.23M,0.34%
2/27/2008,6,6.12,6.12,5.95,5.49M,-1.40%
2/26/2008,6.08,6.09,6.12,6.05,4.44M,0.00%
2/25/2008,6.09,6.12,6.12,6.01,7.01M,0.08%
2/24/2008,6.08,5.95,6.19,5.95,7.04M,3.14%
2/21/2008,5.9,5.82,5.94,5.82,15.57M,0.57%
2/20/2008,5.86,5.93,5.96,5.79,17.54M,-0.32%
2/19/2008,5.88,5.93,5.93,5.8,10.57M,0.00%
2/18/2008,5.88,5.93,5.96,5.87,23.50M,0.16%
2/17/2008,5.87,5.93,5.93,5.81,4.70M,-0.55%
2/14/2008,5.9,5.86,5.96,5.84,11.76M,1.73%
2/13/2008,5.8,5.8,5.86,5.75,5.60M,1.02%
2/12/2008,5.75,5.74,5.8,5.73,11.37M,-0.15%
2/11/2008,5.75,5.8,5.91,5.67,6.99M,-0.38%
2/10/2008,5.78,5.82,5.82,5.74,5.77M,-0.53%
2/7/2008,5.81,5.93,5.93,5.78,9.28M,-0.42%
2/6/2008,5.83,5.86,5.91,5.73,8.97M,-2.46%
2/5/2008,5.98,6.06,6.06,5.87,6.57M,-0.98%
2/4/2008,6.04,5.98,6.1,5.93,9.16M,0.44%
2/3/2008,6.01,6.06,6.12,5.94,4.14M,0.67%
1/31/2008,5.97,5.88,6.06,5.88,16.78M,1.99%
1/30/2008,5.85,5.82,5.92,5.8,11.19M,1.17%
1/29/2008,5.79,5.67,5.88,5.67,31.63M,2.00%
1/28/2008,5.67,5.6,5.76,5.58,21.38M,-0.47%
1/27/2008,5.7,5.67,5.76,5.65,6.04M,2.25%
1/24/2008,5.57,5.58,5.67,5.43,11.38M,0.34%
1/23/2008,5.56,5.67,5.76,5.41,10.47M,4.52%
1/22/2008,5.32,5.41,5.41,5.19,12.66M,-3.45%
1/21/2008,5.51,5.67,5.67,5.22,15.09M,-3.37%
1/20/2008,5.7,5.9,5.9,5.58,7.42M,-3.35%
1/17/2008,5.89,5.8,5.98,5.8,6.09M,0.32%
1/16/2008,5.88,6.01,6.01,5.77,6.91M,-2.42%
1/15/2008,6.02,5.93,6.05,5.93,14.90M,0.60%
1/14/2008,5.99,5.99,6.06,5.93,19.82M,-1.13%
1/13/2008,6.05,6.03,6.08,5.93,19.82M,0.26%
1/10/2008,6.04,6.03,6.07,5.98,14.32M,-0.37%
1/8/2008,6.06,6.03,6.11,6,26.90M,1.31%
1/6/2008,5.98,5.96,6.02,5.93,19.93M,0.64%
1/3/2008,5.94,5.93,5.99,5.9,7.05M,0.10%
1/2/2008,5.94,5.86,5.99,5.85,6.63M,0.39%
12/31/2007,5.92,5.93,5.93,5.84,15.31M,-0.37%
12/30/2007,5.94,5.99,5.99,5.92,7.39M,0.00%
12/27/2007,5.94,5.8,6.01,5.78,23.66M,3.19%
12/26/2007,5.76,5.74,5.78,5.69,9.33M,0.00%
12/25/2007,5.76,5.73,5.8,5.69,3.96M,1.32%
12/24/2007,5.68,5.61,5.74,5.58,12.46M,0.40%
12/23/2007,5.66,5.61,5.7,5.59,4.34M,1.48%
12/17/2007,5.58,5.54,5.6,5.54,5.09M,0.46%
12/16/2007,5.55,5.64,5.65,5.51,4.70M,0.26%
12/13/2007,5.54,5.4,5.61,5.4,9.98M,2.15%
12/12/2007,5.42,5.48,5.48,5.38,6.25M,-0.95%
12/11/2007,5.47,5.35,5.61,5.35,7.05M,-0.53%
12/10/2007,5.5,5.67,5.79,5.35,13.32M,-2.57%
12/9/2007,5.65,5.45,5.78,5.43,14.03M,4.68%
12/6/2007,5.4,5.38,5.45,5.34,10.88M,0.48%
12/5/2007,5.37,5.38,5.46,5.29,9.91M,0.36%
12/4/2007,5.35,5.22,5.4,5.22,24.12M,2.99%
12/3/2007,5.19,5.1,5.25,5.09,25.14M,1.96%
12/2/2007,5.09,5.12,5.13,5.08,6.49M,0.10%
11/29/2007,5.09,5.08,5.1,5.04,12.04M,0.00%
11/28/2007,5.09,5,5.1,5,13.86M,0.00%
11/27/2007,5.09,5.06,5.13,5.01,14.55M,1.70%
11/26/2007,5,4.91,5.09,4.87,7.93M,1.17%
11/25/2007,4.94,4.93,4.99,4.9,3.82M,0.35%
11/22/2007,4.93,5.03,5.03,4.89,6.27M,-1.90%
11/21/2007,5.02,5.03,5.06,5.01,8.29M,0.00%
11/20/2007,5.02,5.04,5.06,4.98,9.95M,0.22%
11/19/2007,5.01,5.03,5.04,5,8.17M,-0.12%
11/18/2007,5.02,4.96,5.03,4.96,3.11M,1.37%
11/15/2007,4.95,4.96,4.96,4.93,2.97M,0.18%
11/14/2007,4.94,4.98,5.01,4.89,5.21M,-0.94%
11/13/2007,4.99,5.01,5.04,4.93,4.85M,-0.96%
11/12/2007,5.04,5.09,5.09,5,1.65M,-0.46%
11/11/2007,5.06,4.96,5.09,4.96,4.16M,1.95%
11/8/2007,4.96,4.96,4.99,4.93,2.67M,-1.77%
11/7/2007,5.05,5.02,5.12,4.95,7.42M,0.53%
11/6/2007,5.03,5.03,5.07,5.01,7.03M,-0.41%
11/5/2007,5.05,5.06,5.07,5.02,6.09M,-0.80%
11/4/2007,5.09,5.12,5.19,5.04,1.71M,-1.33%
11/1/2007,5.16,5.03,5.24,5,16.23M,3.60%
10/31/2007,4.98,5.01,5.03,4.96,9.38M,-0.35%
10/30/2007,4.99,5.03,5.03,4.96,4.04M,-0.70%
10/29/2007,5.03,5.07,5.09,5.02,6.74M,-0.73%
10/28/2007,5.07,5.04,5.12,5,1.54M,0.83%
10/25/2007,5.03,5.03,5.07,4.96,5.00M,-0.70%
10/24/2007,5.06,5.03,5.09,5.03,5.01M,0.41%
10/23/2007,5.04,4.99,5.09,4.99,5.22M,1.32%
10/22/2007,4.97,5.03,5.03,4.94,17.00M,-1.22%
10/21/2007,5.04,5.12,5.12,5,2.26M,-2.04%
10/18/2007,5.14,5.1,5.17,5.09,7.17M,0.81%
10/17/2007,5.1,5.13,5.14,5.06,5.66M,-1.43%
10/16/2007,5.17,5.22,5.22,5.13,3.19M,0.33%
10/11/2007,5.16,5.17,5.19,5.14,9.04M,-0.65%
10/10/2007,5.19,5.25,5.25,5.16,4.42M,0.00%
10/9/2007,5.19,5.22,5.27,5.14,4.80M,0.52%
10/8/2007,5.17,5.16,5.22,5.09,2.55M,0.30%
10/4/2007,5.15,5.07,5.16,5.07,10.19M,0.10%
10/3/2007,5.15,5.22,5.29,5.06,3.83M,0.76%
10/2/2007,5.11,5.21,5.22,5.06,14.99M,-0.49%
10/1/2007,5.13,5.01,5.19,5.01,9.94M,3.66%
9/30/2007,4.95,5,5.03,4.84,3.69M,0.38%
9/27/2007,4.93,4.85,4.97,4.83,9.03M,3.20%
9/26/2007,4.78,4.77,4.84,4.77,16.80M,0.41%
9/25/2007,4.76,4.77,4.83,4.74,6.57M,-0.16%
9/24/2007,4.77,4.69,4.78,4.69,13.91M,0.49%
9/23/2007,4.75,4.66,4.77,4.66,6.05M,0.79%
9/20/2007,4.71,4.77,4.77,4.64,2.97M,-2.30%
9/19/2007,4.82,4.83,4.9,4.72,8.81M,0.78%
9/18/2007,4.78,4.7,4.87,4.67,7.43M,1.63%
9/17/2007,4.7,4.76,4.76,4.66,5.59M,-0.83%
9/16/2007,4.74,4.64,4.77,4.64,13.17M,3.76%
9/13/2007,4.57,4.46,4.63,4.45,6.97M,1.63%
9/12/2007,4.5,4.48,4.53,4.45,4.25M,1.19%
9/11/2007,4.45,4.44,4.47,4.38,9.86M,0.00%
9/10/2007,4.44,4.42,4.48,4.41,3.02M,0.76%
9/9/2007,4.41,4.39,4.42,4.38,4.28M,-0.20%
9/6/2007,4.42,4.41,4.43,4.4,1.69M,0.00%
9/5/2007,4.41,4.42,4.43,4.39,728.98K,0.00%
9/4/2007,4.42,4.45,4.46,4.4,4.90M,-0.16%
9/3/2007,4.42,4.35,4.45,4.35,13.10M,2.51%
9/2/2007,4.32,4.33,4.33,4.29,846.38K,0.50%
8/30/2007,4.29,4.28,4.33,4.28,1.00M,0.00%
8/29/2007,4.29,4.35,4.35,4.25,2.35M,-1.96%
8/28/2007,4.38,4.34,4.41,4.3,8.62M,-0.24%
8/27/2007,4.39,4.42,4.44,4.33,2.85M,-0.63%
8/26/2007,4.41,4.41,4.45,4.28,3.00M,3.54%
8/23/2007,4.26,4.25,4.34,4.19,5.67M,0.56%
8/22/2007,4.24,4.3,4.31,4.14,3.59M,0.95%
8/21/2007,4.2,4.32,4.32,4.15,1.39M,-0.93%
8/20/2007,4.24,4.32,4.32,4.2,2.38M,-1.42%
8/19/2007,4.3,4.27,4.38,4.25,1.67M,0.26%
8/16/2007,4.29,4.39,4.39,4.25,7.19M,-3.55%
8/15/2007,4.45,4.58,4.58,4.26,800.60K,-4.15%
8/14/2007,4.64,4.67,4.77,4.58,22.35M,9.44%
8/13/2007,4.24,4.2,4.29,4.2,1.67M,0.57%
8/12/2007,4.22,4.33,4.33,4.18,1.94M,-4.43%
8/9/2007,4.41,4.44,4.45,4.38,1.03M,0.43%
8/8/2007,4.39,4.38,4.43,4.34,4.14M,1.99%
8/7/2007,4.31,4.32,4.32,4.29,1.63M,1.84%
8/6/2007,4.23,4.41,4.41,4.2,5.76M,-2.96%
8/5/2007,4.36,4.42,4.42,4.33,456.29K,-0.50%
8/2/2007,4.38,4.38,4.39,4.35,1.18M,0.46%
8/1/2007,4.36,4.45,4.45,4.32,1.82M,-1.94%
7/31/2007,4.45,4.35,4.49,4.35,4.72M,0.77%
7/30/2007,4.41,4.45,4.48,4.36,3.01M,-1.85%
7/29/2007,4.49,4.67,4.67,4.35,5.18M,-3.58%
7/26/2007,4.66,4.6,4.71,4.59,5.84M,1.10%
7/25/2007,4.61,4.7,4.7,4.58,7.35M,-0.83%
7/24/2007,4.65,4.76,4.83,4.58,19.30M,1.85%
7/19/2007,4.56,4.51,4.63,4.48,18.14M,2.10%
7/18/2007,4.47,4.45,4.5,4.45,18.22M,0.96%
7/17/2007,4.43,4.32,4.46,4.32,12.43M,0.00%
7/16/2007,4.43,4.42,4.46,4.36,3.27M,-0.75%
7/15/2007,4.46,4.48,4.48,4.42,4.59M,0.64%
7/12/2007,4.43,4.37,4.46,4.37,13.68M,0.85%
7/11/2007,4.39,4.32,4.45,4.2,10.92M,3.55%
7/10/2007,4.24,4.19,4.32,4.19,9.46M,1.79%
7/9/2007,4.17,4.04,4.19,4.04,3.96M,1.94%
7/8/2007,4.09,4.07,4.11,4.07,1.53M,0.62%
7/5/2007,4.06,4,4.09,4,4.21M,0.83%
7/4/2007,4.03,4.05,4.06,4.01,3.56M,1.53%
7/3/2007,3.97,3.97,4.05,3.92,8.05M,0.00%
7/2/2007,3.97,3.87,4,3.87,3.67M,2.50%
6/28/2007,3.87,3.93,3.98,3.8,4.52M,-0.96%
6/27/2007,3.91,3.99,4,3.87,5.87M,-1.75%
6/26/2007,3.98,4,4.03,3.94,3.12M,0.15%
6/25/2007,3.97,4,4,3.95,3.71M,-0.72%
6/24/2007,4,4.04,4.07,3.96,1.96M,-1.46%
6/21/2007,4.06,4.07,4.07,4.05,2.52M,-0.96%
6/20/2007,4.1,4.05,4.13,4.05,1.41M,0.89%
6/19/2007,4.06,4.09,4.13,4.04,5.69M,-1.99%
6/18/2007,4.15,4.22,4.25,4.1,3.74M,-1.56%
6/17/2007,4.21,4.09,4.26,4.07,6.51M,3.68%
6/14/2007,4.06,4,4.09,4,4.56M,1.17%
6/13/2007,4.02,4,4.04,3.99,4.66M,0.44%
6/12/2007,4,4.03,4.03,4,3.47M,0.76%
6/11/2007,3.97,3.9,4.06,3.9,13.49M,0.92%
6/10/2007,3.93,3.91,3.99,3.91,598.69K,0.00%
6/7/2007,3.94,3.94,4,3.92,6.94M,-1.66%
6/6/2007,4,3.91,4.12,3.87,8.24M,2.39%
6/5/2007,3.91,3.87,3.94,3.87,3.33M,0.81%
6/4/2007,3.88,3.87,3.9,3.87,1.45M,0.23%
6/3/2007,3.87,3.84,3.9,3.84,2.72M,0.77%
5/31/2007,3.84,3.82,3.87,3.82,2.14M,0.15%
5/30/2007,3.83,3.87,3.87,3.8,4.79M,-0.92%
5/29/2007,3.87,3.87,3.87,3.82,10.12M,-0.18%
5/28/2007,3.87,3.87,3.9,3.87,804.21K,0.18%
5/27/2007,3.87,3.87,3.89,3.8,4.11M,0.00%
5/24/2007,3.87,3.87,3.9,3.87,1.14M,0.00%
5/23/2007,3.87,3.87,3.91,3.87,1.40M,0.13%
5/22/2007,3.87,3.87,3.88,3.87,2.23M,0.00%
5/21/2007,3.87,3.87,3.87,3.87,7.11M,0.00%
5/20/2007,3.87,3.87,3.88,3.87,3.32M,0.00%
5/17/2007,3.87,3.79,3.93,3.79,9.21M,1.11%
5/16/2007,3.82,3.81,3.86,3.8,1.47M,0.00%
5/15/2007,3.82,3.81,3.84,3.81,1.59M,-0.24%
5/14/2007,3.83,3.8,3.87,3.8,4.15M,1.68%
5/13/2007,3.77,3.77,3.78,3.76,1.05M,-0.71%
5/10/2007,3.8,3.8,3.8,3.77,919.08K,-0.24%
5/9/2007,3.81,3.84,3.84,3.77,1.18M,-1.47%
5/8/2007,3.86,3.87,3.87,3.84,3.15M,0.00%
5/7/2007,3.87,3.85,3.87,3.84,5.09M,0.15%
5/6/2007,3.86,3.84,3.9,3.84,10.98M,0.00%
5/3/2007,3.86,3.82,3.87,3.82,2.85M,0.25%
5/2/2007,3.85,3.83,3.87,3.82,3.01M,1.10%
4/30/2007,3.81,3.8,3.82,3.78,956.41K,0.00%
4/29/2007,3.81,3.84,3.84,3.79,1.47M,0.87%
4/26/2007,3.77,3.73,3.81,3.71,9.01M,1.42%
4/24/2007,3.72,3.67,3.73,3.67,3.39M,0.84%
4/23/2007,3.69,3.63,3.7,3.62,1.72M,0.49%
4/22/2007,3.67,3.62,3.68,3.62,3.21M,0.42%
4/19/2007,3.66,3.64,3.67,3.62,6.20M,0.35%
4/18/2007,3.64,3.65,3.67,3.64,3.57M,-1.09%
4/17/2007,3.68,3.61,3.71,3.61,1.71M,1.12%
4/16/2007,3.64,3.64,3.67,3.63,12.57M,0.00%
4/15/2007,3.64,3.64,3.65,3.61,6.88M,-0.63%
4/12/2007,3.66,3.59,3.67,3.59,2.72M,0.34%
4/11/2007,3.65,3.68,3.68,3.58,4.44M,-1.26%
4/10/2007,3.7,3.64,3.71,3.52,620.58K,0.54%
4/5/2007,3.68,3.68,3.7,3.64,1.19M,0.00%
4/4/2007,3.68,3.64,3.71,3.61,4.66M,1.12%
4/3/2007,3.64,3.64,3.65,3.61,4.15M,0.97%
4/2/2007,3.6,3.61,3.64,3.53,3.22M,0.88%
3/29/2007,3.57,3.61,3.61,3.52,7.86M,0.18%
3/28/2007,3.56,3.61,3.61,3.46,3.72M,-1.36%
3/27/2007,3.61,3.61,3.62,3.6,2.55M,-0.78%
3/26/2007,3.64,3.64,3.66,3.62,604.06K,-0.91%
3/25/2007,3.67,3.61,3.7,3.61,6.15M,0.89%
3/22/2007,3.64,3.67,3.67,3.62,1.72M,0.00%
3/21/2007,3.64,3.62,3.65,3.62,4.00M,-0.56%
3/20/2007,3.66,3.67,3.7,3.62,3.74M,-0.53%
3/19/2007,3.68,3.67,3.74,3.64,5.94M,0.32%
3/18/2007,3.67,3.67,3.7,3.65,1.62M,-1.03%
3/15/2007,3.71,3.67,3.74,3.67,5.84M,1.66%
3/14/2007,3.65,3.7,3.7,3.63,1.83M,-1.74%
3/13/2007,3.71,3.63,3.76,3.63,5.61M,1.25%
3/12/2007,3.67,3.63,3.69,3.61,6.61M,0.49%
3/11/2007,3.65,3.56,3.67,3.56,6.78M,2.57%
3/8/2007,3.56,3.55,3.57,3.55,2.77M,0.31%
3/7/2007,3.55,3.53,3.57,3.52,9.12M,0.00%
3/6/2007,3.54,3.47,3.56,3.47,1.82M,1.18%
3/5/2007,3.5,3.54,3.55,3.47,5.55M,-0.35%
3/4/2007,3.51,3.55,3.55,3.48,1.05M,-1.25%
3/1/2007,3.56,3.55,3.58,3.55,2.17M,-0.29%
2/28/2007,3.57,3.59,3.61,3.54,4.89M,-2.71%
2/27/2007,3.67,3.67,3.7,3.64,3.26M,1.03%
2/26/2007,3.63,3.6,3.68,3.6,3.79M,0.86%
2/25/2007,3.6,3.55,3.61,3.55,972.15K,1.03%
2/22/2007,3.56,3.61,3.61,3.55,1.33M,-0.56%
2/21/2007,3.58,3.6,3.61,3.58,3.72M,0.85%
2/20/2007,3.55,3.55,3.59,3.51,7.54M,-0.56%
2/19/2007,3.57,3.58,3.66,3.5,6.67M,-0.27%
2/18/2007,3.58,3.54,3.64,3.51,4.29M,2.26%
2/15/2007,3.5,3.5,3.54,3.48,5.09M,0.15%
2/14/2007,3.5,3.49,3.53,3.49,1.35M,0.54%
2/13/2007,3.48,3.48,3.49,3.46,1.50M,0.00%
2/12/2007,3.48,3.48,3.5,3.46,6.80M,0.00%
2/11/2007,3.48,3.46,3.5,3.46,1.69M,-0.15%
2/8/2007,3.49,3.55,3.55,3.48,4.45M,-1.71%
2/7/2007,3.55,3.55,3.65,3.46,15.35M,1.93%
2/6/2007,3.48,3.48,3.53,3.42,4.64M,0.35%
2/5/2007,3.47,3.48,3.54,3.42,1.99M,-0.35%
2/4/2007,3.48,3.48,3.51,3.46,2.09M,0.00%
2/1/2007,3.48,3.47,3.51,3.42,3.54M,1.85%
1/31/2007,3.42,3.42,3.45,3.35,33.41M,-0.17%
1/30/2007,3.42,3.38,3.48,3.38,12.62M,2.16%
1/29/2007,3.35,3.22,3.45,3.22,9.00M,0.52%
1/28/2007,3.33,3.55,3.55,2.91,13.04M,-3.26%
1/25/2007,3.44,3.54,3.54,3.35,5.36M,-1.89%
1/24/2007,3.51,3.54,3.54,3.48,4.17M,0.00%
1/23/2007,3.51,3.48,3.52,3.48,3.97M,0.68%
1/22/2007,3.48,3.48,3.51,3.45,2.89M,-0.15%
1/18/2007,3.49,3.52,3.53,3.47,3.09M,0.19%
1/17/2007,3.48,3.48,3.5,3.46,8.57M,0.19%
1/16/2007,3.47,3.48,3.54,3.45,2.13M,-1.01%
1/15/2007,3.51,3.48,3.55,3.47,1.73M,0.42%
1/14/2007,3.49,3.58,3.59,3.42,5.55M,-3.18%
1/11/2007,3.61,3.6,3.63,3.59,2.28M,-0.48%
1/10/2007,3.63,3.66,3.67,3.58,4.71M,-1.11%
1/9/2007,3.67,3.65,3.68,3.65,2.09M,-0.70%
1/8/2007,3.69,3.74,3.77,3.65,4.72M,0.17%
1/4/2007,3.69,3.74,3.74,3.67,2.98M,-1.09%
1/3/2007,3.73,3.67,3.83,3.67,1.33M,0.00%
12/28/2006,3.73,3.7,3.8,3.66,4.78M,1.76%
12/27/2006,3.67,3.64,3.69,3.63,2.74M,0.96%
12/26/2006,3.63,3.63,3.67,3.61,1.77M,-0.27%
12/25/2006,3.64,3.63,3.67,3.62,882.76K,-0.65%
12/24/2006,3.66,3.68,3.71,3.65,1.60M,-1.73%
12/21/2006,3.73,3.67,3.74,3.67,2.48M,1.46%
12/20/2006,3.68,3.64,3.74,3.64,1.12M,0.00%
12/19/2006,3.67,3.74,3.74,3.66,2.29M,-1.30%
12/18/2006,3.72,3.8,3.8,3.7,3.16M,-0.48%
12/17/2006,3.74,3.8,3.8,3.71,1.40M,-0.74%
12/14/2006,3.77,3.77,3.8,3.71,4.81M,-1.18%
12/13/2006,3.81,3.71,3.87,3.71,18.38M,1.44%
12/12/2006,3.76,3.67,3.8,3.64,6.16M,2.79%
12/11/2006,3.66,3.61,3.69,3.61,2.89M,-0.44%
12/10/2006,3.67,3.67,3.72,3.65,713.19K,0.37%
12/7/2006,3.66,3.65,3.71,3.61,8.47M,0.00%
12/6/2006,3.66,3.55,3.68,3.55,5.56M,2.68%
12/5/2006,3.56,3.58,3.61,3.48,4.67M,-1.55%
12/4/2006,3.62,3.61,3.67,3.57,1.94M,-0.93%
12/3/2006,3.65,3.56,3.76,3.56,1.12M,-2.04%
11/30/2006,3.73,3.67,3.75,3.67,3.61M,2.06%
11/29/2006,3.66,3.69,3.72,3.61,5.18M,-3.06%
11/28/2006,3.77,3.86,3.87,3.71,9.80M,-1.20%
11/27/2006,3.82,3.87,3.87,3.77,11.16M,-1.20%
11/26/2006,3.86,3.87,3.96,3.82,10.48M,3.83%
11/23/2006,3.72,3.63,3.74,3.63,16.60M,1.83%
11/22/2006,3.65,3.61,3.69,3.58,12.56M,1.56%
11/21/2006,3.6,3.48,3.74,3.48,13.94M,5.62%
11/20/2006,3.41,3.35,3.42,3.35,5.49M,1.46%
11/19/2006,3.36,3.42,3.42,3.29,2.37M,-2.38%
11/16/2006,3.44,3.48,3.48,3.4,1.70M,-1.20%
11/15/2006,3.48,3.42,3.5,3.42,5.20M,1.24%
11/14/2006,3.44,3.42,3.48,3.41,1.48M,0.47%
11/13/2006,3.42,3.48,3.48,3.4,6.65M,-2.25%
11/12/2006,3.5,3.48,3.53,3.45,3.28M,1.53%
11/9/2006,3.45,3.43,3.5,3.37,908.06K,-0.22%
11/8/2006,3.46,3.54,3.54,3.36,5.70M,-1.18%
11/7/2006,3.5,3.42,3.54,3.37,19.26M,2.86%
11/6/2006,3.4,3.49,3.54,3.32,12.62M,-3.93%
11/5/2006,3.54,3.55,3.57,3.47,4.49M,0.70%
11/2/2006,3.51,3.5,3.58,3.47,28.47M,0.61%
11/1/2006,3.49,3.39,3.6,3.35,25.64M,3.00%
10/31/2006,3.39,3.38,3.42,3.35,4.72M,-0.66%
10/30/2006,3.41,3.43,3.45,3.37,6.02M,0.00%
10/29/2006,3.41,3.34,3.44,3.29,7.55M,3.32%
10/22/2006,3.3,3.22,3.32,3.22,1.77M,2.05%
10/19/2006,3.24,3.29,3.35,3.22,2.71M,-3.37%
10/18/2006,3.35,3.29,3.38,3.29,10.83M,1.11%
10/17/2006,3.31,3.09,3.38,3.09,30.02M,2.62%
10/16/2006,3.23,3.32,3.34,3.16,31.21M,-1.48%
10/15/2006,3.28,3.22,3.32,3.2,29.43M,4.31%
10/12/2006,3.14,3.06,3.22,3.03,11.87M,4.37%
10/11/2006,3.01,2.93,3.05,2.93,5.05M,1.54%
10/10/2006,2.96,2.97,2.97,2.93,6.03M,0.55%
10/9/2006,2.95,2.96,3,2.81,7.75M,0.00%
10/8/2006,2.95,2.93,2.97,2.93,1.20M,0.51%
10/4/2006,2.93,2.93,2.97,2.88,10.33M,-0.20%
10/3/2006,2.94,2.98,2.98,2.9,706.44K,-1.85%
10/2/2006,3,2.99,3.02,2.97,5.56M,0.50%
10/1/2006,2.98,3,3.02,2.97,1.78M,0.37%
9/28/2006,2.97,2.96,3.01,2.94,4.06M,0.28%
9/27/2006,2.96,2.97,2.97,2.95,1.29M,-0.48%
9/26/2006,2.98,2.97,2.99,2.96,3.35M,0.00%
9/25/2006,2.98,3,3.02,2.97,2.62M,-0.60%
9/24/2006,3,2.97,3.03,2.93,3.08M,1.07%
9/21/2006,2.96,2.96,2.99,2.93,3.72M,0.50%
9/20/2006,2.95,2.95,2.96,2.93,3.19M,0.79%
9/19/2006,2.93,2.91,2.95,2.9,4.68M,0.60%
9/18/2006,2.91,2.94,2.96,2.88,2.01M,-0.70%
9/17/2006,2.93,2.95,2.96,2.89,3.64M,1.13%
9/14/2006,2.9,2.85,2.95,2.84,12.40M,2.28%
9/13/2006,2.83,2.79,2.85,2.79,3.25M,0.43%
9/12/2006,2.82,2.85,2.85,2.8,1.67M,0.00%
9/11/2006,2.82,2.8,2.84,2.71,3.75M,1.48%
9/10/2006,2.78,2.79,2.83,2.76,2.28M,-1.01%
9/7/2006,2.81,2.8,2.84,2.78,3.12M,-0.30%
9/6/2006,2.82,2.74,2.88,2.74,6.93M,-0.30%
9/5/2006,2.83,2.84,2.9,2.79,6.58M,-0.93%
9/4/2006,2.85,2.9,2.91,2.82,4.35M,-1.69%
9/3/2006,2.9,2.9,2.95,2.86,7.55M,-0.64%
8/31/2006,2.92,2.85,3.03,2.84,11.54M,-2.04%
8/30/2006,2.98,2.97,3.01,2.94,15.73M,-0.42%
8/29/2006,2.99,3.02,3.05,2.97,8.73M,-0.57%
8/28/2006,3.01,2.99,3.04,2.97,19.64M,0.88%
8/27/2006,2.98,3.01,3.01,2.97,8.65M,0.26%
8/24/2006,2.98,2.92,3,2.92,14.86M,2.21%
8/23/2006,2.91,2.92,2.94,2.88,9.02M,0.00%
8/22/2006,2.91,2.96,2.96,2.88,9.15M,-0.98%
8/21/2006,2.94,2.97,3.01,2.92,16.06M,-1.52%
8/20/2006,2.99,3.05,3.07,2.96,15.80M,4.27%
8/17/2006,2.87,2.88,2.99,2.77,24.63M,0.86%
8/16/2006,2.84,2.84,2.88,2.79,10.92M,0.79%
8/15/2006,2.82,2.84,2.91,2.77,14.34M,3.86%
8/14/2006,2.71,2.74,2.74,2.69,5.30M,-0.22%
8/13/2006,2.72,2.75,2.75,2.69,2.05M,0.00%
8/10/2006,2.72,2.71,2.74,2.69,3.18M,0.00%
8/9/2006,2.73,2.75,2.77,2.7,5.81M,-1.67%
8/8/2006,2.77,2.79,2.81,2.75,4.51M,-0.34%
8/7/2006,2.78,2.79,2.79,2.75,25.29M,0.92%
8/6/2006,2.76,2.77,2.79,2.73,4.66M,0.91%
8/3/2006,2.73,2.72,2.75,2.71,5.56M,0.44%
8/2/2006,2.72,2.71,2.73,2.69,6.46M,0.44%
8/1/2006,2.71,2.71,2.75,2.69,20.37M,1.58%
7/31/2006,2.67,2.66,2.69,2.62,4.89M,-0.55%
7/30/2006,2.68,2.67,2.75,2.66,11.60M,4.07%
7/27/2006,2.58,2.51,2.64,2.5,19.36M,2.53%
7/26/2006,2.51,2.49,2.53,2.48,5.29M,0.31%
7/25/2006,2.5,2.54,2.54,2.48,2.55M,0.00%
7/24/2006,2.51,2.48,2.56,2.47,4.02M,1.11%
7/20/2006,2.48,2.45,2.49,2.45,1.65M,-0.60%
7/19/2006,2.5,2.49,2.55,2.45,4.66M,0.31%
7/18/2006,2.49,2.51,2.51,2.47,3.01M,0.63%
7/17/2006,2.47,2.49,2.57,2.43,7.18M,1.20%
7/16/2006,2.44,2.43,2.49,2.15,5.18M,-3.48%
7/13/2006,2.53,2.58,2.58,2.47,7.35M,-2.98%
7/12/2006,2.61,2.7,2.7,2.56,13.02M,-3.25%
7/11/2006,2.7,2.65,2.79,2.59,21.95M,2.12%
7/10/2006,2.64,2.62,2.66,2.61,6.89M,0.23%
7/9/2006,2.64,2.66,2.66,2.62,4.07M,-0.90%
7/6/2006,2.66,2.7,2.71,2.59,14.59M,-2.14%
7/5/2006,2.72,2.9,2.9,2.67,14.63M,-2.57%
7/4/2006,2.79,2.75,3.07,2.66,41.96M,7.63%
7/3/2006,2.59,2.58,2.71,2.57,11.58M,0.53%
7/2/2006,2.58,2.55,2.58,2.55,2.26M,1.68%
6/29/2006,2.53,2.54,2.54,2.52,6.88M,0.00%
6/28/2006,2.53,2.54,2.54,2.52,11.12M,0.41%
6/27/2006,2.52,2.5,2.58,2.5,2.02M,-0.22%
6/26/2006,2.53,2.65,2.65,2.5,9.64M,-3.09%
6/25/2006,2.61,2.62,2.66,2.58,1.36M,1.95%
6/22/2006,2.56,2.58,2.58,2.54,2.11M,0.00%
6/21/2006,2.56,2.54,2.58,2.54,1.27M,-0.70%
6/20/2006,2.58,2.6,2.62,2.57,1.36M,-1.02%
6/19/2006,2.61,2.66,2.66,2.58,7.82M,-0.44%
6/18/2006,2.62,2.58,2.68,2.56,1.74M,3.16%
6/15/2006,2.54,2.49,2.62,2.41,3.91M,3.50%
6/14/2006,2.45,2.54,2.56,2.41,7.14M,-3.27%
6/13/2006,2.54,2.62,2.62,2.47,3.03M,-1.25%
6/12/2006,2.57,2.58,2.65,2.54,4.04M,-3.27%
6/11/2006,2.66,2.75,2.75,2.58,2.26M,-3.42%
6/8/2006,2.75,2.75,2.78,2.73,2.86M,0.00%
6/7/2006,2.75,2.75,2.79,2.73,4.27M,0.20%
6/6/2006,2.74,2.75,2.79,2.69,5.52M,-2.19%
6/5/2006,2.81,2.86,2.92,2.73,4.12M,-2.62%
6/4/2006,2.88,2.99,2.99,2.79,4.30M,2.90%
6/1/2006,2.8,2.79,2.87,2.75,8.87M,6.51%
5/31/2006,2.63,2.58,2.78,2.56,11.22M,2.82%
5/30/2006,2.56,2.57,2.58,2.54,8.53M,2.23%
5/29/2006,2.5,2.45,2.54,2.45,7.90M,-1.54%
5/28/2006,2.54,2.58,2.62,2.45,3.20M,4.68%
5/25/2006,2.43,2.58,2.58,2.38,10.05M,-4.37%
5/24/2006,2.54,2.54,2.71,2.45,16.06M,3.80%
5/23/2006,2.44,2.71,2.71,2.3,21.20M,-10.63%
5/22/2006,2.74,2.88,2.88,2.62,18.44M,-6.82%
5/21/2006,2.94,3.06,3.06,2.89,2.55M,-3.45%
5/18/2006,3.04,3.07,3.08,3.01,10.39M,-2.27%
5/17/2006,3.11,3.12,3.12,3.06,5.19M,-0.36%
5/16/2006,3.12,3.03,3.16,3.03,2.28M,2.09%
5/15/2006,3.06,3.1,3.1,3.03,16.25M,-1.25%
5/14/2006,3.1,3.22,3.22,3.09,1.39M,-0.78%
5/11/2006,3.12,3.05,3.14,3.05,1.32M,2.45%
5/10/2006,3.05,3.07,3.11,3.01,11.61M,-2.25%
5/9/2006,3.12,3.16,3.16,3.08,2.75M,-1.29%
5/8/2006,3.16,3.15,3.18,3.12,3.02M,-0.41%
5/7/2006,3.17,3.18,3.18,3.14,2.32M,-1.13%
5/4/2006,3.21,3.19,3.23,3.16,3.89M,0.65%
5/3/2006,3.19,3.09,3.24,3.09,8.81M,2.08%
5/2/2006,3.12,3.05,3.16,3.05,2.70M,2.27%
4/30/2006,3.05,3.05,3.09,3.03,504.73K,0.74%
4/27/2006,3.03,3.05,3.05,3.01,2.68M,0.36%
4/26/2006,3.02,3.03,3.09,3.01,5.59M,-2.23%
4/20/2006,3.09,3.01,3.13,3.01,905.67K,2.63%
4/19/2006,3.01,3.01,3.05,2.99,5.80M,0.00%
4/18/2006,3,3.03,3.04,2.97,4.20M,-1.92%
4/17/2006,3.06,3.05,3.12,3.03,1.57M,-0.70%
4/16/2006,3.08,3.14,3.14,3.01,4.59M,-3.66%
4/13/2006,3.2,3.29,3.29,3.15,5.29M,-0.31%
4/12/2006,3.21,3.26,3.27,3.18,14.54M,-0.40%
4/11/2006,3.22,3.22,3.24,3.18,13.16M,0.00%
4/9/2006,3.22,3.29,3.3,3.18,12.09M,-1.95%
4/6/2006,3.29,3.31,3.35,3.16,12.99M,2.74%
4/5/2006,3.2,3.14,3.27,3.14,6.64M,2.10%
4/4/2006,3.13,3.05,3.15,3.05,4.79M,-0.86%
4/3/2006,3.16,3.01,3.18,3.01,9.96M,5.00%
4/2/2006,3.01,3.01,3.03,2.99,357.05K,0.00%
3/30/2006,3.01,3.05,3.09,2.99,6.78M,-0.33%
3/29/2006,3.02,3.01,3.04,3.01,6.05M,-0.58%
3/28/2006,3.04,2.99,3.05,2.97,62.93M,1.28%
3/27/2006,3,2.97,3.02,2.97,12.06M,1.16%
3/26/2006,2.97,3.01,3.01,2.94,15.95M,-0.38%
3/23/2006,2.98,3,3.01,2.95,11.50M,-0.79%
3/22/2006,3,3.01,3.01,2.98,6.53M,1.47%
3/21/2006,2.96,2.97,3.01,2.92,23.98M,-0.62%
3/20/2006,2.97,3.01,3.01,2.94,15.20M,-0.80%
3/19/2006,3,2.96,3.05,2.96,4.29M,3.75%
3/16/2006,2.89,2.9,2.99,2.84,8.07M,0.00%
3/15/2006,2.89,3.09,3.09,2.8,18.59M,0.27%
3/14/2006,2.89,2.92,3.09,2.54,46.14M,-4.15%
3/13/2006,3.01,3.13,3.13,2.97,12.73M,-2.41%
3/12/2006,3.09,3.05,3.18,3.03,2.62M,-2.72%
3/9/2006,3.17,3.18,3.22,3.14,3.37M,1.16%
3/8/2006,3.14,3.09,3.27,2.97,22.48M,0.00%
3/7/2006,3.14,3.14,3.18,3.1,6.60M,-1.10%
3/6/2006,3.17,3.09,3.2,3.07,32.68M,1.53%
3/5/2006,3.12,3.14,3.22,3.05,13.49M,1.62%
3/2/2006,3.07,3.09,3.14,3.05,10.66M,0.76%
3/1/2006,3.05,3.09,3.09,3.04,34.99M,0.71%
2/28/2006,3.03,2.97,3.09,2.97,20.26M,0.48%
2/27/2006,3.02,3.03,3.07,2.94,15.65M,0.00%
2/26/2006,3.02,3.05,3.09,2.99,4.49M,0.33%
2/23/2006,3.01,2.88,3.01,2.88,29.05M,4.54%
2/22/2006,2.88,2.79,2.9,2.79,13.07M,1.19%
2/21/2006,2.84,2.79,2.87,2.75,3.81M,0.30%
2/20/2006,2.83,2.88,2.88,2.79,7.19M,-1.17%
2/19/2006,2.87,2.79,2.9,2.79,2.51M,5.10%
2/16/2006,2.73,2.75,2.84,2.63,9.95M,-2.56%
2/15/2006,2.8,2.88,2.96,2.69,4.63M,-4.28%
2/14/2006,2.92,2.88,3.01,2.88,5.76M,-0.66%
2/13/2006,2.94,3.01,3.01,2.79,8.64M,-2.23%
2/12/2006,3.01,3.09,3.22,2.99,16.96M,0.00%
2/9/2006,3.01,3.01,3.05,2.92,18.82M,0.00%
2/8/2006,3.01,3.22,3.22,2.88,19.32M,-8.27%
2/7/2006,3.28,3.13,3.39,3.01,609.25M,12.90%
2/6/2006,2.91,2.6,3.09,2.6,20.68M,11.81%
2/5/2006,2.6,2.58,2.64,2.58,6.53M,-1.66%
2/2/2006,2.64,2.62,2.68,2.58,9.65M,0.00%
2/1/2006,2.64,2.62,2.71,2.32,21.91M,7.79%
1/30/2006,2.45,2.41,2.58,2.37,15.59M,3.39%
1/29/2006,2.37,2.36,2.41,2.3,5.09M,4.67%
1/26/2006,2.26,2.28,2.32,2.24,39.84M,-0.72%
1/25/2006,2.28,2.36,2.36,2.26,14.41M,-2.03%
1/24/2006,2.33,2.23,2.36,2.23,6.42M,1.14%
1/23/2006,2.3,2.33,2.36,2.26,13.36M,-1.55%
1/22/2006,2.34,2.38,2.45,2.23,17.12M,-2.62%
1/19/2006,2.4,2.43,2.45,2.36,24.00M,-0.94%
1/18/2006,2.42,2.51,2.58,2.4,14.08M,-4.52%
1/17/2006,2.54,2.64,2.66,2.5,8.94M,-1.09%
1/16/2006,2.56,2.62,2.62,2.54,7.46M,-1.58%
1/15/2006,2.6,2.64,2.66,2.49,8.54M,-1.38%
1/12/2006,2.64,2.53,2.75,2.51,23.16M,6.81%
1/8/2006,2.47,2.49,2.53,2.36,3.40M,0.61%
1/5/2006,2.46,2.58,2.58,2.43,4.77M,-0.92%
1/4/2006,2.48,2.59,2.59,2.45,10.41M,-4.20%
1/3/2006,2.59,2.61,2.66,2.51,3.11M,-0.92%
1/2/2006,2.61,2.58,2.64,2.58,4.32M,3.65%
12/29/2005,2.52,2.47,2.54,2.47,3.45M,0.60%
12/28/2005,2.51,2.51,2.53,2.49,2.69M,1.30%
12/27/2005,2.47,2.49,2.51,2.43,7.87M,0.70%
12/26/2005,2.46,2.45,2.49,2.42,4.42M,1.38%
12/25/2005,2.42,2.46,2.47,2.41,4.51M,-1.55%
12/22/2005,2.46,2.49,2.51,2.45,2.68M,-0.76%
12/21/2005,2.48,2.51,2.53,2.45,12.19M,-0.43%
12/20/2005,2.49,2.43,2.51,2.43,6.50M,0.00%
12/19/2005,2.5,2.43,2.52,2.43,6.20M,0.00%
12/18/2005,2.5,2.49,2.51,2.49,1.87M,0.00%
12/15/2005,2.49,2.49,2.54,2.45,1.31M,-1.38%
12/14/2005,2.53,2.47,2.57,2.45,3.77M,2.96%
12/13/2005,2.45,2.53,2.53,2.38,1.07M,-1.99%
12/12/2005,2.5,2.58,2.58,2.41,2.96M,-2.28%
12/11/2005,2.56,2.58,2.58,2.54,2.04M,0.00%
12/8/2005,2.56,2.51,2.62,2.49,17.95M,5.17%
12/7/2005,2.44,2.41,2.51,2.36,14.26M,3.50%
12/6/2005,2.35,2.28,2.38,2.28,1.75M,0.42%
12/5/2005,2.34,2.38,2.38,2.28,5.65M,0.00%
12/4/2005,2.35,2.34,2.37,2.32,2.15M,3.56%
12/1/2005,2.27,2.24,2.32,2.23,11.99M,0.36%
11/30/2005,2.26,2.23,2.29,2.23,1.95M,1.19%
11/29/2005,2.23,2.22,2.28,2.2,9.28M,0.00%
11/28/2005,2.23,2.23,2.25,2.23,6.69M,0.00%
11/27/2005,2.24,2.24,2.28,2.22,243.28K,0.00%
11/24/2005,2.23,2.23,2.26,2.21,6.38M,-1.63%
11/23/2005,2.27,2.31,2.34,2.21,7.38M,-0.75%
11/22/2005,2.29,2.36,2.36,2.26,7.10M,-2.27%
11/21/2005,2.34,2.36,2.36,2.33,4.24M,0.00%
11/20/2005,2.34,2.33,2.38,2.32,13.29M,1.09%
11/17/2005,2.32,2.28,2.36,2.28,20.83M,0.78%
11/16/2005,2.3,2.29,2.32,2.28,11.29M,0.68%
11/15/2005,2.28,2.26,2.32,2.24,11.56M,0.25%
11/14/2005,2.28,2.33,2.33,2.19,4.35M,-3.18%
11/13/2005,2.35,2.35,2.4,2.33,1.11M,0.68%
11/10/2005,2.34,2.44,2.44,2.32,3.90M,-0.26%
11/9/2005,2.34,2.29,2.43,2.26,24.45M,2.06%
11/8/2005,2.3,2.32,2.32,2.22,6.75M,-1.51%
11/7/2005,2.33,2.36,2.38,2.32,5.22M,-1.74%
11/6/2005,2.37,2.49,2.49,2.23,7.48M,-2.01%
11/1/2005,2.42,2.45,2.49,2.41,2.90M,0.55%
10/31/2005,2.41,2.42,2.49,2.36,6.03M,-0.95%
10/30/2005,2.43,2.41,2.45,2.41,611.01K,1.63%
10/27/2005,2.39,2.41,2.41,2.37,1.24M,0.49%
10/26/2005,2.38,2.47,2.47,2.32,2.43M,-3.47%
10/25/2005,2.47,2.49,2.49,2.44,3.34M,-0.93%
10/24/2005,2.49,2.49,2.49,2.47,2.09M,-0.79%
10/23/2005,2.51,2.45,2.54,2.45,1.32M,1.83%
10/20/2005,2.46,2.45,2.49,2.45,2.83M,3.28%
10/19/2005,2.39,2.45,2.45,2.36,2.84M,-5.61%
10/18/2005,2.53,2.56,2.56,2.45,9.47M,1.84%
10/17/2005,2.48,2.51,2.52,2.42,4.94M,-2.38%
10/16/2005,2.54,2.62,2.62,2.49,1.10M,-2.38%
10/13/2005,2.6,2.62,2.65,2.59,1.78M,-0.61%
10/12/2005,2.62,2.5,2.69,2.59,2.52M,0.40%
10/11/2005,2.61,2.71,2.71,2.58,1.13M,-3.16%
10/10/2005,2.7,2.71,2.73,2.6,8.30M,0.34%
10/9/2005,2.69,2.64,2.73,2.64,5.38M,3.48%
10/5/2005,2.6,2.58,2.66,2.58,1.81M,-1.77%
10/4/2005,2.64,2.58,2.69,2.58,2.32M,0.00%
10/3/2005,2.64,2.58,2.66,2.56,3.78M,0.00%
10/2/2005,2.64,2.58,2.71,2.58,4.02M,4.15%
9/29/2005,2.54,2.53,2.58,2.53,573.78K,0.00%
9/28/2005,2.53,2.54,2.56,2.51,1.98M,-2.24%
9/27/2005,2.59,2.62,2.66,2.54,8.04M,-0.45%
9/26/2005,2.6,2.49,2.66,2.49,19.15M,5.04%
9/25/2005,2.48,2.34,2.55,2.34,11.38M,6.83%
9/22/2005,2.32,2.32,2.33,2.31,4.27M,0.86%
9/21/2005,2.3,2.23,2.32,2.23,6.25M,3.62%
9/20/2005,2.22,2.21,2.23,2.17,7.79M,0.00%
9/19/2005,2.22,2.19,2.23,2.19,373.09K,-0.25%
9/18/2005,2.22,2.21,2.26,2.19,1.47M,0.68%
9/15/2005,2.21,2.21,2.21,2.19,4.05M,0.00%
9/14/2005,2.2,2.21,2.21,2.19,5.94M,0.00%
9/13/2005,2.2,2.16,2.21,2.15,9.59M,1.11%
9/12/2005,2.18,2.15,2.19,2.15,4.21M,0.00%
9/11/2005,2.18,2.17,2.19,2.16,544.29K,-1.13%
9/8/2005,2.2,2.19,2.21,2.19,4.28M,0.00%
9/7/2005,2.2,2.19,2.21,2.18,7.09M,1.43%
9/6/2005,2.17,2.15,2.17,2.15,2.75M,-0.49%
9/5/2005,2.18,2.19,2.19,2.15,10.54M,0.82%
9/4/2005,2.16,2.11,2.21,2.11,7.85M,2.53%
9/1/2005,2.11,2.11,2.11,2.1,3.11M,0.00%
8/31/2005,2.11,2.11,2.11,2.09,11.50M,-0.75%
8/30/2005,2.12,2.15,2.15,2.11,11.63M,1.75%
8/29/2005,2.08,2.06,2.15,2.05,16.08M,1.49%
8/28/2005,2.05,2.03,2.06,2.02,861.46K,0.65%
8/25/2005,2.04,2.04,2.05,2.04,5.64M,0.00%
8/24/2005,2.04,2.02,2.05,2.02,2.72M,1.06%
8/23/2005,2.02,2.02,2.02,2.02,1.13M,0.00%
8/22/2005,2.02,2.02,2.03,2.02,1.86M,0.28%
8/21/2005,2.01,2,2.04,2,54.78K,-1.45%
8/18/2005,2.04,2.03,2.05,2.02,1.12M,-0.34%
8/17/2005,2.05,2.06,2.06,2.04,1.51M,-0.52%
8/16/2005,2.06,2.06,2.06,2.04,5.75M,0.57%
8/15/2005,2.05,2.05,2.06,2.03,327.61K,-0.62%
8/14/2005,2.06,2.06,2.07,2.05,166.46K,-1.03%
8/11/2005,2.08,2.08,2.08,2.08,2.03M,-1.00%
8/10/2005,2.11,2.11,2.11,2.09,4.69M,0.00%
8/9/2005,2.11,2.11,2.12,2.11,4.96M,0.00%
8/8/2005,2.1,2.1,2.12,2.07,9.93M,0.27%
8/7/2005,2.1,2.11,2.11,2.08,99.48K,-0.39%
8/4/2005,2.11,2.11,2.12,2.07,5.76M,0.00%
8/3/2005,2.11,2.09,2.11,2.08,7.43M,0.00%
8/2/2005,2.1,2.08,2.11,2.08,4.38M,2.00%
8/1/2005,2.06,2.04,2.08,2.04,2.25M,0.99%
7/31/2005,2.04,2.05,2.06,2.04,539.99K,-0.79%
7/28/2005,2.06,2.04,2.07,2.04,16.99M,1.91%
7/27/2005,2.02,2.01,2.03,2,1.31M,0.00%
7/26/2005,2.02,2.02,2.03,2,2.00M,-0.47%
7/25/2005,2.03,2.02,2.06,2.02,14.19M,1.01%
7/24/2005,2.01,2,2.02,1.93,3.42M,-1.79%
7/21/2005,2.04,2.02,2.05,2.02,3.76M,0.72%
7/20/2005,2.03,2.02,2.05,2.02,5.75M,0.45%
7/19/2005,2.02,2.02,2.02,2.01,5.66M,-0.38%
7/18/2005,2.03,2.03,2.04,2.01,2.10M,0.00%
7/17/2005,2.02,2.03,2.03,2.02,131.32K,0.00%
7/14/2005,2.02,2.02,2.04,2.01,1.31M,-0.49%
7/13/2005,2.03,2.05,2.05,2,2.87M,1.26%
7/12/2005,2.01,2,2.02,2,1.23M,-0.26%
7/11/2005,2.01,2.01,2.02,2,3.16M,0.30%
7/10/2005,2.01,2.01,2.04,2,829.69K,-1.39%
7/7/2005,2.04,2.06,2.1,2,1.62M,-0.77%
7/6/2005,2.05,2.01,2.08,2.01,5.59M,1.99%
7/5/2005,2.01,2.04,2.06,2,1.70M,-2.54%
7/4/2005,2.07,2.06,2.08,2.04,4.58M,0.00%
7/3/2005,2.07,2.07,2.07,2.03,1.07M,0.67%
6/30/2005,2.05,2.02,2.08,2.02,4.35M,0.89%
6/29/2005,2.03,2.04,2.05,2.01,1.72M,-2.51%
6/28/2005,2.09,2.11,2.11,2.04,7.83M,-0.76%
6/27/2005,2.1,2.1,2.11,2.07,5.94M,0.00%
6/26/2005,2.1,2.07,2.11,2.05,8.52M,1.14%
6/23/2005,2.07,2.06,2.08,2.06,14.00M,0.44%
6/22/2005,2.07,2.05,2.07,2.03,3.81M,-0.91%
6/21/2005,2.08,2.08,2.11,2.06,12.94M,1.06%
6/20/2005,2.06,2.02,2.08,2.02,19.13M,1.95%
6/19/2005,2.02,2,2.06,2,9.03M,2.21%
6/16/2005,1.98,1.94,2.01,1.94,2.75M,0.00%
6/15/2005,1.98,1.98,2.02,1.98,8.09M,0.28%
6/14/2005,1.98,1.96,1.98,1.96,2.27M,0.74%
6/13/2005,1.96,1.95,1.98,1.95,1.58M,0.00%
6/12/2005,1.96,1.96,1.98,1.95,1.27M,-0.31%
6/9/2005,1.97,1.95,1.98,1.95,7.20M,2.03%
6/8/2005,1.93,1.92,1.96,1.91,6.03M,0.00%
6/7/2005,1.93,1.92,1.94,1.89,2.47M,1.96%
6/6/2005,1.89,1.88,1.92,1.85,3.46M,0.27%
6/5/2005,1.88,1.88,1.89,1.85,1.77M,1.36%
6/2/2005,1.86,1.85,1.87,1.85,969.32K,-1.68%
6/1/2005,1.89,1.91,1.91,1.85,12.61M,3.63%
5/31/2005,1.82,1.8,1.9,1.8,8.23M,0.00%
5/30/2005,1.82,1.82,1.83,1.81,625.25K,-0.45%
5/29/2005,1.83,1.85,1.85,1.81,1.19M,-1.07%
5/26/2005,1.85,1.85,1.86,1.85,741.87K,0.00%
5/25/2005,1.85,1.85,1.85,1.84,990.71K,0.00%
5/24/2005,1.85,1.87,1.87,1.84,1.45M,-0.81%
5/23/2005,1.86,1.9,1.91,1.84,984.54K,0.95%
5/22/2005,1.85,1.85,1.88,1.8,655.86K,-2.39%
5/19/2005,1.89,1.9,1.91,1.88,2.87M,-2.05%
5/18/2005,1.93,1.93,1.94,1.91,2.39M,0.45%
5/17/2005,1.92,1.89,1.96,1.89,3.27M,-0.91%
5/16/2005,1.94,1.98,1.98,1.89,5.73M,-2.06%
5/15/2005,1.98,2,2,1.97,1.15M,-0.95%
5/12/2005,2,2,2.02,1.99,1.88M,0.00%
5/11/2005,2,1.99,2.01,1.99,2.41M,-0.28%
5/10/2005,2.01,1.97,2.02,1.97,6.38M,2.19%
5/9/2005,1.96,2.02,2.02,1.93,4.64M,-2.66%
5/8/2005,2.02,2.04,2.04,2,4.60M,-0.61%
5/5/2005,2.03,1.98,2.04,1.98,12.37M,2.38%
5/4/2005,1.98,1.98,1.99,1.98,2.77M,0.35%
5/3/2005,1.98,1.98,1.99,1.95,1.15M,-0.33%
4/28/2005,1.98,1.98,2.01,1.96,1.28M,0.33%
4/27/2005,1.98,1.93,2.01,1.93,13.43M,3.23%
4/26/2005,1.91,1.93,1.93,1.9,3.93M,1.02%
4/20/2005,1.9,1.9,1.91,1.89,1.51M,-1.89%
4/19/2005,1.93,1.96,1.96,1.89,923.66K,-0.95%
4/18/2005,1.95,1.96,1.96,1.94,2.03M,-0.31%
4/17/2005,1.96,1.94,1.98,1.94,3.55M,0.00%
4/14/2005,1.95,1.94,1.96,1.94,3.88M,0.00%
4/13/2005,1.95,1.93,1.96,1.93,2.57M,0.64%
4/12/2005,1.94,1.98,1.98,1.93,5.12M,-3.49%
4/11/2005,2.01,2.02,2.02,2,1.71M,1.48%
4/10/2005,1.98,1.93,2,1.93,7.98M,-1.50%
4/7/2005,2.01,1.97,2.06,1.96,4.59M,1.85%
4/6/2005,1.97,1.98,1.98,1.96,2.29M,0.00%
4/5/2005,1.97,1.98,1.98,1.96,2.66M,0.72%
4/4/2005,1.96,1.98,1.99,1.93,1.88M,-1.11%
4/3/2005,1.98,2.02,2.02,1.98,2.47M,0.00%
3/31/2005,1.98,1.96,2,1.93,5.02M,3.53%
3/30/2005,1.91,1.98,1.98,1.87,3.51M,-3.14%
3/29/2005,1.97,1.98,2,1.96,1.13M,-1.21%
3/28/2005,1.99,2.04,2.04,1.96,1.08M,-1.88%
3/27/2005,2.03,2.02,2.06,2.02,593.60K,0.53%
3/24/2005,2.02,2.04,2.06,2,12.27M,-1.40%
3/23/2005,2.05,2.04,2.07,2.04,5.68M,0.97%
3/22/2005,2.03,2.03,2.06,2,5.73M,-2.03%
3/21/2005,2.07,2.08,2.1,2.06,3.53M,-1.01%
3/20/2005,2.09,2.1,2.15,2.08,1.42M,-1.67%
3/17/2005,2.13,2.06,2.17,2.04,15.71M,-2.50%
3/16/2005,2.18,2.23,2.23,1.99,19.26M,1.46%
3/15/2005,2.15,2.15,2.23,2.15,38.86M,-0.91%
3/14/2005,2.17,2.17,2.19,2.15,4.23M,-0.73%
3/13/2005,2.19,2.23,2.23,2.15,3.42M,0.55%
3/10/2005,2.18,2.13,2.21,2.11,15.68M,1.73%
3/9/2005,2.14,2.06,2.16,2.06,6.51M,4.60%
3/8/2005,2.05,2.06,2.08,2.03,6.13M,-1.69%
3/7/2005,2.08,2.13,2.13,2.05,2.29M,-0.68%
3/6/2005,2.1,2.09,2.13,2.09,2.96M,-1.51%
3/3/2005,2.13,2.15,2.17,2.08,5.76M,-0.66%
3/2/2005,2.14,2.11,2.16,2.11,13.94M,2.55%
3/1/2005,2.09,2.05,2.13,2.04,13.63M,2.73%
2/28/2005,2.03,2.03,2.06,2.02,15.16M,0.00%
2/27/2005,2.03,2.02,2.05,2.02,4.45M,1.83%
2/24/2005,1.99,1.99,2,1.99,2.01M,0.61%
2/23/2005,1.98,1.96,2,1.96,3.72M,2.33%
2/22/2005,1.94,1.93,1.97,1.92,17.71M,0.00%
2/21/2005,1.94,1.94,1.95,1.93,2.72M,-0.38%
2/20/2005,1.94,1.98,1.98,1.93,5.66M,-2.67%
2/17/2005,2,1.98,2.02,1.97,4.19M,0.56%
2/16/2005,1.99,1.97,2.02,1.96,4.08M,2.01%
2/15/2005,1.95,1.98,1.98,1.93,12.46M,-2.66%
2/14/2005,2,2.06,2.06,1.96,6.51M,-1.27%
2/13/2005,2.03,2.01,2.05,2,2.76M,2.19%
2/9/2005,1.98,1.98,2.01,1.97,6.23M,-0.60%
2/8/2005,1.99,2.02,2.03,1.98,8.73M,-3.37%
2/7/2005,2.06,2.07,2.08,2.03,6.00M,1.12%
2/6/2005,2.04,1.99,2.07,1.99,4.67M,2.90%
2/3/2005,1.98,1.98,2.01,1.96,5.79M,0.00%
2/2/2005,1.98,1.98,2.01,1.96,2.86M,1.23%
2/1/2005,1.96,2.02,2.02,1.93,4.80M,-3.11%
1/31/2005,2.02,2.04,2.06,1.99,8.24M,1.36%
1/30/2005,1.99,1.93,2.04,1.91,5.70M,4.44%
1/27/2005,1.91,1.88,1.93,1.87,8.61M,2.23%
1/26/2005,1.87,1.85,1.89,1.85,6.38M,-0.64%
1/25/2005,1.88,1.85,1.91,1.85,3.63M,0.00%
1/24/2005,1.88,1.82,1.89,1.82,6.68M,4.14%
1/23/2005,1.81,1.76,1.83,1.76,7.53M,4.04%
1/18/2005,1.74,1.76,1.76,1.72,5.89M,0.00%
1/17/2005,1.73,1.72,1.76,1.71,5.43M,1.13%
1/16/2005,1.71,1.72,1.72,1.71,2.32M,0.00%
1/13/2005,1.72,1.72,1.73,1.71,5.03M,0.00%
1/12/2005,1.72,1.72,1.72,1.71,2.23M,0.00%
1/11/2005,1.72,1.72,1.73,1.71,1.69M,0.00%
1/10/2005,1.72,1.76,1.76,1.71,3.58M,-2.51%
1/9/2005,1.76,1.76,1.78,1.76,1.64M,0.51%
1/6/2005,1.75,1.74,1.78,1.72,6.47M,1.79%
1/5/2005,1.72,1.76,1.76,1.71,4.70M,-2.93%
1/4/2005,1.78,1.75,1.8,1.74,4.08M,2.30%
1/3/2005,1.74,1.74,1.75,1.72,2.02M,0.50%
1/2/2005,1.73,1.68,1.76,1.68,3.16M,3.18%
12/30/2004,1.67,1.66,1.68,1.66,2.83M,0.33%
12/29/2004,1.67,1.66,1.68,1.65,2.87M,0.34%
12/28/2004,1.66,1.67,1.67,1.65,1.91M,-0.59%
12/27/2004,1.67,1.68,1.68,1.66,2.40M,0.00%
12/26/2004,1.67,1.65,1.68,1.65,3.22M,1.75%
12/23/2004,1.64,1.64,1.65,1.64,2.03M,0.42%
12/22/2004,1.64,1.63,1.64,1.63,1.07M,0.63%
12/21/2004,1.63,1.61,1.64,1.61,2.60M,0.64%
12/20/2004,1.61,1.62,1.62,1.61,1.76M,0.00%
12/19/2004,1.61,1.61,1.63,1.61,1.26M,0.00%
12/16/2004,1.61,1.61,1.62,1.61,2.07M,0.75%
12/15/2004,1.6,1.61,1.61,1.58,1.25M,-0.90%
12/14/2004,1.62,1.61,1.63,1.59,2.82M,0.86%
12/13/2004,1.6,1.62,1.63,1.57,5.56M,-0.59%
12/12/2004,1.61,1.63,1.63,1.59,653.92K,0.81%
12/9/2004,1.6,1.59,1.61,1.59,3.31M,-0.43%
12/8/2004,1.61,1.63,1.63,1.59,2.38M,-2.20%
12/7/2004,1.64,1.63,1.66,1.62,6.44M,0.87%
12/6/2004,1.63,1.63,1.65,1.61,3.79M,0.00%
12/5/2004,1.63,1.63,1.65,1.6,4.46M,0.88%
12/2/2004,1.61,1.62,1.63,1.6,2.32M,0.00%
12/1/2004,1.61,1.63,1.65,1.59,5.00M,-1.00%
11/30/2004,1.63,1.68,1.68,1.6,3.52M,-2.32%
11/29/2004,1.67,1.76,1.76,1.63,7.28M,-6.41%
11/28/2004,1.78,1.75,1.82,1.74,5.56M,5.23%
11/25/2004,1.69,1.67,1.75,1.66,6.29M,2.90%
11/24/2004,1.65,1.63,1.67,1.61,5.73M,0.00%
11/23/2004,1.65,1.63,1.69,1.62,5.58M,2.37%
11/22/2004,1.61,1.59,1.63,1.59,5.41M,2.80%
11/21/2004,1.57,1.53,1.59,1.52,5.77M,3.67%
11/18/2004,1.51,1.5,1.53,1.48,2.25M,0.46%
11/17/2004,1.51,1.53,1.53,1.48,2.89M,-0.48%
11/16/2004,1.51,1.53,1.53,1.51,2.23M,0.00%
11/11/2004,1.51,1.51,1.53,1.5,3.35M,-1.04%
11/10/2004,1.52,1.53,1.53,1.51,3.61M,0.00%
11/9/2004,1.53,1.52,1.54,1.52,4.64M,-0.67%
11/8/2004,1.54,1.54,1.55,1.52,4.51M,0.00%
11/7/2004,1.54,1.54,1.55,1.53,454.79K,0.00%
11/4/2004,1.54,1.55,1.55,1.54,1.32M,0.00%
11/3/2004,1.54,1.54,1.55,1.53,3.85M,0.42%
11/2/2004,1.54,1.54,1.55,1.52,4.30M,1.10%
11/1/2004,1.52,1.53,1.53,1.51,3.68M,0.00%
10/31/2004,1.52,1.5,1.54,1.5,4.20M,2.10%
10/28/2004,1.49,1.48,1.51,1.46,4.68M,-1.42%
10/27/2004,1.51,1.55,1.55,1.48,7.60M,0.00%
10/26/2004,1.52,1.5,1.54,1.47,4.78M,0.94%
10/25/2004,1.5,1.53,1.53,1.47,13.43M,0.00%
10/24/2004,1.5,1.5,1.5,1.48,2.73M,1.34%
10/21/2004,1.48,1.48,1.48,1.47,4.24M,1.26%
10/20/2004,1.46,1.46,1.47,1.44,3.93M,1.31%
10/19/2004,1.44,1.45,1.46,1.44,3.20M,-0.53%
10/18/2004,1.45,1.42,1.47,1.42,3.98M,2.65%
10/17/2004,1.41,1.42,1.43,1.41,1.01M,-0.84%
10/14/2004,1.43,1.46,1.46,1.41,3.73M,-2.44%
10/13/2004,1.46,1.48,1.48,1.45,15.53M,0.00%
10/12/2004,1.46,1.42,1.5,1.42,18.33M,4.36%
10/11/2004,1.4,1.42,1.42,1.39,10.48M,0.43%
10/10/2004,1.39,1.42,1.42,1.33,12.36M,-3.31%
10/7/2004,1.44,1.42,1.47,1.42,22.89M,3.68%
10/5/2004,1.39,1.37,1.42,1.36,18.47M,1.35%
10/4/2004,1.37,1.4,1.4,1.36,2.62M,0.00%
10/3/2004,1.37,1.33,1.39,1.33,3.77M,4.24%
9/30/2004,1.32,1.31,1.33,1.29,3.48M,1.79%
9/29/2004,1.29,1.31,1.31,1.28,3.34M,0.40%
9/28/2004,1.29,1.29,1.3,1.27,2.71M,0.00%
9/27/2004,1.29,1.28,1.31,1.28,4.15M,1.86%
9/26/2004,1.27,1.3,1.31,1.24,4.98M,-3.59%
9/23/2004,1.32,1.38,1.39,1.27,6.53M,-4.25%
9/22/2004,1.37,1.42,1.42,1.33,17.64M,-1.93%
9/21/2004,1.4,1.36,1.43,1.36,4.27M,-0.94%
9/20/2004,1.42,1.5,1.5,1.36,12.20M,-6.21%
9/19/2004,1.51,1.58,1.59,1.44,13.20M,-2.34%
9/16/2004,1.54,1.55,1.59,1.5,11.35M,3.51%
9/15/2004,1.49,1.44,1.58,1.44,21.22M,9.04%
9/14/2004,1.37,1.35,1.42,1.33,13.21M,0.00%
9/13/2004,1.37,1.38,1.46,1.31,13.72M,3.86%
9/12/2004,1.31,1.16,1.37,1.16,21.31M,15.08%
9/9/2004,1.14,1.13,1.15,1.13,4.35M,2.90%
9/8/2004,1.11,1.09,1.14,1.09,15.00M,3.32%
9/7/2004,1.07,1.07,1.09,1.07,11.81M,0.00%
9/6/2004,1.07,1.07,1.08,1.07,3.33M,0.00%
9/5/2004,1.08,1.07,1.09,1.07,708.54K,0.00%
9/2/2004,1.07,1.07,1.07,1.07,3.08M,0.00%
9/1/2004,1.08,1.08,1.09,1.07,3.03M,-0.52%
8/31/2004,1.08,1.08,1.09,1.07,1.11M,-0.87%
8/30/2004,1.09,1.1,1.1,1.09,1.20M,0.00%
8/29/2004,1.09,1.08,1.1,1.08,468.52K,0.00%
8/26/2004,1.09,1.1,1.1,1.08,902.35K,-1.40%
8/25/2004,1.1,1.1,1.11,1.1,911.96K,0.63%
8/24/2004,1.09,1.09,1.1,1.08,1.93M,0.00%
8/23/2004,1.1,1.09,1.1,1.08,4.87M,1.92%
8/22/2004,1.07,1.07,1.09,1.07,1.33M,0.00%
8/19/2004,1.08,1.1,1.1,1.06,4.61M,-1.57%
8/18/2004,1.09,1.1,1.1,1.09,2.25M,-0.47%
8/17/2004,1.1,1.09,1.1,1.09,2.07M,0.00%
8/16/2004,1.1,1.1,1.11,1.09,3.30M,0.00%
8/15/2004,1.09,1.1,1.1,1.09,1.49M,0.87%
8/12/2004,1.09,1.08,1.09,1.08,716.20K,0.00%
8/11/2004,1.08,1.08,1.09,1.08,492.63K,0.00%
8/10/2004,1.08,1.09,1.09,1.08,1.63M,-0.71%
8/9/2004,1.09,1.09,1.09,1.09,1.59M,0.00%
8/8/2004,1.09,1.1,1.1,1.08,423.31K,0.00%
8/5/2004,1.1,1.1,1.1,1.09,3.07M,0.00%
8/4/2004,1.09,1.08,1.1,1.08,5.70M,1.56%
8/3/2004,1.08,1.07,1.08,1.07,3.17M,0.00%
8/2/2004,1.07,1.07,1.08,1.07,2.18M,0.00%
8/1/2004,1.07,1.07,1.08,1.07,731.65K,0.00%
7/29/2004,1.07,1.07,1.09,1.07,14.30M,0.00%
7/28/2004,1.07,1.09,1.09,1.07,7.06M,0.00%
7/27/2004,1.07,1.07,1.08,1.07,11.17M,0.00%
7/26/2004,1.07,1.07,1.07,1.06,2.32M,0.00%
7/25/2004,1.07,1.07,1.08,1.07,834.39K,0.00%
7/22/2004,1.07,1.07,1.1,1.06,33.20M,-1.46%
7/21/2004,1.09,1.09,1.1,1.07,9.19M,0.67%
7/20/2004,1.08,1.07,1.1,1.07,7.83M,1.00%
7/19/2004,1.07,1.05,1.08,1.05,14.35M,2.04%
7/18/2004,1.05,1.05,1.06,1.05,3.51M,0.66%
7/15/2004,1.04,1.04,1.05,1.04,8.61M,0.91%
7/14/2004,1.03,1.03,1.04,1.03,9.81M,1.18%
7/13/2004,1.02,1.04,1.04,1.02,4.61M,0.00%
7/12/2004,1.02,1.01,1.03,1.01,8.31M,1.27%
7/11/2004,1.01,1,1.03,1,3.12M,2.26%
7/8/2004,0.99,1,1,0.99,3.69M,-0.78%
7/7/2004,1,1,1,0.99,940.63K,0.78%
7/6/2004,0.99,1,1,0.99,5.34M,-1.20%
7/5/2004,1,1,1,1,2.46M,0.00%
7/4/2004,1,1,1.01,1,984.21K,0.52%
6/30/2004,1,1,1,0.99,1.06M,0.83%
6/29/2004,0.99,0.99,1,0.98,31.09M,0.00%
6/28/2004,0.99,1.01,1.01,0.98,4.36M,-1.07%
6/27/2004,1,1.01,1.01,0.99,1.78M,0.00%
6/24/2004,1,0.99,1,0.99,3.65M,2.34%
6/23/2004,0.97,0.98,0.98,0.97,5.32M,-1.56%
6/22/2004,0.99,0.99,1.01,0.98,3.49M,0.00%
6/21/2004,0.99,0.99,0.99,0.98,1.84M,0.00%
6/20/2004,0.98,0.99,0.99,0.98,1.03M,-1.17%
6/17/2004,0.99,1.01,1.01,0.99,924.03K,0.00%
6/16/2004,1,1,1,0.99,592.39K,-0.98%
6/15/2004,1.01,1.01,1.01,1,579.36K,-0.51%
6/14/2004,1.01,1.01,1.02,1.01,652.46K,-1.05%
6/13/2004,1.02,1.02,1.03,1.02,478.83K,-0.67%
6/10/2004,1.03,1.01,1.03,1.01,4.00M,1.79%
6/9/2004,1.01,1.01,1.03,1,5.28M,0.86%
6/8/2004,1,1,1.01,1,2.47M,0.95%
6/7/2004,0.99,0.99,1,0.99,1.34M,0.00%
6/6/2004,0.99,0.99,0.99,0.99,671.01K,0.00%
6/3/2004,0.99,1,1,0.99,3.21M,0.00%
6/2/2004,0.99,0.99,1,0.99,2.60M,0.00%
6/1/2004,0.99,1,1,0.99,1.13M,-0.90%
5/31/2004,1,1.01,1.01,1,412.16K,0.00%
5/30/2004,1,1,1.01,0.99,1.98M,1.04%
5/27/2004,0.99,1,1,0.99,920.73K,0.00%
5/26/2004,1,1,1,0.99,4.93M,0.83%
5/25/2004,0.99,0.98,1,0.98,3.88M,0.00%
5/24/2004,0.99,1,1,0.98,5.17M,-1.58%
5/23/2004,1.01,1.01,1.01,1,548.39K,0.00%
5/20/2004,1,1,1.01,0.99,983.56K,0.52%
5/19/2004,1,1,1.01,0.98,8.02M,-1.32%
5/18/2004,1.01,1.02,1.03,0.99,6.61M,-1.63%
5/17/2004,1.03,1.04,1.04,1.02,6.52M,-2.09%
5/16/2004,1.05,1.04,1.05,1.04,2.70M,0.00%
5/13/2004,1.05,1.05,1.05,1.04,4.00M,0.91%
5/12/2004,1.04,1.05,1.05,1.02,4.13M,-2.31%
5/11/2004,1.06,1.09,1.09,1.02,11.86M,-3.70%
5/10/2004,1.1,1.07,1.11,1.07,12.22M,2.31%
5/9/2004,1.08,1.08,1.09,1.07,2.01M,-1.06%
5/6/2004,1.09,1.09,1.11,1.07,4.24M,0.00%
5/5/2004,1.09,1.05,1.13,1.04,10.37M,4.84%
5/4/2004,1.04,1.03,1.05,1.03,4.46M,0.67%
5/3/2004,1.03,1.03,1.03,1.03,3.71M,0.00%
4/29/2004,1.03,1.02,1.04,1.02,3.57M,0.00%
4/28/2004,1.03,1.03,1.03,1.02,2.40M,-0.91%
4/27/2004,1.04,1.02,1.04,1.02,8.66M,2.68%
4/26/2004,1.01,1.02,1.02,1,2.99M,-0.80%
4/22/2004,1.02,1.02,1.03,1.01,2.16M,-1.04%
4/21/2004,1.03,1.03,1.04,1.02,3.32M,0.00%
4/20/2004,1.03,1.02,1.03,1.01,3.27M,0.93%
4/19/2004,1.02,1.01,1.02,1.01,4.33M,0.89%
4/18/2004,1.01,1.01,1.02,1.01,556.53K,0.00%
4/15/2004,1.01,1.01,1.02,1.01,9.99M,0.00%
4/14/2004,1.01,1.01,1.02,1,6.16M,0.00%
4/13/2004,1.01,1.01,1.02,1,3.81M,0.00%
4/8/2004,1.01,1.01,1.01,1,2.20M,0.00%
4/7/2004,1.01,1.01,1.01,1,1.74M,-0.80%
4/6/2004,1.01,1.03,1.03,1.01,4.57M,-0.96%
4/5/2004,1.02,1.03,1.03,1.01,3.25M,-0.71%
4/4/2004,1.03,1.05,1.05,1.03,2.17M,-0.87%
4/1/2004,1.04,1.04,1.05,1.03,1.67M,-0.57%
3/31/2004,1.05,1.03,1.06,1.02,7.63M,2.27%
3/30/2004,1.02,1.02,1.03,1.01,5.91M,3.03%
3/29/2004,0.99,0.99,1.01,0.98,6.19M,1.05%
3/28/2004,0.98,0.99,0.99,0.98,1.94M,-0.87%
3/25/2004,0.99,1,1,0.99,4.20M,-0.69%
3/24/2004,1,1.01,1.01,0.99,2.77M,0.00%
3/23/2004,1,1,1,0.99,8.28M,0.00%
3/22/2004,1,1,1.01,0.99,3.44M,-0.98%
3/21/2004,1.01,1.02,1.02,1,1.67M,-0.68%
3/18/2004,1.02,1.04,1.04,1,4.49M,-4.71%
3/17/2004,1.07,1.07,1.07,1.06,7.52M,0.00%
3/16/2004,1.07,1.07,1.09,1.06,9.72M,0.93%
3/15/2004,1.06,1.05,1.07,1.05,6.10M,0.00%
3/14/2004,1.05,1.05,1.06,1.05,1.91M,0.00%
3/11/2004,1.05,1.05,1.06,1.05,3.12M,0.00%
3/10/2004,1.05,1.06,1.06,1.05,1.39M,0.00%
3/9/2004,1.06,1.05,1.07,1.04,4.66M,0.86%
3/8/2004,1.05,1.04,1.05,1.03,3.63M,0.00%
3/7/2004,1.04,1.04,1.05,1.04,1.98M,0.79%
3/4/2004,1.04,1.04,1.04,1.03,4.67M,1.05%
3/3/2004,1.03,1,1.04,1.01,7.88M,3.87%
3/2/2004,0.99,0.98,1,0.98,2.45M,0.75%
3/1/2004,0.98,0.98,0.98,0.98,797.04K,0.00%
2/29/2004,0.98,0.99,0.99,0.97,3.31M,1.19%
2/26/2004,0.97,0.97,0.98,0.97,3.04M,-0.88%
2/25/2004,0.98,0.99,0.99,0.97,5.02M,0.00%
2/24/2004,0.98,0.97,0.99,0.97,4.47M,1.60%
2/23/2004,0.97,0.97,0.98,0.95,2.39M,-0.93%
2/22/2004,0.98,0.99,1,0.96,6.42M,-0.87%
2/19/2004,0.98,0.98,1.01,0.97,4.66M,4.19%
2/18/2004,0.94,0.93,0.97,0.92,21.76M,2.04%
2/17/2004,0.93,0.95,0.95,0.91,7.31M,-1.28%
2/16/2004,0.94,0.96,0.96,0.93,10.02M,-3.75%
2/15/2004,0.97,1.01,1.01,0.96,4.98M,-3.33%
2/12/2004,1.01,1.02,1.03,0.99,8.03M,-1.05%
2/11/2004,1.02,1.03,1.05,1,6.03M,-1.86%
2/10/2004,1.04,1.05,1.05,1.03,9.84M,-2.86%
2/9/2004,1.07,1.07,1.08,1.05,14.83M,0.00%
2/8/2004,1.07,1.07,1.08,1.06,3.89M,1.55%
2/5/2004,1.05,1.05,1.06,1.05,5.75M,0.57%
2/4/2004,1.05,1.05,1.06,1.04,2.30M,-0.81%
2/3/2004,1.06,1.06,1.07,1.04,4.66M,0.00%
1/29/2004,1.06,1.07,1.08,1.05,3.36M,0.00%
1/28/2004,1.06,1.07,1.08,1.04,4.48M,2.57%
1/27/2004,1.04,1.06,1.06,1.03,2.90M,-2.55%
1/26/2004,1.06,1.06,1.07,1.05,2.58M,-0.48%
1/25/2004,1.07,1.05,1.07,1.05,2.90M,-2.32%
1/22/2004,1.09,1.06,1.12,1.05,9.75M,3.71%
1/21/2004,1.05,1.03,1.07,1.03,8.28M,1.74%
1/20/2004,1.04,1.03,1.04,1.03,5.88M,0.50%
1/19/2004,1.03,1.03,1.03,1.03,5.93M,0.00%
1/18/2004,1.03,1.04,1.04,1.02,3.44M,0.00%
1/15/2004,1.03,1.03,1.03,1.02,3.36M,0.00%
1/14/2004,1.03,1.03,1.04,1.02,3.92M,0.00%
1/13/2004,1.03,1.04,1.04,1.02,5.93M,0.00%
1/12/2004,1.04,1.01,1.05,1.01,13.76M,5.42%
1/11/2004,0.98,0.97,1,0.97,10.96M,2.97%
1/8/2004,0.95,0.99,0.99,0.95,14.23M,0.00%
1/6/2004,0.95,0.95,0.98,0.94,17.85M,0.96%
1/5/2004,0.94,0.94,0.95,0.93,4.85M,0.00%
1/4/2004,0.94,0.95,0.96,0.93,3.75M,0.00%
12/31/2003,0.95,0.96,0.96,0.94,6.73M,0.00%
12/30/2003,0.95,0.93,0.96,0.92,4.24M,1.06%
12/29/2003,0.94,0.95,0.95,0.92,12.94M,0.00%
12/28/2003,0.94,0.96,0.96,0.93,6.38M,-1.51%
12/25/2003,0.95,0.93,0.96,0.93,2.08M,2.90%
12/24/2003,0.92,0.93,0.95,0.91,11.74M,-0.62%
12/23/2003,0.93,0.95,0.95,0.92,6.96M,-3.22%
12/22/2003,0.96,1,1,0.95,12.71M,-2.95%
12/21/2003,0.99,0.98,1,0.97,2.54M,2.28%
12/18/2003,0.97,0.99,0.99,0.96,6.15M,-2.68%
12/17/2003,1,1.02,1.03,0.99,7.24M,0.00%
12/16/2003,1,1.01,1.01,0.99,2.13M,0.00%
12/15/2003,1,1.01,1.01,0.99,1.63M,-0.85%
12/14/2003,1.01,0.99,1.01,0.99,213.49K,1.34%
12/11/2003,0.99,0.99,0.99,0.99,3.94M,-0.67%
12/10/2003,1,1,1,0.99,7.19M,-0.92%
12/9/2003,1.01,1.01,1.01,1.01,10.43M,0.00%
12/8/2003,1,1,1.01,1,4.27M,0.00%
12/7/2003,1,1.01,1.01,0.99,1.03M,-1.62%
12/4/2003,1.02,1.02,1.02,1.02,46.54K,0.00%
12/3/2003,1.02,1.02,1.02,1.01,2.22M,-1.15%
12/2/2003,1.03,1.03,1.03,1.02,2.96M,-0.85%
12/1/2003,1.04,1.03,1.05,1.03,5.69M,0.58%
11/30/2003,1.03,1.02,1.04,1.02,130.78K,0.00%
11/24/2003,1.03,1.03,1.03,1.02,2.85M,0.00%
11/23/2003,1.03,1.03,1.03,1.03,582.62K,1.27%
11/20/2003,1.02,1.03,1.03,1.01,2.39M,-2.25%
11/19/2003,1.04,1.03,1.05,1.03,6.56M,1.08%
11/18/2003,1.03,1.03,1.03,1.02,3.32M,2.02%
11/17/2003,1.01,1.01,1.03,1.01,4.97M,1.18%
11/16/2003,1,0.99,1,0.99,11.26K,-0.60%
11/13/2003,1,1.02,1.02,0.99,2.12M,-1.33%
11/12/2003,1.02,1.02,1.02,1.02,1.22M,0.00%
11/11/2003,1.02,1.02,1.02,1.02,4.41M,-0.92%
11/10/2003,1.03,1.02,1.03,1.02,942.49K,0.67%
11/9/2003,1.02,1.02,1.03,1.01,3.16M,1.53%
11/6/2003,1.01,1.01,1.01,0.99,5.20M,0.00%
11/5/2003,1,0.97,1.02,0.97,1.91M,3.78%
11/4/2003,0.97,0.95,0.97,0.95,2.58M,2.58%
11/3/2003,0.94,0.96,0.96,0.94,4.26M,-1.48%
11/2/2003,0.96,0.97,0.97,0.96,191.76K,-1.59%
10/30/2003,0.97,0.98,0.98,0.97,385.61K,-1.59%
10/29/2003,0.99,1,1,0.97,2.02M,-0.69%
10/28/2003,0.99,1.01,1.01,0.99,6.61K,-3.30%
10/27/2003,1.03,1.03,1.03,1.01,1.60M,0.00%
10/26/2003,1.03,1.03,1.03,1.03,128.74K,-1.15%
10/23/2003,1.04,1.05,1.05,1.04,2.05M,-0.59%
10/22/2003,1.05,1.05,1.06,1.04,728.39K,0.00%
10/21/2003,1.05,1.04,1.05,1.04,2.73M,0.00%
10/20/2003,1.05,1.05,1.05,1.05,1.20M,0.00%
10/19/2003,1.04,1.05,1.05,1.04,2.36M,-1.38%
10/16/2003,1.06,1.05,1.06,1.04,6.40M,0.98%
10/15/2003,1.05,1.03,1.06,1.03,4.94M,2.31%
10/14/2003,1.03,1.02,1.03,1.01,11.78M,-1.02%
10/13/2003,1.04,1.04,1.05,1.01,3.68M,1.01%
10/12/2003,1.03,1.01,1.04,1.01,4.42M,2.47%
10/9/2003,1,1,1.02,1,10.11M,0.00%
10/8/2003,1,0.99,1.01,0.99,8.24M,3.36%
10/7/2003,0.97,0.94,0.98,0.94,18.31M,2.53%
10/5/2003,0.94,0.95,0.95,0.93,2.90M,1.08%
10/2/2003,0.93,0.91,0.95,0.91,8.20M,2.24%
10/1/2003,0.91,0.91,0.92,0.9,2.17M,0.00%
9/30/2003,0.92,0.91,0.92,0.9,1.68M,0.97%
9/29/2003,0.91,0.91,0.92,0.9,6.81M,1.61%
9/28/2003,0.89,0.9,0.9,0.88,1.32M,-2.19%
9/25/2003,0.91,0.93,0.95,0.9,8.46M,-3.37%
9/24/2003,0.94,0.96,0.96,0.93,13.15M,-1.17%
9/23/2003,0.96,0.95,0.96,0.95,9.62M,-0.76%
9/22/2003,0.96,0.97,0.97,0.96,7.03M,-1.15%
9/21/2003,0.97,0.99,0.99,0.96,3.76M,0.00%
9/18/2003,0.97,0.97,0.99,0.97,8.32M,1.39%
9/17/2003,0.96,0.95,1,0.95,21.35M,4.56%
9/16/2003,0.92,0.88,0.95,0.88,26.93M,5.94%
9/15/2003,0.87,0.84,0.88,0.84,23.89M,5.21%
9/14/2003,0.82,0.83,0.83,0.82,504.34K,-0.90%
9/11/2003,0.83,0.82,0.83,0.82,9.57M,-0.62%
9/10/2003,0.84,0.84,0.84,0.83,5.08M,0.00%
9/9/2003,0.84,0.84,0.84,0.83,7.39M,0.00%
9/8/2003,0.84,0.84,0.84,0.84,1.48M,0.00%
9/7/2003,0.84,0.84,0.84,0.84,38.91K,0.00%
9/4/2003,0.84,0.84,0.85,0.84,11.23M,0.00%
9/3/2003,0.84,0.84,0.84,0.84,4.85M,0.00%
9/2/2003,0.84,0.84,0.84,0.84,11.27M,0.00%
9/1/2003,0.84,0.82,0.84,0.82,7.91M,0.00%
8/31/2003,0.84,0.84,0.84,0.83,5.01M,0.00%
8/28/2003,0.83,0.84,0.84,0.83,1.10M,0.00%
8/27/2003,0.84,0.83,0.84,0.83,6.98M,1.49%
8/26/2003,0.82,0.82,0.83,0.82,4.06M,0.00%
8/25/2003,0.82,0.82,0.82,0.82,2.09M,0.00%
8/24/2003,0.82,0.82,0.82,0.82,1.91M,-0.73%
8/21/2003,0.82,0.82,0.83,0.82,994.90K,0.97%
8/20/2003,0.82,0.81,0.82,0.81,4.44M,0.00%
8/19/2003,0.82,0.82,0.83,0.82,1.86M,0.00%
8/18/2003,0.82,0.82,0.82,0.82,1.01M,0.00%
8/17/2003,0.82,0.82,0.82,0.82,180.03K,0.00%
8/14/2003,0.82,0.83,0.83,0.81,365.64K,-0.71%
8/13/2003,0.82,0.81,0.83,0.81,2.51M,0.68%
8/12/2003,0.82,0.81,0.82,0.81,2.99M,0.00%
8/11/2003,0.82,0.81,0.82,0.8,2.05M,1.39%
8/10/2003,0.8,0.81,0.81,0.79,97.74K,1.24%
8/7/2003,0.79,0.79,0.79,0.79,749.34K,1.37%
8/6/2003,0.78,0.78,0.78,0.78,1.26M,0.00%
8/5/2003,0.78,0.78,0.78,0.78,670.12K,0.00%
8/4/2003,0.78,0.78,0.78,0.78,2.33M,0.00%
8/3/2003,0.78,0.78,0.79,0.78,1.03M,0.00%
7/31/2003,0.78,0.78,0.78,0.78,1.02M,-1.11%
7/30/2003,0.79,0.79,0.79,0.79,483.21K,1.01%
7/29/2003,0.79,0.79,0.79,0.78,3.58M,0.00%
7/28/2003,0.79,0.79,0.79,0.78,10.22M,0.00%
7/27/2003,0.79,0.78,0.8,0.78,6.12M,1.51%
7/24/2003,0.78,0.77,0.79,0.77,3.91M,0.00%
7/22/2003,0.78,0.79,0.79,0.78,832.65K,-1.38%
7/21/2003,0.79,0.8,0.8,0.79,1.32M,0.00%
7/20/2003,0.79,0.79,0.79,0.79,3.95M,1.18%
7/17/2003,0.79,0.79,0.79,0.78,991.87K,-0.65%
7/16/2003,0.79,0.8,0.81,0.78,3.94M,-5.37%
7/15/2003,0.84,0.84,0.84,0.8,8.60M,-0.89%
7/14/2003,0.84,0.84,0.86,0.83,3.61M,-0.93%
7/13/2003,0.85,0.85,0.86,0.84,2.56M,0.00%
7/10/2003,0.85,0.84,0.86,0.83,5.22M,0.73%
7/9/2003,0.85,0.84,0.85,0.84,1.72M,-0.93%
7/8/2003,0.86,0.83,0.86,0.83,11.32M,2.76%
7/7/2003,0.83,0.81,0.84,0.81,4.19M,3.39%
7/6/2003,0.81,0.8,0.81,0.8,666.12K,1.21%
7/3/2003,0.8,0.8,0.81,0.79,573.45K,0.00%
7/2/2003,0.8,0.8,0.8,0.79,3.06M,0.00%
6/30/2003,0.8,0.81,0.81,0.79,3.20M,-1.40%
6/29/2003,0.81,0.81,0.82,0.81,238.30K,0.00%
6/26/2003,0.81,0.81,0.82,0.81,4.52M,0.80%
6/25/2003,0.81,0.81,0.81,0.81,323.47K,-1.34%
6/24/2003,0.82,0.83,0.83,0.81,4.16M,-1.22%
6/23/2003,0.83,0.83,0.83,0.82,2.27M,0.00%
6/22/2003,0.83,0.83,0.83,0.82,372.34K,0.00%
6/19/2003,0.83,0.83,0.83,0.83,1.38M,0.00%
6/18/2003,0.83,0.83,0.83,0.82,1.39M,-1.13%
6/17/2003,0.84,0.83,0.84,0.83,2.71M,2.02%
6/16/2003,0.82,0.82,0.83,0.82,9.53M,0.00%
6/15/2003,0.82,0.82,0.82,0.82,3.12M,0.00%
6/12/2003,0.82,0.81,0.83,0.79,6.72M,1.55%
6/11/2003,0.8,0.8,0.81,0.8,4.04M,1.05%
6/10/2003,0.8,0.79,0.8,0.79,7.02M,0.00%
6/9/2003,0.79,0.78,0.79,0.78,1.21M,0.00%
6/8/2003,0.79,0.79,0.79,0.79,702.33K,0.00%
6/5/2003,0.8,0.78,0.8,0.78,943.19K,0.00%
6/4/2003,0.79,0.79,0.79,0.79,1.33M,0.00%
6/3/2003,0.79,0.79,0.79,0.79,1.05M,0.00%
6/2/2003,0.8,0.79,0.8,0.79,314.63K,0.00%
6/1/2003,0.8,0.79,0.81,0.79,1.15M,1.06%
5/29/2003,0.79,0.79,0.79,0.78,1.62M,-0.86%
5/28/2003,0.8,0.79,0.8,0.79,3.67M,-0.80%
5/27/2003,0.8,0.8,0.81,0.8,1.46M,1.11%
5/26/2003,0.79,0.79,0.79,0.79,2.36M,0.00%
5/25/2003,0.8,0.8,0.8,0.79,529.05K,-3.03%
5/22/2003,0.82,0.79,0.86,0.79,4.22M,6.13%
5/21/2003,0.77,0.76,0.79,0.76,3.00M,1.49%
5/20/2003,0.76,0.76,0.77,0.76,2.20M,1.05%
5/19/2003,0.75,0.75,0.76,0.75,248.07K,0.00%
5/18/2003,0.76,0.77,0.77,0.75,2.05M,-1.84%
5/15/2003,0.77,0.77,0.77,0.77,3.83M,0.00%
5/14/2003,0.77,0.76,0.77,0.76,1.88M,0.00%
5/12/2003,0.77,0.77,0.77,0.76,1.46M,0.00%
5/11/2003,0.77,0.77,0.78,0.76,2.06M,-1.16%
5/8/2003,0.78,0.77,0.78,0.77,5.72M,0.67%
5/7/2003,0.77,0.77,0.77,0.77,1.58M,0.00%
5/6/2003,0.77,0.76,0.77,0.76,1.09M,0.00%
5/5/2003,0.77,0.75,0.78,0.75,6.11M,2.64%
5/4/2003,0.75,0.75,0.75,0.74,404.64K,0.00%
4/30/2003,0.75,0.75,0.75,0.75,913.82K,0.00%
4/29/2003,0.75,0.75,0.76,0.74,3.96M,2.77%
4/24/2003,0.73,0.74,0.74,0.72,7.12M,0.00%
4/23/2003,0.73,0.74,0.75,0.7,5.67M,-3.00%
4/22/2003,0.75,0.75,0.75,0.75,2.59M,-1.93%
4/21/2003,0.77,0.77,0.77,0.76,1.26M,0.00%
4/20/2003,0.77,0.76,0.77,0.76,1.42M,1.42%
4/17/2003,0.76,0.75,0.77,0.74,7.70M,0.00%
4/16/2003,0.76,0.75,0.77,0.74,4.35M,-0.96%
4/15/2003,0.76,0.77,0.77,0.74,3.32M,0.00%
4/14/2003,0.76,0.73,0.78,0.73,8.39M,2.58%
4/13/2003,0.74,0.73,0.75,0.73,4.11M,1.71%
4/10/2003,0.73,0.71,0.73,0.71,5.61M,0.92%
4/9/2003,0.72,0.71,0.73,0.71,2.41M,-1.00%
4/8/2003,0.73,0.71,0.74,0.71,5.69M,0.83%
4/7/2003,0.72,0.71,0.74,0.71,9.31M,3.06%
4/6/2003,0.7,0.69,0.71,0.69,5.62M,2.57%
4/3/2003,0.68,0.67,0.69,0.67,4.47M,2.02%
4/2/2003,0.67,0.67,0.69,0.67,1.80M,1.13%
4/1/2003,0.66,0.66,0.67,0.66,2.41M,1.58%
3/31/2003,0.65,0.65,0.67,0.64,3.02M,0.00%
3/30/2003,0.65,0.65,0.66,0.64,881.98K,0.00%
3/27/2003,0.65,0.64,0.65,0.64,2.75M,1.01%
3/26/2003,0.64,0.63,0.64,0.63,1.23M,0.00%
3/25/2003,0.64,0.64,0.65,0.64,816.13K,0.00%
3/24/2003,0.64,0.64,0.65,0.63,1.82M,-2.12%
3/23/2003,0.66,0.65,0.67,0.64,2.47M,3.62%
3/20/2003,0.64,0.62,0.64,0.62,4.89M,2.57%
3/19/2003,0.62,0.61,0.62,0.61,3.33M,-1.50%
3/18/2003,0.63,0.64,0.67,0.61,777.12K,-10.41%
3/17/2003,0.7,0.69,0.71,0.69,3.16M,-0.88%
3/16/2003,0.71,0.72,0.73,0.69,1.22M,0.00%
3/13/2003,0.71,0.71,0.72,0.64,1.77M,-1.84%
3/12/2003,0.72,0.73,0.73,0.72,895.76K,-0.91%
3/11/2003,0.73,0.73,0.74,0.73,2.43M,-0.87%
3/10/2003,0.74,0.74,0.74,0.73,1.30M,0.00%
3/9/2003,0.74,0.74,0.74,0.74,3.32M,-1.60%
3/6/2003,0.75,0.75,0.75,0.75,3.86M,0.00%
3/5/2003,0.75,0.74,0.75,0.74,8.90M,0.89%
3/3/2003,0.74,0.74,0.75,0.74,1.32M,1.14%
3/2/2003,0.74,0.73,0.74,0.73,1.63M,0.00%
2/27/2003,0.74,0.75,0.75,0.73,13.70M,-0.95%
2/26/2003,0.75,0.75,0.75,0.74,5.70M,0.00%
2/25/2003,0.75,0.75,0.75,0.73,7.99M,0.00%
2/24/2003,0.75,0.75,0.76,0.74,4.70M,0.99%
2/23/2003,0.74,0.73,0.75,0.73,8.91M,3.27%
2/20/2003,0.72,0.69,0.73,0.69,7.43M,2.68%
2/19/2003,0.7,0.7,0.7,0.69,1.28M,0.00%
2/18/2003,0.7,0.7,0.71,0.7,1.75M,0.86%
2/17/2003,0.7,0.69,0.71,0.68,4.02M,-1.19%
2/16/2003,0.71,0.69,0.72,0.69,3.81M,6.08%
2/9/2003,0.66,0.67,0.67,0.66,2.67M,-1.50%
2/6/2003,0.67,0.71,0.71,0.66,4.80M,-7.37%
2/5/2003,0.73,0.77,0.77,0.71,12.93M,-7.27%
2/4/2003,0.79,0.82,0.82,0.77,16.49M,-2.79%
2/3/2003,0.81,0.84,0.84,0.75,19.47M,-6.65%
2/2/2003,0.87,0.77,0.9,0.77,26.33M,16.37%
1/30/2003,0.74,0.7,0.78,0.7,26.89M,13.36%
1/29/2003,0.66,0.6,0.71,0.6,23.16M,7.84%
1/28/2003,0.61,0.6,0.61,0.6,2.77M,0.93%
1/27/2003,0.6,0.6,0.61,0.6,3.27M,0.00%
1/26/2003,0.6,0.6,0.61,0.6,3.26M,1.63%
1/23/2003,0.59,0.6,0.6,0.59,2.79M,-0.90%
1/22/2003,0.6,0.59,0.6,0.59,4.81M,2.05%
1/21/2003,0.59,0.58,0.59,0.58,1.83M,0.00%
1/20/2003,0.59,0.59,0.59,0.58,1.37M,0.00%
1/19/2003,0.59,0.59,0.59,0.59,376.44K,0.00%
1/16/2003,0.58,0.59,0.59,0.58,420.28K,0.00%
1/15/2003,0.59,0.58,0.59,0.58,275.90K,0.00%
1/14/2003,0.59,0.58,0.6,0.58,2.98M,0.00%
1/13/2003,0.58,0.59,0.59,0.58,1.35M,0.00%
1/12/2003,0.59,0.59,0.59,0.59,1.22M,0.00%
1/9/2003,0.59,0.59,0.59,0.59,1.11M,-1.19%
1/8/2003,0.6,0.6,0.6,0.59,2.11M,0.00%
1/6/2003,0.6,0.59,0.6,0.59,1.54M,1.31%
1/5/2003,0.59,0.59,0.59,0.59,850.10K,0.00%
1/2/2003,0.59,0.58,0.59,0.58,70.98K,0.00%
12/31/2002,0.59,0.59,0.59,0.58,502.57K,0.00%
12/30/2002,0.58,0.58,0.59,0.58,2.49M,0.00%
12/29/2002,0.58,0.59,0.59,0.58,2.73M,-1.66%
12/26/2002,0.59,0.6,0.6,0.59,731.98K,-0.90%
12/25/2002,0.6,0.6,0.6,0.6,369.78K,0.00%
12/24/2002,0.6,0.6,0.61,0.6,3.60M,0.00%
12/23/2002,0.6,0.61,0.61,0.6,4.20M,-0.95%
12/22/2002,0.61,0.61,0.61,0.6,8.57M,0.00%
12/19/2002,0.6,0.6,0.61,0.6,2.55M,0.00%
12/18/2002,0.6,0.59,0.6,0.59,1.58M,0.00%
12/17/2002,0.6,0.6,0.6,0.59,2.62M,0.00%
12/16/2002,0.6,0.6,0.6,0.6,1.78M,0.00%
12/15/2002,0.61,0.59,0.61,0.59,2.65M,0.00%
12/12/2002,0.6,0.6,0.6,0.6,2.48M,0.00%
12/11/2002,0.6,0.59,0.6,0.59,2.52M,0.00%
12/10/2002,0.6,0.59,0.6,0.59,978.65K,0.00%
12/9/2002,0.59,0.59,0.6,0.59,1.90M,0.00%
12/4/2002,0.59,0.58,0.59,0.58,1.20M,0.00%
12/3/2002,0.58,0.58,0.59,0.58,975.07K,0.00%
12/2/2002,0.58,0.59,0.59,0.58,787.22K,-1.46%
12/1/2002,0.59,0.59,0.59,0.59,1.35M,1.67%
11/28/2002,0.58,0.58,0.58,0.58,870.91K,0.00%
11/27/2002,0.57,0.57,0.58,0.57,1.39M,0.00%
11/26/2002,0.57,0.57,0.58,0.57,697.07K,0.00%
11/25/2002,0.57,0.56,0.57,0.56,5.37M,2.36%
11/24/2002,0.56,0.55,0.56,0.55,372.39K,0.00%
11/21/2002,0.55,0.55,0.56,0.55,687.34K,0.00%
11/20/2002,0.55,0.56,0.56,0.55,1.35M,0.00%
11/19/2002,0.55,0.55,0.55,0.55,890.13K,0.00%
11/18/2002,0.55,0.55,0.55,0.55,460.59K,0.00%
11/17/2002,0.55,0.55,0.56,0.55,789.36K,-1.24%
11/14/2002,0.56,0.55,0.57,0.55,396.08K,1.49%
11/13/2002,0.55,0.55,0.55,0.55,1.97M,0.00%
11/12/2002,0.55,0.55,0.55,0.55,2.44M,0.00%
11/11/2002,0.55,0.55,0.55,0.55,3.69M,0.00%
11/10/2002,0.55,0.55,0.55,0.55,274.18K,0.00%
11/7/2002,0.55,0.55,0.55,0.55,3.60M,0.00%
11/6/2002,0.55,0.55,0.55,0.55,7.23M,-1.50%
11/5/2002,0.56,0.56,0.56,0.55,3.17M,-1.14%
11/4/2002,0.56,0.57,0.57,0.56,1.22M,0.00%
11/3/2002,0.57,0.57,0.57,0.56,1.57M,0.00%
10/31/2002,0.57,0.57,0.57,0.57,1.07M,0.00%
10/30/2002,0.57,0.57,0.57,0.56,2.25M,0.00%
10/29/2002,0.57,0.57,0.57,0.56,630.42K,0.00%
10/28/2002,0.57,0.58,0.58,0.57,2.91M,0.00%
10/27/2002,0.58,0.57,0.58,0.57,270.51K,-0.88%
10/24/2002,0.58,0.59,0.59,0.58,4.47M,0.00%
10/23/2002,0.58,0.58,0.59,0.58,135.67K,0.00%
10/22/2002,0.59,0.59,0.59,0.58,2.50M,0.00%
10/21/2002,0.59,0.58,0.59,0.58,917.08K,0.00%
10/20/2002,0.59,0.58,0.59,0.58,1.53M,1.30%
10/17/2002,0.58,0.58,0.58,0.57,1.26M,-1.10%
10/16/2002,0.58,0.59,0.59,0.58,1.01M,0.00%
10/15/2002,0.58,0.59,0.59,0.58,414.83K,0.00%
10/14/2002,0.59,0.59,0.59,0.58,549.67K,0.00%
10/13/2002,0.59,0.59,0.59,0.59,317.14K,-0.98%
10/10/2002,0.59,0.59,0.6,0.59,1.46M,0.00%
10/9/2002,0.59,0.59,0.59,0.59,460.35K,0.00%
10/8/2002,0.59,0.6,0.6,0.59,286.98K,0.00%
10/7/2002,0.6,0.6,0.6,0.59,1.98M,0.00%
10/3/2002,0.6,0.6,0.6,0.6,2.25M,-0.89%
10/2/2002,0.6,0.6,0.61,0.6,1.31M,0.00%
10/1/2002,0.6,0.6,0.6,0.6,650.81K,0.00%
9/30/2002,0.6,0.6,0.6,0.6,6.32M,0.97%
9/29/2002,0.6,0.6,0.6,0.6,833.25K,-0.96%
9/26/2002,0.6,0.6,0.6,0.6,6.67M,0.00%
9/25/2002,0.6,0.6,0.6,0.6,15.82M,0.00%
9/24/2002,0.6,0.6,0.6,0.6,1.26M,0.00%
9/23/2002,0.6,0.6,0.61,0.6,1.62M,0.00%
9/22/2002,0.6,0.6,0.6,0.6,731.65K,0.00%
9/19/2002,0.6,0.6,0.6,0.6,2.68M,0.00%
9/18/2002,0.6,0.6,0.6,0.59,3.49M,0.00%
9/17/2002,0.6,0.6,0.6,0.6,2.09M,0.00%
9/16/2002,0.6,0.59,0.6,0.59,1.83M,0.00%
9/15/2002,0.6,0.59,0.6,0.59,1.97M,0.00%
9/12/2002,0.59,0.59,0.59,0.59,925.03K,0.00%
9/11/2002,0.59,0.59,0.6,0.59,570.24K,0.00%
9/10/2002,0.59,0.6,0.6,0.59,1.40M,0.00%
9/9/2002,0.6,0.6,0.6,0.6,1.83M,0.00%
9/8/2002,0.6,0.59,0.6,0.59,602.08K,0.00%
9/5/2002,0.6,0.6,0.6,0.6,1.86M,0.00%
9/4/2002,0.6,0.59,0.6,0.59,14.11M,0.98%
9/3/2002,0.59,0.59,0.6,0.59,3.23M,0.00%
9/2/2002,0.59,0.6,0.6,0.59,603.66K,0.00%
9/1/2002,0.59,0.59,0.59,0.59,102.39K,0.00%
8/29/2002,0.6,0.6,0.6,0.59,1.16M,0.00%
8/28/2002,0.6,0.6,0.6,0.6,2.67M,0.00%
8/27/2002,0.6,0.6,0.6,0.6,423.07K,0.00%
8/26/2002,0.6,0.6,0.6,0.6,543.94K,0.00%
8/25/2002,0.59,0.6,0.6,0.59,439.73K,0.00%
8/22/2002,0.6,0.6,0.6,0.6,1.69M,0.00%
8/21/2002,0.59,0.59,0.6,0.59,1.41M,0.00%
8/20/2002,0.59,0.59,0.6,0.59,1.72M,0.00%
8/19/2002,0.59,0.59,0.59,0.59,90.76K,0.00%
8/18/2002,0.59,0.6,0.6,0.59,1.07M,0.00%
8/15/2002,0.59,0.59,0.59,0.59,102.02K,0.00%
8/14/2002,0.59,0.59,0.6,0.59,1.44M,-1.11%
8/13/2002,0.6,0.6,0.6,0.6,10.26M,0.00%
8/12/2002,0.6,0.6,0.6,0.6,152.01K,0.00%
8/11/2002,0.6,0.6,0.6,0.6,488.70K,-1.04%
8/8/2002,0.6,0.6,0.61,0.6,8.83M,-1.75%
8/7/2002,0.61,0.61,0.61,0.61,9.35M,0.00%
8/6/2002,0.61,0.61,0.62,0.6,1.63M,0.00%
8/5/2002,0.6,0.6,0.61,0.6,2.71M,0.00%
8/4/2002,0.6,0.6,0.61,0.6,318.35K,0.00%
8/1/2002,0.6,0.59,0.6,0.59,1.36M,1.49%
7/31/2002,0.59,0.59,0.6,0.59,3.69M,0.00%
7/30/2002,0.59,0.6,0.6,0.59,502.66K,-0.97%
7/29/2002,0.6,0.6,0.6,0.59,3.81M,-1.03%
7/28/2002,0.61,0.61,0.61,0.6,357.21K,0.00%
7/25/2002,0.6,0.6,0.61,0.6,1.72M,0.00%
7/24/2002,0.61,0.61,0.61,0.6,8.31M,-1.50%
7/22/2002,0.61,0.62,0.62,0.61,2.36M,-2.02%
7/21/2002,0.63,0.64,0.64,0.62,1.21M,-1.32%
7/18/2002,0.64,0.62,0.65,0.61,3.91M,3.03%
7/17/2002,0.62,0.61,0.62,0.61,1.89M,1.23%
7/16/2002,0.61,0.61,0.61,0.6,2.42M,-0.91%
7/15/2002,0.61,0.62,0.62,0.61,2.18M,1.06%
7/14/2002,0.61,0.6,0.62,0.6,2.04M,1.29%
7/11/2002,0.6,0.6,0.61,0.59,10.44M,0.00%
7/10/2002,0.6,0.6,0.6,0.6,984.14K,0.00%
7/9/2002,0.6,0.6,0.6,0.6,387.89K,0.00%
7/8/2002,0.6,0.6,0.6,0.6,795.32K,0.00%
7/7/2002,0.6,0.6,0.6,0.6,3.37M,0.00%
7/4/2002,0.6,0.6,0.6,0.6,7.45M,0.00%
7/3/2002,0.6,0.6,0.6,0.59,2.72M,0.00%
7/2/2002,0.6,0.6,0.6,0.6,1.33M,0.00%
6/30/2002,0.6,0.6,0.6,0.6,634.38K,0.00%
6/27/2002,0.6,0.6,0.6,0.6,2.60M,0.00%
6/26/2002,0.6,0.6,0.6,0.6,2.32M,0.00%
6/25/2002,0.6,0.6,0.6,0.6,2.04M,0.00%
6/24/2002,0.6,0.6,0.6,0.6,5.00M,0.00%
6/23/2002,0.6,0.6,0.6,0.6,874.68K,0.00%
6/20/2002,0.6,0.6,0.6,0.6,2.02M,0.00%
6/19/2002,0.6,0.6,0.6,0.6,4.43M,0.00%
6/18/2002,0.6,0.6,0.6,0.6,1.74M,0.00%
6/17/2002,0.6,0.6,0.6,0.6,1.06M,0.00%
6/16/2002,0.6,0.6,0.61,0.6,1.51M,0.00%
6/13/2002,0.6,0.6,0.6,0.6,1.53M,0.00%
6/12/2002,0.6,0.6,0.6,0.6,1.17M,0.00%
6/11/2002,0.6,0.6,0.6,0.6,777.54K,0.00%
6/10/2002,0.6,0.6,0.6,0.6,2.69M,-0.92%
6/9/2002,0.61,0.61,0.62,0.6,1.50M,0.89%
6/6/2002,0.6,0.6,0.61,0.59,1.97M,1.16%
6/5/2002,0.59,0.6,0.6,0.59,1.35M,0.00%
6/4/2002,0.59,0.59,0.6,0.59,321.14K,0.00%
6/3/2002,0.59,0.59,0.6,0.59,970.55K,0.00%
6/2/2002,0.59,0.6,0.6,0.59,703.40K,-0.93%
5/30/2002,0.6,0.6,0.6,0.6,3.67M,0.00%
5/29/2002,0.6,0.6,0.6,0.6,1.80M,0.00%
5/28/2002,0.6,0.6,0.6,0.6,2.28M,0.00%
5/27/2002,0.6,0.6,0.6,0.6,737.05K,0.00%
5/26/2002,0.6,0.6,0.6,0.6,1.17M,0.00%
5/23/2002,0.6,0.61,0.61,0.6,4.16M,-1.26%
5/22/2002,0.61,0.61,0.61,0.61,3.95M,0.00%
5/21/2002,0.61,0.61,0.61,0.61,1.18M,0.00%
5/20/2002,0.61,0.62,0.62,0.61,21.08M,-1.22%
5/19/2002,0.62,0.62,0.62,0.61,796.44K,0.00%
5/16/2002,0.62,0.62,0.62,0.62,4.77M,0.00%
5/15/2002,0.62,0.62,0.63,0.62,1.83M,0.00%
5/14/2002,0.62,0.62,0.63,0.62,36.42M,0.00%
5/13/2002,0.62,0.62,0.63,0.62,6.91M,0.00%
5/12/2002,0.62,0.62,0.62,0.62,2.49M,0.00%
5/9/2002,0.62,0.62,0.62,0.61,11.33M,0.00%
5/8/2002,0.62,0.62,0.62,0.61,1.92M,0.00%
5/7/2002,0.62,0.62,0.62,0.62,17.31M,0.00%
5/2/2002,0.62,0.62,0.62,0.61,4.92M,0.00%
4/30/2002,0.62,0.61,0.62,0.61,7.94M,1.13%
4/29/2002,0.61,0.61,0.61,0.61,16.11M,0.00%
4/28/2002,0.61,0.61,0.61,0.61,1.32M,0.00%
4/24/2002,0.61,0.61,0.61,0.61,10.24M,0.00%
4/23/2002,0.6,0.61,0.61,0.6,6.94M,-0.88%
4/22/2002,0.61,0.61,0.61,0.61,4.12M,-1.11%
4/21/2002,0.62,0.62,0.62,0.61,9.93M,3.76%
4/15/2002,0.59,0.6,0.6,0.59,8.35M,0.00%
4/14/2002,0.6,0.59,0.6,0.59,2.54M,-12.45%
4/11/2002,0.68,0.68,0.69,0.67,14.15M,0.00%
4/10/2002,0.69,0.69,0.69,0.68,7.74M,0.00%
4/9/2002,0.68,0.68,0.69,0.68,5.34M,0.76%
4/8/2002,0.68,0.67,0.68,0.67,2.64M,0.00%
4/7/2002,0.68,0.67,0.68,0.67,1.90M,0.00%
4/4/2002,0.67,0.67,0.68,0.67,4.61M,0.00%
4/3/2002,0.67,0.66,0.68,0.66,10.96M,1.56%
4/2/2002,0.66,0.66,0.67,0.65,11.14M,1.19%
4/1/2002,0.65,0.64,0.66,0.64,3.22M,0.00%
3/31/2002,0.65,0.67,0.67,0.64,15.05M,-3.64%
3/28/2002,0.68,0.68,0.68,0.68,2.30M,0.00%
3/27/2002,0.68,0.68,0.68,0.67,4.28M,0.00%
3/26/2002,0.67,0.68,0.68,0.67,2.56M,0.00%
3/25/2002,0.68,0.68,0.68,0.67,8.84M,0.00%
3/24/2002,0.67,0.67,0.68,0.67,4.79M,0.80%
3/21/2002,0.67,0.67,0.67,0.66,5.05M,0.00%
3/20/2002,0.66,0.67,0.67,0.66,7.56M,-1.72%
3/19/2002,0.67,0.68,0.68,0.67,16.56M,0.00%
3/18/2002,0.67,0.67,0.68,0.67,5.42M,0.00%
3/17/2002,0.67,0.67,0.67,0.67,971.11K,0.00%
3/14/2002,0.67,0.66,0.67,0.66,3.83M,0.00%
3/13/2002,0.67,0.67,0.68,0.66,6.61M,0.00%
3/12/2002,0.67,0.68,0.68,0.66,7.68M,-0.77%
3/11/2002,0.67,0.66,0.68,0.66,10.45M,1.92%
3/10/2002,0.66,0.66,0.66,0.66,2.19M,1.38%
3/7/2002,0.65,0.64,0.66,0.64,7.55M,1.54%
3/6/2002,0.64,0.64,0.64,0.64,5.39M,1.01%
3/5/2002,0.64,0.63,0.64,0.63,8.03M,2.04%
3/4/2002,0.62,0.62,0.63,0.62,2.17M,0.00%
3/3/2002,0.62,0.63,0.63,0.62,1.49M,0.00%
2/28/2002,0.63,0.62,0.63,0.62,1.35M,0.00%
2/27/2002,0.62,0.63,0.63,0.62,9.23M,-1.19%
2/26/2002,0.63,0.63,0.63,0.63,4.50M,0.00%
2/25/2002,0.63,0.63,0.63,0.62,3.74M,0.00%
2/20/2002,0.63,0.63,0.63,0.62,3.91M,0.00%
2/19/2002,0.63,0.62,0.63,0.62,6.47M,0.00%
2/18/2002,0.63,0.63,0.64,0.62,5.77M,-1.72%
2/17/2002,0.64,0.66,0.66,0.63,8.66M,0.00%
2/14/2002,0.63,0.63,0.63,0.63,15.27M,4.96%
2/13/2002,0.6,0.59,0.61,0.59,11.02M,1.82%
2/12/2002,0.59,0.59,0.6,0.59,5.66M,1.59%
2/11/2002,0.58,0.58,0.59,0.58,6.47M,-1.78%
2/10/2002,0.59,0.6,0.61,0.58,6.18M,-1.99%
2/7/2002,0.6,0.6,0.61,0.6,20.57M,4.96%
2/6/2002,0.58,0.56,0.59,0.56,8.47M,2.96%
2/5/2002,0.56,0.56,0.56,0.56,3.56M,0.00%
2/4/2002,0.56,0.56,0.56,0.55,4.39M,-0.99%
2/3/2002,0.56,0.57,0.57,0.56,4.12M,0.00%
1/31/2002,0.56,0.55,0.57,0.55,5.83M,0.00%
1/30/2002,0.56,0.56,0.56,0.55,4.75M,0.00%
1/29/2002,0.56,0.55,0.57,0.55,9.22M,1.13%
1/28/2002,0.55,0.57,0.57,0.55,11.11M,-3.45%
1/27/2002,0.57,0.58,0.58,0.56,4.73M,-2.13%
1/24/2002,0.59,0.59,0.59,0.58,2.27M,-1.23%
1/23/2002,0.59,0.6,0.6,0.59,3.88M,-0.93%
1/22/2002,0.6,0.59,0.6,0.59,4.76M,0.94%
1/21/2002,0.59,0.59,0.6,0.58,2.46M,0.00%
1/20/2002,0.59,0.6,0.6,0.58,7.26M,-1.37%
1/17/2002,0.6,0.6,0.6,0.6,3.79M,-1.03%
1/16/2002,0.6,0.6,0.61,0.6,2.90M,1.12%
1/15/2002,0.6,0.6,0.61,0.59,2.96M,-1.03%
1/14/2002,0.6,0.62,0.62,0.6,5.95M,-2.57%
1/13/2002,0.62,0.61,0.62,0.61,399.80K,0.00%
1/10/2002,0.62,0.61,0.62,0.61,2.10M,0.00%
1/9/2002,0.62,0.62,0.62,0.61,4.29M,-1.68%
1/8/2002,0.63,0.63,0.63,0.62,3.48M,0.00%
1/7/2002,0.62,0.63,0.63,0.62,6.76M,-1.63%
1/6/2002,0.63,0.63,0.64,0.63,8.15M,2.47%
1/3/2002,0.62,0.61,0.63,0.61,11.66M,1.80%
1/2/2002,0.61,0.6,0.61,0.6,8.99M,1.40%
12/31/2001,0.6,0.6,0.6,0.6,2.29M,0.00%
12/30/2001,0.6,0.6,0.61,0.6,3.54M,0.00%
12/27/2001,0.6,0.6,0.6,0.6,3.66M,0.00%
12/26/2001,0.6,0.59,0.6,0.59,6.02M,1.56%
12/25/2001,0.59,0.59,0.59,0.59,3.15M,0.00%
12/24/2001,0.59,0.59,0.59,0.59,8.44M,0.00%
12/23/2001,0.59,0.6,0.6,0.59,6.02M,0.00%
12/20/2001,0.59,0.58,0.6,0.58,9.13M,0.00%
12/19/2001,0.59,0.61,0.61,0.58,17.84M,-3.87%
12/13/2001,0.61,0.61,0.61,0.61,15.33M,0.00%
12/12/2001,0.61,0.61,0.62,0.61,5.30M,0.00%
12/11/2001,0.61,0.62,0.62,0.61,5.69M,0.00%
12/10/2001,0.61,0.61,0.62,0.61,6.59M,0.00%
12/9/2001,0.61,0.62,0.62,0.6,12.17M,-1.08%
12/6/2001,0.61,0.62,0.62,0.61,6.18M,0.00%
12/5/2001,0.61,0.62,0.62,0.61,8.02M,-1.11%
12/4/2001,0.62,0.62,0.62,0.61,3.28M,-2.10%
12/3/2001,0.63,0.66,0.66,0.62,15.27M,-3.37%
12/2/2001,0.66,0.64,0.66,0.64,6.63M,4.19%
11/29/2001,0.63,0.62,0.64,0.62,4.64M,1.98%
11/28/2001,0.62,0.61,0.64,0.61,8.37M,0.88%
11/27/2001,0.61,0.63,0.63,0.61,8.35M,0.00%
11/26/2001,0.62,0.62,0.62,0.61,4.31M,0.00%
11/25/2001,0.62,0.62,0.62,0.61,2.63M,-1.00%
11/22/2001,0.62,0.61,0.63,0.61,5.03M,0.00%
11/21/2001,0.62,0.63,0.64,0.61,19.70M,-4.00%
11/20/2001,0.64,0.65,0.65,0.64,4.00M,0.00%
11/19/2001,0.65,0.64,0.66,0.64,6.32M,0.00%
11/18/2001,0.64,0.66,0.66,0.64,6.21M,-1.90%
11/15/2001,0.66,0.67,0.67,0.65,6.35M,-2.73%
11/14/2001,0.68,0.69,0.69,0.67,6.82M,-2.21%
11/13/2001,0.69,0.7,0.7,0.69,3.63M,-1.08%
11/12/2001,0.7,0.7,0.71,0.7,2.34M,0.00%
11/11/2001,0.7,0.7,0.7,0.7,221.78K,0.00%
11/8/2001,0.7,0.7,0.7,0.7,777.17K,0.00%
11/7/2001,0.7,0.7,0.7,0.69,4.39M,0.00%
11/6/2001,0.7,0.7,0.7,0.7,4.88M,0.00%
11/5/2001,0.7,0.7,0.71,0.7,2.32M,0.80%
11/4/2001,0.7,0.7,0.71,0.69,3.38M,0.00%
11/1/2001,0.7,0.7,0.71,0.7,6.98M,0.00%
10/31/2001,0.7,0.7,0.71,0.7,3.11M,0.00%
10/30/2001,0.7,0.7,0.71,0.69,1.98M,1.18%
10/29/2001,0.69,0.7,0.7,0.69,5.44M,-0.98%
10/28/2001,0.7,0.7,0.7,0.7,1.32M,0.00%
10/25/2001,0.7,0.7,0.71,0.7,773.12K,-1.62%
10/23/2001,0.71,0.72,0.72,0.71,3.86M,-0.83%
10/22/2001,0.72,0.72,0.73,0.71,3.13M,0.00%
10/21/2001,0.72,0.72,0.72,0.71,3.38M,0.00%
10/18/2001,0.71,0.71,0.72,0.71,4.39M,0.79%
10/17/2001,0.71,0.7,0.71,0.7,2.83M,1.73%
10/16/2001,0.69,0.69,0.7,0.69,4.74M,-1.55%
10/15/2001,0.7,0.7,0.71,0.7,2.44M,0.00%
10/14/2001,0.7,0.69,0.71,0.69,3.24M,2.76%
10/11/2001,0.69,0.69,0.69,0.68,5.50M,0.00%
10/10/2001,0.68,0.7,0.7,0.68,6.27M,-0.87%
10/9/2001,0.69,0.69,0.7,0.68,7.23M,0.75%
10/8/2001,0.68,0.68,0.69,0.68,1.69M,0.00%
10/7/2001,0.69,0.68,0.69,0.68,434.48K,0.00%
10/4/2001,0.68,0.69,0.69,0.68,3.58M,0.00%
10/3/2001,0.69,0.69,0.7,0.68,1.76M,0.00%
10/2/2001,0.69,0.7,0.7,0.68,4.04M,-2.02%
10/1/2001,0.7,0.72,0.72,0.69,6.86M,-1.36%
9/30/2001,0.71,0.71,0.72,0.71,1.91M,0.97%
9/27/2001,0.71,0.71,0.72,0.7,1.44M,0.00%
9/26/2001,0.7,0.71,0.71,0.69,1.73M,-0.94%
9/25/2001,0.71,0.73,0.73,0.7,2.11M,0.00%
9/24/2001,0.71,0.71,0.72,0.71,2.32M,1.65%
9/23/2001,0.7,0.72,0.72,0.7,5.58M,-4.47%
9/20/2001,0.74,0.76,0.76,0.73,3.87M,-3.63%
9/19/2001,0.76,0.76,0.77,0.76,1.74M,4.53%
9/18/2001,0.73,0.73,0.76,0.7,4.13M,0.00%
9/17/2001,0.73,0.74,0.74,0.72,5.72M,-4.32%
9/16/2001,0.76,0.78,0.8,0.75,6.96M,-3.67%
9/13/2001,0.79,0.77,0.8,0.77,3.71M,1.58%
9/12/2001,0.78,0.81,0.81,0.78,6.52M,-4.94%
9/11/2001,0.82,0.81,0.83,0.81,2.39M,0.00%
9/10/2001,0.82,0.82,0.84,0.81,2.50M,0.00%
9/9/2001,0.82,0.82,0.84,0.81,1.63M,-3.10%
9/6/2001,0.85,0.86,0.87,0.82,3.99M,-2.02%
9/5/2001,0.86,0.84,0.88,0.84,7.30M,3.00%
9/4/2001,0.84,0.83,0.84,0.84,5.13M,0.00%
9/3/2001,0.83,0.82,0.84,0.82,6.77M,2.35%
9/2/2001,0.82,0.81,0.82,0.81,3.60M,1.04%
8/30/2001,0.81,0.79,0.82,0.8,4.77M,2.09%
8/29/2001,0.79,0.79,0.79,0.78,3.79M,0.00%
8/28/2001,0.79,0.79,0.79,0.79,2.64M,0.00%
8/27/2001,0.79,0.77,0.79,0.77,2.75M,0.00%
8/26/2001,0.78,0.77,0.78,0.77,2.44M,0.83%
8/23/2001,0.78,0.76,0.78,0.76,2.01M,1.60%
8/22/2001,0.76,0.76,0.77,0.76,4.28M,-1.20%
8/21/2001,0.77,0.77,0.78,0.77,7.31M,-1.45%
8/20/2001,0.78,0.78,0.79,0.77,6.61M,0.00%
8/19/2001,0.79,0.77,0.79,0.77,6.14M,2.76%
8/16/2001,0.76,0.76,0.77,0.76,3.40M,0.00%
8/15/2001,0.76,0.77,0.77,0.75,5.27M,-2.37%
8/14/2001,0.78,0.77,0.79,0.76,7.59M,1.79%
8/13/2001,0.77,0.74,0.77,0.74,7.71M,1.51%
8/12/2001,0.76,0.76,0.77,0.75,5.04M,0.00%
8/9/2001,0.75,0.74,0.76,0.74,7.66M,4.23%
8/8/2001,0.72,0.71,0.73,0.71,7.40M,3.68%
8/7/2001,0.7,0.7,0.7,0.68,3.46M,1.19%
8/6/2001,0.69,0.67,0.69,0.66,6.87M,3.80%
8/5/2001,0.66,0.67,0.67,0.66,938.44K,0.00%
8/2/2001,0.66,0.68,0.68,0.66,3.31M,0.00%
8/1/2001,0.66,0.66,0.67,0.65,580.26M,-1.73%
7/31/2001,0.67,0.69,0.69,0.67,3.37M,-4.35%
7/30/2001,0.7,0.7,0.71,0.7,4.07M,0.00%
7/29/2001,0.7,0.7,0.71,0.7,939.70K,0.00%
7/26/2001,0.7,0.72,0.72,0.7,2.13M,-2.38%
7/25/2001,0.72,0.73,0.73,0.71,3.73M,0.00%
7/24/2001,0.72,0.72,0.73,0.71,2.92M,0.97%
7/22/2001,0.71,0.71,0.72,0.71,1.27M,0.00%
7/19/2001,0.71,0.72,0.72,0.7,2.41M,0.00%
7/18/2001,0.71,0.7,0.71,0.69,2.85M,0.92%
7/17/2001,0.7,0.71,0.72,0.69,3.50M,-4.15%
7/16/2001,0.73,0.74,0.74,0.72,1.25M,-2.05%
7/15/2001,0.74,0.74,0.75,0.74,2.85M,-1.39%
7/12/2001,0.76,0.76,0.76,0.75,1.34M,0.00%
7/11/2001,0.76,0.76,0.76,0.75,3.88M,-1.60%
7/10/2001,0.77,0.77,0.77,0.76,2.93M,0.00%
7/9/2001,0.77,0.77,0.77,0.76,2.62M,0.00%
7/8/2001,0.77,0.76,0.77,0.76,5.01M,1.21%
7/5/2001,0.76,0.77,0.78,0.76,2.46M,-1.28%
7/4/2001,0.77,0.77,0.78,0.77,4.39M,1.64%
7/3/2001,0.76,0.74,0.77,0.74,5.11M,1.35%
7/2/2001,0.75,0.75,0.76,0.74,4.68M,1.10%
6/28/2001,0.74,0.74,0.74,0.74,2.25M,0.00%
6/27/2001,0.74,0.74,0.74,0.74,11.36M,0.00%
6/26/2001,0.74,0.74,0.74,0.74,2.59M,0.00%
6/25/2001,0.74,0.73,0.74,0.73,6.71M,1.21%
6/24/2001,0.73,0.74,0.74,0.71,2.72M,-1.53%
6/21/2001,0.74,0.74,0.75,0.74,9.58M,0.00%
6/20/2001,0.74,0.74,0.74,0.74,5.00M,0.00%
6/19/2001,0.74,0.74,0.74,0.74,3.82M,0.00%
6/18/2001,0.74,0.73,0.75,0.73,3.26M,0.00%
6/17/2001,0.74,0.73,0.74,0.73,1.11M,0.00%
6/14/2001,0.74,0.74,0.74,0.74,2.44M,0.00%
6/13/2001,0.74,0.75,0.75,0.74,5.30M,0.00%
6/12/2001,0.74,0.74,0.75,0.73,5.01M,2.56%
6/11/2001,0.72,0.72,0.73,0.72,6.32M,0.87%
6/10/2001,0.72,0.73,0.73,0.7,3.36M,-1.56%
6/7/2001,0.73,0.72,0.73,0.72,2.75M,0.00%
6/6/2001,0.73,0.72,0.73,0.72,6.61M,0.00%
6/5/2001,0.73,0.73,0.74,0.72,6.31M,0.00%
6/3/2001,0.73,0.74,0.74,0.72,1.49M,-2.14%
5/31/2001,0.74,0.75,0.76,0.74,4.29M,-1.20%
5/30/2001,0.75,0.75,0.76,0.75,2.62M,-1.16%
5/29/2001,0.76,0.76,0.77,0.76,3.45M,0.00%
5/28/2001,0.77,0.77,0.77,0.76,1.50M,0.00%
5/27/2001,0.76,0.76,0.77,0.76,1.19M,0.79%
5/24/2001,0.76,0.76,0.77,0.75,2.57M,0.92%
5/23/2001,0.75,0.75,0.75,0.74,4.14M,0.00%
5/22/2001,0.75,0.75,0.76,0.75,2.30M,0.00%
5/21/2001,0.76,0.74,0.77,0.74,5.66M,1.76%
5/20/2001,0.74,0.74,0.75,0.74,1.07M,-0.89%
5/17/2001,0.75,0.75,0.75,0.75,5.35M,0.00%
5/16/2001,0.75,0.75,0.76,0.75,2.64M,0.00%
5/15/2001,0.76,0.76,0.76,0.75,2.84M,-0.71%
5/14/2001,0.76,0.77,0.77,0.75,1.78M,0.00%
5/13/2001,0.76,0.76,0.77,0.76,2.23M,1.43%
5/10/2001,0.75,0.75,0.76,0.75,3.00M,0.00%
5/9/2001,0.75,0.75,0.75,0.75,3.80M,0.00%
5/8/2001,0.75,0.74,0.76,0.74,12.91M,1.33%
5/7/2001,0.74,0.73,0.75,0.73,6.87M,1.23%
5/6/2001,0.73,0.74,0.75,0.73,2.35M,-1.24%
5/3/2001,0.74,0.74,0.75,0.74,4.73M,0.00%
5/2/2001,0.74,0.72,0.75,0.72,7.60M,-7.62%
4/30/2001,0.8,0.81,0.81,0.8,7.91M,-0.85%
4/29/2001,0.81,0.81,0.82,0.8,4.10M,0.00%
4/26/2001,0.81,0.8,0.82,0.8,10.45M,1.84%
4/24/2001,0.8,0.79,0.81,0.79,4.17M,0.00%
4/23/2001,0.79,0.79,0.8,0.78,3.77M,0.99%
4/22/2001,0.78,0.78,0.79,0.77,2.35M,1.50%
4/19/2001,0.77,0.77,0.78,0.77,3.04M,2.92%
4/18/2001,0.75,0.76,0.76,0.74,4.09M,-1.33%
4/17/2001,0.76,0.76,0.77,0.75,4.04M,-2.83%
4/12/2001,0.78,0.78,0.79,0.76,6.42M,0.75%
4/11/2001,0.78,0.78,0.78,0.76,5.90M,4.36%
4/10/2001,0.74,0.74,0.75,0.74,3.73M,0.00%
4/9/2001,0.74,0.73,0.76,0.73,6.07M,1.29%
4/8/2001,0.73,0.73,0.74,0.72,1.35M,0.77%
4/5/2001,0.73,0.74,0.74,0.72,1.25M,-0.73%
4/4/2001,0.73,0.73,0.74,0.73,2.10M,0.00%
4/3/2001,0.73,0.72,0.74,0.72,2.72M,3.09%
4/2/2001,0.71,0.71,0.72,0.7,3.38M,0.82%
4/1/2001,0.7,0.71,0.72,0.7,2.34M,-2.18%
3/29/2001,0.72,0.71,0.72,0.71,1.46M,-1.44%
3/28/2001,0.73,0.73,0.74,0.73,3.08M,0.00%
3/27/2001,0.73,0.73,0.74,0.73,7.10M,0.00%
3/25/2001,0.73,0.73,0.74,0.73,686.27K,0.00%
3/22/2001,0.73,0.73,0.73,0.73,1.07M,-0.85%
3/21/2001,0.74,0.72,0.74,0.72,2.36M,0.00%
3/20/2001,0.73,0.73,0.75,0.73,5.07M,1.70%
3/19/2001,0.72,0.72,0.74,0.71,4.17M,0.00%
3/18/2001,0.72,0.74,0.74,0.71,5.15M,-3.04%
3/15/2001,0.74,0.75,0.75,0.74,4.07M,-1.85%
3/14/2001,0.76,0.76,0.77,0.75,1.61M,0.00%
3/13/2001,0.76,0.76,0.77,0.75,5.20M,-2.39%
3/12/2001,0.77,0.77,0.78,0.77,2.92M,0.00%
3/11/2001,0.77,0.76,0.78,0.76,1.69M,-1.32%
3/8/2001,0.78,0.78,0.8,0.78,1.78M,-1.00%
3/7/2001,0.79,0.78,0.79,0.78,3.72M,4.25%
3/1/2001,0.76,0.76,0.76,0.75,2.28M,0.00%
2/28/2001,0.76,0.77,0.77,0.75,2.99M,-1.75%
2/27/2001,0.77,0.79,0.79,0.76,7.37M,2.57%
2/26/2001,0.75,0.75,0.77,0.74,8.62M,-2.80%
2/25/2001,0.77,0.77,0.77,0.77,5.77M,-4.98%
2/22/2001,0.81,0.83,0.83,0.81,9.64M,-1.94%
2/21/2001,0.83,0.84,0.84,0.83,1.77M,-0.82%
2/20/2001,0.84,0.83,0.85,0.83,789.36K,0.83%
2/19/2001,0.83,0.83,0.84,0.83,800.02K,-0.69%
2/18/2001,0.84,0.83,0.84,0.83,1.01M,-1.14%
2/15/2001,0.85,0.85,0.86,0.83,2.78M,1.89%
2/14/2001,0.83,0.83,0.84,0.82,5.82M,0.00%
2/13/2001,0.83,0.84,0.84,0.82,9.50M,-2.75%
2/12/2001,0.85,0.87,0.87,0.84,6.49M,-1.76%
2/11/2001,0.87,0.86,0.87,0.86,814.50K,-1.20%
2/8/2001,0.88,0.88,0.88,0.87,6.20M,0.00%
2/7/2001,0.88,0.88,0.89,0.88,9.10M,0.00%
2/6/2001,0.88,0.88,0.89,0.87,10.10M,0.00%
2/5/2001,0.88,0.87,0.89,0.86,9.52M,1.24%
2/4/2001,0.87,0.87,0.88,0.86,3.78M,0.00%
2/1/2001,0.87,0.86,0.88,0.86,6.03M,1.05%
1/31/2001,0.86,0.85,0.87,0.84,8.77M,2.69%
1/30/2001,0.84,0.84,0.84,0.82,4.78M,-2.08%
1/29/2001,0.86,0.86,0.86,0.84,5.60M,-1.65%
1/28/2001,0.87,0.84,0.88,0.84,12.17M,3.71%
1/25/2001,0.84,0.82,0.86,0.82,13.16M,2.44%
1/24/2001,0.82,0.81,0.83,0.81,12.20M,2.20%
1/23/2001,0.8,0.81,0.81,0.79,2.59M,-1.17%
1/22/2001,0.81,0.81,0.82,0.8,2.34M,1.18%
1/21/2001,0.8,0.81,0.81,0.79,2.23M,-1.09%
1/18/2001,0.81,0.8,0.82,0.8,3.22M,0.00%
1/17/2001,0.81,0.79,0.82,0.79,5.90M,0.00%
1/16/2001,0.8,0.79,0.81,0.79,3.42M,-1.37%
1/15/2001,0.82,0.82,0.83,0.81,6.58M,0.00%
1/14/2001,0.81,0.8,0.82,0.79,4.25M,2.08%
1/11/2001,0.79,0.77,0.8,0.77,11.83M,3.88%
1/10/2001,0.76,0.76,0.77,0.76,3.43M,0.00%
1/9/2001,0.76,0.75,0.77,0.75,3.22M,0.00%
1/8/2001,0.76,0.76,0.77,0.75,3.96M,1.14%
1/7/2001,0.75,0.75,0.76,0.75,1.82M,0.00%
1/4/2001,0.75,0.75,0.75,0.75,1.01M,0.00%
1/3/2001,0.75,0.75,0.76,0.74,2.33M,-1.78%
1/2/2001,0.76,0.76,0.77,0.76,2.26M,0.00%
12/31/2000,0.76,0.76,0.77,0.75,1.16M,1.09%
12/26/2000,0.75,0.75,0.76,0.75,549.20K,0.00%
12/25/2000,0.75,0.76,0.76,0.75,795.04K,0.00%
12/24/2000,0.75,0.75,0.75,0.74,1.37M,0.00%
12/21/2000,0.75,0.75,0.75,0.75,402.59K,-2.18%
12/20/2000,0.77,0.77,0.77,0.76,1.11M,2.55%
12/19/2000,0.75,0.75,0.75,0.74,1.72M,-1.16%
12/18/2000,0.76,0.76,0.76,0.75,3.96M,0.83%
12/17/2000,0.75,0.76,0.76,0.75,1.11M,-0.85%
12/14/2000,0.76,0.76,0.77,0.75,1.12M,0.00%
12/13/2000,0.76,0.76,0.77,0.76,2.03M,-0.73%
12/12/2000,0.77,0.76,0.77,0.76,2.76M,0.00%
12/11/2000,0.76,0.76,0.76,0.76,1.20M,-1.34%
12/10/2000,0.77,0.76,0.78,0.76,2.36M,1.47%
12/7/2000,0.76,0.76,0.76,0.75,1.59M,0.94%
12/6/2000,0.75,0.75,0.77,0.75,5.92M,0.00%
12/5/2000,0.75,0.76,0.76,0.74,2.23M,-1.69%
12/4/2000,0.76,0.76,0.77,0.76,5.65M,0.79%
12/3/2000,0.76,0.75,0.76,0.75,1.55M,-1.04%
11/30/2000,0.77,0.77,0.77,0.76,3.79M,-1.98%
11/29/2000,0.78,0.75,0.78,0.75,3.04M,2.11%
11/28/2000,0.76,0.78,0.78,0.76,1.95M,-3.42%
11/27/2000,0.79,0.8,0.8,0.78,3.79M,-0.73%
11/26/2000,0.8,0.79,0.81,0.78,4.61M,2.68%
11/23/2000,0.78,0.78,0.78,0.77,4.34M,4.78%
11/22/2000,0.74,0.73,0.78,0.73,16.81M,-4.11%
11/21/2000,0.77,0.81,0.81,0.77,4.29M,-4.89%
11/20/2000,0.81,0.82,0.83,0.8,10.98M,0.00%
11/19/2000,0.81,0.82,0.84,0.79,13.79M,1.01%
11/16/2000,0.81,0.77,0.81,0.77,19.91M,4.78%
11/15/2000,0.77,0.73,0.78,0.73,21.03M,3.68%
11/14/2000,0.74,0.74,0.75,0.73,5.33M,-2.70%
11/13/2000,0.76,0.75,0.77,0.74,7.86M,0.97%
11/12/2000,0.76,0.73,0.76,0.73,17.97M,4.52%
11/9/2000,0.72,0.73,0.73,0.72,6.06M,0.00%
11/8/2000,0.72,0.71,0.73,0.71,2.63M,0.00%
11/7/2000,0.72,0.72,0.73,0.71,4.35M,0.00%
11/6/2000,0.72,0.71,0.73,0.71,3.28M,0.99%
11/5/2000,0.71,0.71,0.73,0.71,3.79M,1.81%
11/2/2000,0.7,0.71,0.72,0.69,3.49M,-1.24%
11/1/2000,0.71,0.69,0.73,0.69,4.35M,0.79%
10/31/2000,0.71,0.69,0.71,0.69,1.03M,1.42%
10/30/2000,0.7,0.67,0.71,0.67,14.11M,3.29%
10/29/2000,0.67,0.69,0.7,0.67,7.01M,-3.42%
10/26/2000,0.7,0.71,0.71,0.68,6.83M,-3.28%
10/25/2000,0.72,0.7,0.73,0.7,3.73M,4.26%
10/24/2000,0.69,0.69,0.71,0.69,8.32M,-4.96%
10/23/2000,0.73,0.73,0.75,0.71,8.85M,-3.20%
10/22/2000,0.75,0.75,0.75,0.74,14.17M,4.95%
10/19/2000,0.72,0.7,0.76,0.69,14.64M,-1.13%
10/18/2000,0.72,0.73,0.73,0.7,14.31M,4.27%
10/17/2000,0.69,0.7,0.7,0.67,9.98M,4.02%
10/16/2000,0.67,0.67,0.67,0.67,2.16M,4.96%
10/15/2000,0.64,0.58,0.64,0.58,2.98M,4.37%
10/12/2000,0.61,0.62,0.62,0.6,7.35M,-2.74%
10/11/2000,0.63,0.62,0.64,0.62,6.95M,-2.57%
10/10/2000,0.64,0.64,0.65,0.63,6.24M,0.84%
10/9/2000,0.64,0.62,0.64,0.62,6.58M,2.20%
10/8/2000,0.62,0.62,0.63,0.62,4.61M,-1.36%
10/4/2000,0.63,0.63,0.64,0.63,6.57M,-1.96%
10/3/2000,0.65,0.66,0.66,0.64,2.70M,-1.12%
10/2/2000,0.65,0.63,0.66,0.62,7.42M,3.86%
10/1/2000,0.63,0.63,0.64,0.62,2.95M,-2.63%
9/28/2000,0.65,0.66,0.66,0.64,7.62M,-2.05%
9/27/2000,0.66,0.67,0.67,0.65,3.47M,-0.97%
9/26/2000,0.67,0.68,0.68,0.66,2.65M,-1.28%
9/25/2000,0.67,0.68,0.68,0.67,3.38M,0.00%
9/24/2000,0.68,0.69,0.69,0.67,3.19M,-0.76%
9/21/2000,0.68,0.67,0.69,0.67,5.99M,2.16%
9/20/2000,0.67,0.66,0.68,0.65,2.65M,0.00%
9/19/2000,0.67,0.68,0.69,0.66,4.45M,0.00%
9/18/2000,0.66,0.68,0.68,0.66,8.92M,-3.53%
9/17/2000,0.69,0.69,0.7,0.68,4.50M,-2.29%
9/14/2000,0.7,0.71,0.73,0.69,5.94M,-1.33%
9/13/2000,0.71,0.73,0.73,0.7,10.09M,-3.83%
9/12/2000,0.74,0.75,0.76,0.73,10.07M,0.00%
9/11/2000,0.74,0.76,0.76,0.74,7.79M,-2.59%
9/10/2000,0.76,0.78,0.78,0.76,6.13M,-1.08%
9/7/2000,0.77,0.76,0.78,0.76,10.25M,0.81%
9/6/2000,0.77,0.77,0.78,0.76,5.32M,0.00%
9/5/2000,0.76,0.76,0.77,0.75,5.71M,0.94%
9/4/2000,0.76,0.75,0.77,0.75,5.81M,1.29%
9/3/2000,0.75,0.73,0.76,0.73,3.04M,1.67%
8/31/2000,0.74,0.73,0.74,0.72,5.25M,1.48%
8/30/2000,0.72,0.73,0.73,0.72,9.14M,-3.38%
8/29/2000,0.75,0.75,0.78,0.73,13.91M,0.00%
8/28/2000,0.75,0.76,0.77,0.74,4.26M,-1.39%
8/27/2000,0.76,0.75,0.76,0.74,10.68M,2.03%
8/24/2000,0.74,0.73,0.76,0.73,17.31M,0.00%
8/23/2000,0.74,0.72,0.75,0.72,9.14M,3.30%
8/22/2000,0.72,0.71,0.73,0.7,12.75M,-1.13%
8/21/2000,0.72,0.76,0.76,0.7,25.34M,0.00%
8/20/2000,0.73,0.73,0.73,0.71,7.84M,4.86%
8/17/2000,0.69,0.7,0.71,0.67,11.26M,0.00%
8/16/2000,0.69,0.68,0.7,0.68,5.85M,4.48%
8/15/2000,0.66,0.64,0.67,0.63,5.82M,2.32%
8/14/2000,0.65,0.66,0.67,0.64,22.63M,1.79%
8/13/2000,0.64,0.62,0.64,0.61,13.93M,3.86%
8/10/2000,0.61,0.6,0.62,0.6,20.57M,0.00%
8/9/2000,0.61,0.6,0.63,0.6,8.97M,1.86%
8/8/2000,0.6,0.6,0.62,0.6,14.43M,-4.66%
8/7/2000,0.63,0.65,0.68,0.62,15.87M,-3.55%
8/6/2000,0.65,0.66,0.67,0.65,1.25M,0.00%
8/3/2000,0.66,0.66,0.67,0.65,2.70M,0.00%
8/2/2000,0.66,0.68,0.68,0.65,2.87M,-3.36%
8/1/2000,0.68,0.71,0.71,0.66,5.49M,-2.92%
7/31/2000,0.7,0.69,0.7,0.67,7.88M,4.50%
7/30/2000,0.67,0.69,0.69,0.63,8.43M,2.20%
7/27/2000,0.65,0.67,0.67,0.65,5.91M,-4.99%
7/26/2000,0.69,0.72,0.72,0.68,9.53M,-3.93%
7/25/2000,0.72,0.72,0.73,0.71,3.66M,0.00%
7/24/2000,0.72,0.72,0.73,0.71,5.92M,-1.33%
7/20/2000,0.73,0.74,0.74,0.72,4.95M,-3.30%
7/19/2000,0.75,0.75,0.76,0.75,3.23M,0.00%
7/18/2000,0.75,0.73,0.77,0.73,4.61M,3.06%
7/17/2000,0.73,0.73,0.73,0.73,483.58K,-0.76%
7/16/2000,0.74,0.73,0.74,0.73,1.22M,0.00%
7/13/2000,0.73,0.74,0.74,0.73,4.33M,-1.56%
7/12/2000,0.75,0.76,0.76,0.73,5.44M,-2.20%
7/11/2000,0.76,0.76,0.77,0.76,2.22M,0.00%
7/10/2000,0.76,0.76,0.77,0.76,2.31M,-0.84%
7/9/2000,0.77,0.77,0.77,0.77,,1.36%
7/6/2000,0.76,0.76,0.77,0.75,3.24M,-1.40%
7/5/2000,0.77,0.77,0.79,0.75,3.22M,2.37%
7/4/2000,0.75,0.75,0.78,0.75,8.04M,-4.79%
7/3/2000,0.79,0.82,0.82,0.78,4.51M,-3.92%
7/2/2000,0.82,0.79,0.84,0.79,4.65M,2.77%
6/29/2000,0.8,0.8,0.81,0.79,4.89M,0.00%
6/28/2000,0.8,0.79,0.81,0.78,11.76M,3.83%
6/27/2000,0.77,0.77,0.78,0.77,9.03M,0.00%
6/26/2000,0.77,0.78,0.78,0.77,16.62M,0.00%
6/25/2000,0.77,0.77,0.79,0.77,488.05K,-2.51%
6/22/2000,0.79,0.79,0.8,0.79,3.55M,0.00%
6/21/2000,0.79,0.77,0.8,0.77,12.31M,0.88%
6/20/2000,0.79,0.79,0.8,0.77,10.31M,-1.11%
6/19/2000,0.79,0.77,0.8,0.77,18.80M,3.47%
6/18/2000,0.77,0.76,0.77,0.76,506.71K,-1.73%
6/14/2000,0.78,0.78,0.79,0.77,2.43M,-1.84%
6/13/2000,0.8,0.79,0.8,0.79,13.68M,2.69%
6/12/2000,0.77,0.77,0.79,0.76,6.73M,0.00%
6/11/2000,0.77,0.77,0.78,0.76,1.95M,-2.04%
6/8/2000,0.79,0.78,0.79,0.78,2.41M,1.52%
6/7/2000,0.78,0.76,0.79,0.76,11.79M,1.77%
6/6/2000,0.76,0.76,0.77,0.76,7.15M,0.00%
6/5/2000,0.76,0.76,0.77,0.76,2.32M,0.00%
6/4/2000,0.76,0.76,0.76,0.76,6.76M,0.00%
6/1/2000,0.76,0.76,0.77,0.75,5.08M,0.00%
5/31/2000,0.77,0.76,0.77,0.76,1.90M,0.00%
5/30/2000,0.76,0.77,0.77,0.76,6.99M,-1.66%
5/29/2000,0.77,0.77,0.78,0.77,2.50M,0.00%
5/28/2000,0.78,0.77,0.79,0.76,2.65M,0.72%
5/25/2000,0.77,0.77,0.77,0.77,4.89M,0.00%
5/24/2000,0.78,0.79,0.79,0.76,4.64M,-2.33%
5/23/2000,0.79,0.8,0.81,0.79,1.89M,0.00%
5/22/2000,0.79,0.79,0.8,0.79,2.71M,0.00%
5/21/2000,0.79,0.79,0.8,0.79,2.78M,0.00%
5/18/2000,0.79,0.82,0.82,0.79,9.10M,-4.92%
5/17/2000,0.83,0.85,0.85,0.82,6.81M,0.75%
5/16/2000,0.83,0.81,0.84,0.81,15.86M,3.79%
5/15/2000,0.8,0.79,0.81,0.79,6.79M,1.06%
5/14/2000,0.79,0.77,0.79,0.77,4.39M,0.00%
5/11/2000,0.79,0.79,0.8,0.79,1.60M,0.00%
5/10/2000,0.8,0.8,0.8,0.79,2.40M,-0.72%
5/9/2000,0.8,0.8,0.81,0.79,9.39M,1.72%
5/8/2000,0.79,0.79,0.8,0.78,6.46M,0.69%
5/7/2000,0.78,0.78,0.79,0.77,2.13M,0.00%
5/4/2000,0.79,0.78,0.79,0.78,5.64M,1.98%
5/3/2000,0.77,0.77,0.78,0.76,5.34M,-2.63%
5/2/2000,0.79,0.79,0.8,0.77,9.97M,-1.50%
4/27/2000,0.8,0.8,0.8,0.79,18.73M,10.07%
4/24/2000,0.73,0.73,0.77,0.71,9.76M,-2.67%
4/23/2000,0.75,0.76,0.78,0.74,7.19M,-4.36%
4/20/2000,0.78,0.8,0.8,0.76,10.16M,-1.96%
4/19/2000,0.8,0.82,0.82,0.79,8.24M,-9.35%
4/18/2000,0.88,0.88,0.89,0.87,9.85M,3.06%
4/17/2000,0.86,0.86,0.88,0.84,7.71M,0.00%
4/16/2000,0.86,0.86,0.89,0.85,12.79M,-3.62%
4/13/2000,0.89,0.88,0.9,0.88,9.79M,1.37%
4/12/2000,0.88,0.88,0.9,0.87,7.25M,0.00%
4/11/2000,0.87,0.86,0.88,0.86,8.28M,2.01%
4/10/2000,0.86,0.86,0.88,0.84,13.89M,-0.92%
4/9/2000,0.86,0.89,0.89,0.86,4.90M,-2.45%
4/5/2000,0.89,0.88,0.89,0.88,5.76M,0.00%
4/4/2000,0.88,0.9,0.9,0.87,6.79M,-0.63%
4/3/2000,0.89,0.88,0.9,0.88,8.24M,2.23%
4/2/2000,0.87,0.88,0.89,0.85,7.40M,0.00%
3/30/2000,0.87,0.85,0.88,0.84,18.82M,2.82%
3/29/2000,0.85,0.86,0.86,0.84,6.58M,-3.00%
3/28/2000,0.87,0.88,0.89,0.85,10.91M,1.52%
3/27/2000,0.86,0.83,0.87,0.83,15.18M,3.33%
3/26/2000,0.83,0.82,0.84,0.82,6.66M,2.46%
3/23/2000,0.81,0.79,0.82,0.79,5.14M,1.67%
3/22/2000,0.8,0.81,0.81,0.79,2.95M,-1.12%
3/21/2000,0.81,0.82,0.82,0.8,5.22M,-0.97%
3/20/2000,0.82,0.82,0.84,0.81,2.90M,0.00%
3/19/2000,0.82,0.84,0.84,0.81,8.00M,-1.35%
3/14/2000,0.83,0.84,0.84,0.82,6.69M,0.00%
3/13/2000,0.83,0.83,0.84,0.82,6.82M,-0.72%
3/12/2000,0.83,0.84,0.84,0.83,5.84M,-1.37%
3/9/2000,0.85,0.88,0.88,0.83,19.51M,0.61%
3/8/2000,0.84,0.85,0.85,0.82,9.89M,4.23%
3/7/2000,0.81,0.77,0.81,0.79,6.46M,4.33%
3/6/2000,0.77,0.77,0.78,0.76,5.25M,-2.04%
3/5/2000,0.79,0.81,0.82,0.79,8.43M,-3.37%
3/2/2000,0.82,0.84,0.85,0.82,6.94M,-3.58%
3/1/2000,0.85,0.82,0.85,0.82,19.95M,3.11%
2/29/2000,0.82,0.84,0.84,0.82,12.99M,-2.70%
2/28/2000,0.84,0.9,0.9,0.83,20.82M,-2.77%
2/27/2000,0.87,0.89,0.89,0.84,17.82M,1.92%
2/24/2000,0.85,0.88,0.88,0.84,14.38M,-4.06%
2/23/2000,0.89,0.91,0.91,0.88,8.00M,-3.46%
2/22/2000,0.92,0.93,0.93,0.9,6.79M,-1.47%
2/21/2000,0.93,0.97,0.97,0.92,12.71M,-1.83%
2/20/2000,0.95,0.99,0.99,0.94,16.52M,-3.91%
2/17/2000,0.99,1,1,0.98,17.58M,-1.20%
2/16/2000,1,1.01,1.02,0.98,14.49M,-0.98%
2/15/2000,1.01,1.02,1.02,1,5.16M,-1.09%
2/14/2000,1.02,1.03,1.04,1.01,9.46M,0.00%
2/13/2000,1.03,1.03,1.04,1.01,4.47M,-1.73%
2/10/2000,1.04,1.03,1.05,1.03,18.48M,0.71%
2/9/2000,1.04,1.06,1.06,1.03,6.58M,-0.58%
2/8/2000,1.04,1.03,1.05,1.03,6.65M,4.12%
2/7/2000,1,1.01,1.03,0.99,16.08M,0.00%
2/6/2000,1,1.02,1.03,0.99,9.34M,-1.08%
2/3/2000,1.01,0.99,1.04,0.99,5.85M,0.00%
2/2/2000,1.01,1.03,1.03,0.99,14.06M,-2.72%
2/1/2000,1.04,1.05,1.05,1.03,11.76M,-1.21%
1/31/2000,1.05,1.03,1.06,1.03,17.13M,3.48%
1/30/2000,1.01,1.01,1.03,1,14.69M,-3.46%
1/27/2000,1.05,1.09,1.09,1.04,16.40M,-4.22%
1/26/2000,1.1,1.11,1.12,1.09,11.53M,-1.60%
1/25/2000,1.11,1.1,1.14,1.09,12.43M,1.53%
1/24/2000,1.1,1.1,1.12,1.09,6.05M,-0.84%
1/23/2000,1.11,1.13,1.13,1.1,14.81M,-2.35%
1/20/2000,1.13,1.14,1.14,1.13,4.34M,-1.92%
1/19/2000,1.15,1.14,1.16,1.14,9.68M,1.66%
1/18/2000,1.14,1.13,1.14,1.12,7.16M,-0.56%
1/17/2000,1.14,1.14,1.16,1.13,9.34M,1.53%
1/16/2000,1.13,1.13,1.14,1.1,11.57M,-1.08%
1/13/2000,1.14,1.15,1.15,1.13,15.06M,-1.38%
1/12/2000,1.15,1.18,1.18,1.14,11.46M,-2.47%
1/11/2000,1.18,1.18,1.19,1.16,30.34M,4.01%
1/6/2000,1.14,1.12,1.17,1.1,10.09M,0.00%
1/5/2000,1.13,1.17,1.17,1.12,21.54M,-3.98%
1/4/2000,1.18,1.16,1.2,1.14,20.19M,1.64%
1/3/2000,1.16,1.17,1.17,1.12,22.83M,4.16%
1/2/2000,1.12,1.08,1.13,1.07,7.48M,3.65%
